query,docid,rating
What genres is the 1995 film Waiting to Exhale categorized under?,id:movies:movie::4,2
What genres does Toy Story (1995) belong to?,id:movies:movie::1,2
What genres does Cutthroat Island (1995) belong to?,id:movies:movie::15,2
Which genres are listed for The American President (1995)?,id:movies:movie::11,2
What genres is Heat (1995) categorized under?,id:movies:movie::6,2
What genres does Cutthroat Island (1995) belong to?,id:movies:movie::477,0
What genres does Cutthroat Island (1995) belong to?,id:movies:movie::27899,0
What genres does Cutthroat Island (1995) belong to?,id:movies:movie::115122,0
Animation,id:movies:movie::720,2
Animation,id:movies:movie::1,2
Animation,id:movies:movie::13,2
Animation,id:movies:movie::48,2
Children,id:movies:movie::6427,2
Children,id:movies:movie::1,2
Children,id:movies:movie::8,2
Children,id:movies:movie::2,2
Adventure,id:movies:movie::828,2
Adventure,id:movies:movie::940,2
Adventure,id:movies:movie::2133,2
Adventure,id:movies:movie::4467,2
Comedy,id:movies:movie::159069,2
Comedy,id:movies:movie::132888,2
Comedy,id:movies:movie::163527,2
Comedy,id:movies:movie::6001,2
What genres is the 1995 film Waiting to Exhale categorized under?,id:movies:movie::86068,0
What genres is the 1995 film Waiting to Exhale categorized under?,id:movies:movie::91483,0
What genres is the 1995 film Waiting to Exhale categorized under?,id:movies:movie::134004,0
What genres does Toy Story (1995) belong to?,id:movies:movie::477,0
What genres does Toy Story (1995) belong to?,id:movies:movie::3114,1
What genres does Toy Story (1995) belong to?,id:movies:movie::78499,1
Action,id:movies:movie::3710,2
Action,id:movies:movie::485,2
Action,id:movies:movie::3766,2
Action,id:movies:movie::3768,2
Which genres are listed for The American President (1995)?,id:movies:movie::80126,0
Which genres are listed for The American President (1995)?,id:movies:movie::86290,0
Which genres are listed for The American President (1995)?,id:movies:movie::3674,0
What genres is Heat (1995) categorized under?,id:movies:movie::134004,0
What genres is Heat (1995) categorized under?,id:movies:movie::204,0
What genres is Heat (1995) categorized under?,id:movies:movie::5028,0
What genres does Waiting to Exhale (1995) belong to?,id:movies:movie::4,2
"What is Toy Story (1995), the children's animated adventure comedy fantasy film?",id:movies:movie::1,2
What genres is Cutthroat Island (1995) listed under?,id:movies:movie::15,2
"What genres does American President, The (1995) belong to?",id:movies:movie::11,2
What genres is the 1995 movie Heat classified under?,id:movies:movie::6,2
What genres does Waiting to Exhale (1995) belong to?,id:movies:movie::105037,0
What genres does Waiting to Exhale (1995) belong to?,id:movies:movie::45,0
What genres does Waiting to Exhale (1995) belong to?,id:movies:movie::477,0
What genres is Cutthroat Island (1995) listed under?,id:movies:movie::134004,0
What genres is Cutthroat Island (1995) listed under?,id:movies:movie::204,0
What genres is Cutthroat Island (1995) listed under?,id:movies:movie::5028,0
"What genres does American President, The (1995) belong to?",id:movies:movie::27899,0
"What genres does American President, The (1995) belong to?",id:movies:movie::115122,0
"What genres does American President, The (1995) belong to?",id:movies:movie::477,0
What genres is the 1995 movie Heat classified under?,id:movies:movie::134004,0
What genres is the 1995 movie Heat classified under?,id:movies:movie::27899,0
What genres is the 1995 movie Heat classified under?,id:movies:movie::103372,0
"What is Toy Story (1995), the children's animated adventure comedy fantasy film?",id:movies:movie::78499,0
"What is Toy Story (1995), the children's animated adventure comedy fantasy film?",id:movies:movie::3114,0
"What is Toy Story (1995), the children's animated adventure comedy fantasy film?",id:movies:movie::79139,0
Which genres describe Waiting to Exhale (1995)?,id:movies:movie::4,2
What genres are listed for Toy Story (1995)?,id:movies:movie::1,2
"What is the genre lineup for Cutthroat Island (1995)—Action, Adventure, and Romance?",id:movies:movie::15,2
What genres is The American President (1995) categorized under?,id:movies:movie::11,2
Which genres does Heat (1995) belong to?,id:movies:movie::6,2
Which genres describe Waiting to Exhale (1995)?,id:movies:movie::45,0
Which genres describe Waiting to Exhale (1995)?,id:movies:movie::203,0
Which genres describe Waiting to Exhale (1995)?,id:movies:movie::1449,0
What genres is The American President (1995) categorized under?,id:movies:movie::134004,0
What genres is The American President (1995) categorized under?,id:movies:movie::27899,0
What genres is The American President (1995) categorized under?,id:movies:movie::204,0
Which genres does Heat (1995) belong to?,id:movies:movie::105037,0
Which genres does Heat (1995) belong to?,id:movies:movie::45,0
Which genres does Heat (1995) belong to?,id:movies:movie::203,0
"What is the genre lineup for Cutthroat Island (1995)—Action, Adventure, and Romance?",id:movies:movie::940,0
"What is the genre lineup for Cutthroat Island (1995)—Action, Adventure, and Romance?",id:movies:movie::2406,0
"What is the genre lineup for Cutthroat Island (1995)—Action, Adventure, and Romance?",id:movies:movie::53140,0
What genres are listed for Toy Story (1995)?,id:movies:movie::3114,1
What genres are listed for Toy Story (1995)?,id:movies:movie::78499,1
What genres are listed for Toy Story (1995)?,id:movies:movie::3326,0
List the genres for the 1995 film Waiting to Exhale.,id:movies:movie::4,2
Is Waiting to Exhale a romantic comedy-drama from 1995?,id:movies:movie::4,2
What is the release year and genre mix for Waiting to Exhale?,id:movies:movie::4,2
"Which 1995 movie has the genres Comedy, Drama, and Romance?",id:movies:movie::4,2
Name the three genres associated with Waiting to Exhale.,id:movies:movie::4,2
Describe Waiting to Exhale by its genre classification.,id:movies:movie::4,2
"Give me the genre combination for Waiting to Exhale, released in 1995.",id:movies:movie::4,2
Is Toy Story (1995) classified as both animated and a comedy?,id:movies:movie::1,2
Would Toy Story (1995) be considered a children's film based on its genres?,id:movies:movie::1,2
What is the document ID for Toy Story (1995)?,id:movies:movie::1,2
How many genres are associated with Toy Story (1995)?,id:movies:movie::1,2
Do the genres of Toy Story (1995) include Adventure and Fantasy?,id:movies:movie::1,2
What is the full list of genres for Toy Story (1995)?,id:movies:movie::1,2
What is the title of the film described by the document with ID id:movies:movie::1?,id:movies:movie::1,2
What genres classify Cutthroat Island (1995)?,id:movies:movie::15,2
When was Cutthroat Island released?,id:movies:movie::15,2
Is Cutthroat Island an action movie?,id:movies:movie::15,2
Would Cutthroat Island be considered an adventure film?,id:movies:movie::15,2
Does the film Cutthroat Island include romance as a genre?,id:movies:movie::15,2
"Which film from 1995 features action, adventure, and romance?",id:movies:movie::15,2
What is the genre profile of Cutthroat Island?,id:movies:movie::15,2
Is there a romance element in the 1995 movie Cutthroat Island?,id:movies:movie::15,2
What genres does The American President (1995) belong to?,id:movies:movie::11,2
"Is The American President (1995) a comedy, drama, and romance film?",id:movies:movie::11,2
Which genres are listed for The American President (1995) movie?,id:movies:movie::11,2
Give me the genre categories for The American President (1995) film.,id:movies:movie::11,2
Tell me about The American President (1995) in terms of its genre classification.,id:movies:movie::11,2
What year and genres describe The American President (1995)?,id:movies:movie::11,2
Provide the genres for the film The American President released in 1995.,id:movies:movie::11,2
How is The American President (1995) categorized by genre in the record?,id:movies:movie::11,2
What is the internal document ID for Heat (1995)?,id:movies:movie::6,2
What is the full title and year of the movie Heat (1995)?,id:movies:movie::6,2
Which genres are listed for Heat (1995)?,id:movies:movie::6,2
Is Heat (1995) categorized as Action?,id:movies:movie::6,2
Is Heat (1995) categorized as Crime?,id:movies:movie::6,2
Is Heat (1995) categorized as Thriller?,id:movies:movie::6,2
How many genres does Heat (1995) have?,id:movies:movie::6,2
What field stores the genre information for Heat (1995) in this document?,id:movies:movie::6,2
What is the 1995 action film Sudden Death about?,id:movies:movie::9,2
When was Sudden Death released and what genre is it?,id:movies:movie::9,2
Tell me about Sudden Death (1995) and its action classification.,id:movies:movie::9,2
Is Sudden Death a 1995 action movie?,id:movies:movie::9,2
Provide information on the film Sudden Death from 1995 in the action genre.,id:movies:movie::9,2
Search results for Sudden Death (1995) in the action category.,id:movies:movie::9,2
What year and genre does Sudden Death belong to?,id:movies:movie::9,2
"Give me basic details for Sudden Death, the 1995 action film.",id:movies:movie::9,2
What year was the movie Tom and Huck released?,id:movies:movie::8,2
What genres is Tom and Huck (1995) categorized under?,id:movies:movie::8,2
Is Tom and Huck (1995) considered a children's movie?,id:movies:movie::8,2
Is the film Tom and Huck (1995) classified as adventure?,id:movies:movie::8,2
What are the two genres listed for Tom and Huck (1995)?,id:movies:movie::8,2
What is the document ID for the movie Tom and Huck (1995)?,id:movies:movie::8,2
What are the exact title and release year of the movie described in the document?,id:movies:movie::8,2
Which movie in the document has the title Tom and Huck and a 1995 release date?,id:movies:movie::8,2
"What is the title of the movie described in this document, and what year is included in the title?",id:movies:movie::7,2
Which genres are listed for Sabrina (1995) in this entry?,id:movies:movie::7,2
Is Sabrina (1995) categorized as both comedy and romance according to the document?,id:movies:movie::7,2
What is the document ID for the Sabrina (1995) movie?,id:movies:movie::7,2
"If I’m looking for films that combine humor and love, would Sabrina (1995) fit based on the genres in this document?",id:movies:movie::7,2
How is the film Sabrina displayed in the title field of this record?,id:movies:movie::7,2
Name the two genres associated with the Sabrina (1995) entry.,id:movies:movie::7,2
What is the exact film title as stored in the dataset for document id id:movies:movie::7?,id:movies:movie::7,2
What genres are associated with GoldenEye (1995)?,id:movies:movie::10,2
"In what year was GoldenEye released, and what genres does it have?",id:movies:movie::10,2
Is GoldenEye (1995) an action movie?,id:movies:movie::10,2
"What is the full genre lineup for GoldenEye, the 1995 film?",id:movies:movie::10,2
Describe GoldenEye (1995) and its adventure and thriller classifications.,id:movies:movie::10,2
"Which 1995 film is titled GoldenEye and includes action, adventure, and thriller?",id:movies:movie::10,2
What is the title and genre mix of the 1995 film GoldenEye?,id:movies:movie::10,2
Tell me about the movie GoldenEye from 1995 and its genres.,id:movies:movie::10,2
What genres does Casino (1995) belong to?,id:movies:movie::16,2
What year is denoted in the film title Casino (1995)?,id:movies:movie::16,2
What is the document identifier for the Casino (1995) movie?,id:movies:movie::16,2
"Does the Casino (1995) entry categorize the film as crime, drama, or both?",id:movies:movie::16,2
Which movie is associated with the document ID id:movies:movie::16?,id:movies:movie::16,2
What is the exact title tied to the document ID id:movies:movie::16?,id:movies:movie::16,2
"If I search for a film with Crime and Drama as its genres, which movie would I get from this document?",id:movies:movie::16,2
What are the two genres listed for the film Casino (1995)?,id:movies:movie::16,2
What is the title of the film described in the document?,id:movies:movie::14,2
In what year is the Nixon film listed?,id:movies:movie::14,2
What genre is Nixon (1995) categorized under?,id:movies:movie::14,2
What is the document ID for Nixon (1995)?,id:movies:movie::14,2
"From Nixon's document ID, which collection does the entry belong to?",id:movies:movie::14,2
"From Nixon's document ID, what is the type indicated after the collection?",id:movies:movie::14,2
Which field in the document holds the genre information for Nixon (1995)?,id:movies:movie::14,2
Can you summarize the Nixon (1995) entry as it appears in the document?,id:movies:movie::14,2
What genres are listed for Jumanji (1995)?,id:movies:movie::2,2
In what year was Jumanji released?,id:movies:movie::2,2
"What is the title of the 1995 film that is categorized as Adventure, Children, and Fantasy?",id:movies:movie::2,2
Which genres accompany the 1995 Jumanji movie?,id:movies:movie::2,2
What is the document ID for the Jumanji movie described here?,id:movies:movie::2,2
Is Jumanji (1995) considered a children's movie based on its genres?,id:movies:movie::2,2
How would you summarize the genre mix of Jumanji (1995)?,id:movies:movie::2,2
What genres are associated with the film identified by id:movies:movie::2?,id:movies:movie::2,2
What year was Father of the Bride Part II released?,id:movies:movie::5,2
What genre is Father of the Bride Part II (1995)?,id:movies:movie::5,2
What is the exact title of the 1995 comedy film in the document?,id:movies:movie::5,2
What is the document ID for Father of the Bride Part II?,id:movies:movie::5,2
How is the sequel indicated in the film's title?,id:movies:movie::5,2
Which 1995 comedy film has Part II in its title?,id:movies:movie::5,2
What media type is Father of the Bride Part II categorized as in the dataset?,id:movies:movie::5,2
What is the year-genre combination listed for Father of the Bride Part II?,id:movies:movie::5,2
What year was Balto released?,id:movies:movie::13,2
What genres describe Balto (1995)?,id:movies:movie::13,2
Is Balto (1995) an animated film?,id:movies:movie::13,2
Is Balto (1995) intended for children?,id:movies:movie::13,2
Does Balto (1995) belong to the adventure genre?,id:movies:movie::13,2
Is Balto (1995) categorized as animation for kids?,id:movies:movie::13,2
What is Balto (1995) classified as in terms of genre?,id:movies:movie::13,2
"Which movie released in 1995 has the genres Adventure, Animation, and Children?",id:movies:movie::13,2
What genre mix is Dracula: Dead and Loving It (1995) classified under?,id:movies:movie::12,2
In what year was Dracula: Dead and Loving It released?,id:movies:movie::12,2
What is the full title of the movie linked to the document ID id:movies:movie::12?,id:movies:movie::12,2
Which genres are listed for Dracula: Dead and Loving It?,id:movies:movie::12,2
Describe Dracula: Dead and Loving It using its comedy and horror genres.,id:movies:movie::12,2
What is the internal document ID for Dracula: Dead and Loving It?,id:movies:movie::12,2
Is Dracula: Dead and Loving It categorized under both comedy and horror?,id:movies:movie::12,2
What is the title of the film released in 1995 that blends horror and comedy?,id:movies:movie::12,2
What year was Grumpier Old Men released?,id:movies:movie::3,2
What genres are listed for Grumpier Old Men?,id:movies:movie::3,2
Is Grumpier Old Men described as a comedy film?,id:movies:movie::3,2
Is Grumpier Old Men described as a romance film?,id:movies:movie::3,2
Is Grumpier Old Men a romantic comedy?,id:movies:movie::3,2
What is the genre pairing for Grumpier Old Men (1995)?,id:movies:movie::3,2
Which 1995 movie combines comedy and romance?,id:movies:movie::3,2
Grumpier Old Men (1995): what two genres is it categorized under?,id:movies:movie::3,2
What genres are listed for Sense and Sensibility (1995)?,id:movies:movie::17,2
What year is shown in the Sense and Sensibility title in the document?,id:movies:movie::17,2
What is the document ID for Sense and Sensibility (1995)?,id:movies:movie::17,2
Which film entry in the document has the genres Drama and Romance?,id:movies:movie::17,2
What is the exact title of the movie entry that includes the year 1995?,id:movies:movie::17,2
How is Sense and Sensibility (1995) categorized in the dataset's metadata?,id:movies:movie::17,2
Which movie in this document is labeled as belonging to both Drama and Romance?,id:movies:movie::17,2
What two genres are associated with Sense and Sensibility in the document?,id:movies:movie::17,2
What is the title of the movie described in the document with the ID id:movies:movie::19?,id:movies:movie::19,2
In what year was Ace Ventura: When Nature Calls released?,id:movies:movie::19,2
What genre is Ace Ventura: When Nature Calls categorized as?,id:movies:movie::19,2
Which film in the document is a 1995 comedy?,id:movies:movie::19,2
What is the full display title of the 1995 comedy film Ace Ventura: When Nature Calls?,id:movies:movie::19,2
What is the document ID for the film Ace Ventura: When Nature Calls?,id:movies:movie::19,2
Which movie is identified by the document ID id:movies:movie::19?,id:movies:movie::19,2
What basic details does the document provide about Ace Ventura: When Nature Calls?,id:movies:movie::19,2
What genres does Get Shorty (1995) belong to?,id:movies:movie::21,2
What year is indicated in the movie title Get Shorty (1995)?,id:movies:movie::21,2
What is the internal document ID for the Get Shorty movie entry?,id:movies:movie::21,2
What is the exact title of the movie associated with the ID id:movies:movie::21?,id:movies:movie::21,2
How many genres are listed for Get Shorty (1995)?,id:movies:movie::21,2
"Which data fields are provided for the Get Shorty (1995) entry (e.g., documentid, title, genres)?",id:movies:movie::21,2
Is the movie Get Shorty (1995) linked to the internal ID id:movies:movie::21?,id:movies:movie::21,2
What are the three genres listed for Get Shorty (1995) in this record?,id:movies:movie::21,2
What genres are listed for Copycat (1995)?,id:movies:movie::22,2
When was Copycat released?,id:movies:movie::22,2
Does Copycat belong to the horror genre?,id:movies:movie::22,2
Is Mystery among the genres for Copycat (1995)?,id:movies:movie::22,2
How many genres describe Copycat (1995)?,id:movies:movie::22,2
What is the complete genre lineup for the movie Copycat released in 1995?,id:movies:movie::22,2
Can you confirm if Copycat is a crime drama thriller?,id:movies:movie::22,2
"What is the title of the film associated with the genres Crime, Drama, Horror, Mystery, and Thriller?",id:movies:movie::22,2
What is the title of the film described in the document?,id:movies:movie::18,2
Which genre is Four Rooms categorized under in this entry?,id:movies:movie::18,2
In what year is the film Four Rooms listed?,id:movies:movie::18,2
What is the document identifier for the movie Four Rooms?,id:movies:movie::18,2
What is the full title including the year as it appears in the entry?,id:movies:movie::18,2
"According to the document ID, which data collection does this film belong to?",id:movies:movie::18,2
"According to the document ID, what is the media type of Four Rooms?",id:movies:movie::18,2
"If you were searching for a 1995 comedy in this document, which film would you find?",id:movies:movie::18,2
When was The City of Lost Children released?,id:movies:movie::29,2
What genres are listed for The City of Lost Children?,id:movies:movie::29,2
"What is the English title for the film with the French title Cité des enfants perdus, La?",id:movies:movie::29,2
What is the French title of The City of Lost Children?,id:movies:movie::29,2
"Which 1995 film combines Adventure, Drama, Fantasy, Mystery, and Sci-Fi?",id:movies:movie::29,2
What is the document ID for The City of Lost Children movie?,id:movies:movie::29,2
Is The City of Lost Children categorized as Sci-Fi?,id:movies:movie::29,2
Does the film's listing include both English and French titles?,id:movies:movie::29,2
What is the genre of the 1995 film Othello?,id:movies:movie::26,2
Please provide the basic details for the movie Othello released in 1995.,id:movies:movie::26,2
Is Othello (1995) classified as a drama?,id:movies:movie::26,2
I want to locate the Othello movie that came out in 1995.,id:movies:movie::26,2
Show the entry for the movie titled Othello with the year 1995.,id:movies:movie::26,2
What is the title of the film released in 1995 that is a drama?,id:movies:movie::26,2
Which movie in the database is Othello and was released in 1995?,id:movies:movie::26,2
Can you confirm the year and genre for the film Othello?,id:movies:movie::26,2
What genres are listed for Persuasion (1995)?,id:movies:movie::28,2
What year is associated with Persuasion in this document?,id:movies:movie::28,2
Is the movie Persuasion (1995) labeled as both drama and romance?,id:movies:movie::28,2
What is the unique document ID for Persuasion (1995)?,id:movies:movie::28,2
What is the exact title used for the 1995 film in the record?,id:movies:movie::28,2
How many genres does Persuasion (1995) have according to the entry?,id:movies:movie::28,2
Are Drama and Romance the only genres assigned to Persuasion (1995)?,id:movies:movie::28,2
"If I want to verify the film's genres in the dataset, which two genres should I expect to see for Persuasion (1995)?",id:movies:movie::28,2
What year is Twelve Monkeys listed as released?,id:movies:movie::32,2
What alternate title is shown for Twelve Monkeys in the entry?,id:movies:movie::32,2
Which three genres are attributed to the film Twelve Monkeys?,id:movies:movie::32,2
What is the document ID for this movie entry?,id:movies:movie::32,2
Is Twelve Monkeys also known as 12 Monkeys?,id:movies:movie::32,2
"What is the full movie title as shown in the entry, including the year?",id:movies:movie::32,2
"Which movie entry lists the year 1995 and includes the genres Mystery, Sci-Fi, and Thriller?",id:movies:movie::32,2
What are the exact words used to indicate the alternate title after the main title in the entry?,id:movies:movie::32,2
What year was Now and Then released?,id:movies:movie::27,2
What genres are listed for Now and Then (1995)?,id:movies:movie::27,2
Is Now and Then considered a children's film?,id:movies:movie::27,2
Is the 1995 movie Now and Then also categorized as a drama?,id:movies:movie::27,2
What is the title of the 1995 film that falls under the genres Children and Drama?,id:movies:movie::27,2
Can you share basic information about Now and Then from 1995?,id:movies:movie::27,2
How would you describe the genre mix of Now and Then (1995)?,id:movies:movie::27,2
Which movie released in 1995 has the title Now and Then?,id:movies:movie::27,2
In what year was Shanghai Triad released?,id:movies:movie::30,2
What genres are listed for Shanghai Triad?,id:movies:movie::30,2
What is the parenthetical subtitle listed with Shanghai Triad?,id:movies:movie::30,2
Is Shanghai Triad categorized as a crime drama?,id:movies:movie::30,2
"What is the full title of the film as listed, including the year and alternate title?",id:movies:movie::30,2
Does the document show a non-English title for Shanghai Triad?,id:movies:movie::30,2
Which film is identified as a crime drama in the document?,id:movies:movie::30,2
What is the document ID for the Shanghai Triad entry?,id:movies:movie::30,2
What is the genre of Dangerous Minds (1995)?,id:movies:movie::31,2
Which year is associated with the film Dangerous Minds in this document?,id:movies:movie::31,2
What is the document ID for the movie Dangerous Minds (1995)?,id:movies:movie::31,2
What is the exact title of the 1995 drama film listed in this record?,id:movies:movie::31,2
Which film in the dataset is categorized as Drama and has the title Dangerous Minds (1995)?,id:movies:movie::31,2
Could you provide the title and genre for the record with ID id:movies:movie::31?,id:movies:movie::31,2
Is Dangerous Minds from 1995 classified as a drama?,id:movies:movie::31,2
What details are given about the film with ID id:movies:movie::31 in this document?,id:movies:movie::31,2
What genres are listed for Money Train (1995)?,id:movies:movie::20,2
In what year was Money Train released?,id:movies:movie::20,2
How would you categorize Money Train in terms of genre?,id:movies:movie::20,2
"Which film has the title Money Train and includes Action, Comedy, Crime, Drama, and Thriller?",id:movies:movie::20,2
Does Money Train blend both drama and thriller elements?,id:movies:movie::20,2
What is the full genre listing for the movie Money Train (1995)?,id:movies:movie::20,2
"If I’m looking for a movie that mixes Action and Comedy, would Money Train be a match?",id:movies:movie::20,2
"What is the official title of the movie described as having Action, Comedy, Crime, Drama, and Thriller?",id:movies:movie::20,2
What genres is Leaving Las Vegas (1995) categorized under?,id:movies:movie::25,2
What year is shown in the title Leaving Las Vegas (1995)?,id:movies:movie::25,2
Is Leaving Las Vegas a drama film or a romance film?,id:movies:movie::25,2
Which 1995 film has both Drama and Romance genres and is titled Leaving Las Vegas?,id:movies:movie::25,2
What is the internal document ID for Leaving Las Vegas (1995)?,id:movies:movie::25,2
What is the title of the drama romance movie listed in this document?,id:movies:movie::25,2
What are the genres of the movie Leaving Las Vegas listed in the document?,id:movies:movie::25,2
What is the unique identifier id for the movie Leaving Las Vegas (1995) in this dataset?,id:movies:movie::25,2
What are the genres of the 1995 film Assassins?,id:movies:movie::23,2
In what year was Assassins released?,id:movies:movie::23,2
What is the document ID for the movie Assassins (1995)?,id:movies:movie::23,2
"Is Assassins (1995) categorized as Action, Crime, and Thriller?",id:movies:movie::23,2
What is the title of the movie with document ID id:movies:movie::23?,id:movies:movie::23,2
Which film released in 1995 is titled Assassins?,id:movies:movie::23,2
What genre categories does the movie Assassins belong to according to the record?,id:movies:movie::23,2
What are the genres linked to the movie titled Assassins from 1995 in this document?,id:movies:movie::23,2
What genres describe Powder (1995)?,id:movies:movie::24,2
In what year was Powder released?,id:movies:movie::24,2
"Would Powder be considered a drama, a science-fiction film, or both?",id:movies:movie::24,2
What is the full title and release year of the film Powder?,id:movies:movie::24,2
What genres are associated with Powder (1995) in its metadata?,id:movies:movie::24,2
"If I search by Powder's title, which genres should I expect to see?",id:movies:movie::24,2
"Is Powder listed as Drama, Sci-Fi, or both in its genre tags?",id:movies:movie::24,2
Which film from 1995 carries the title Powder and what genres does it belong to?,id:movies:movie::24,2
"What is Cry, the Beloved Country (1995) and which genre does it belong to?",id:movies:movie::40,2
"In what year was Cry, the Beloved Country released as a drama film?",id:movies:movie::40,2
"Find the 1995 drama movie titled Cry, the Beloved Country.",id:movies:movie::40,2
"Is Cry, the Beloved Country a drama film from 1995?",id:movies:movie::40,2
"Provide details for the Cry, the Beloved Country (1995) film in the drama category.",id:movies:movie::40,2
"What is the genre of Cry, the Beloved Country (1995)?",id:movies:movie::40,2
"Which film released in 1995 is called Cry, the Beloved Country and categorized as drama?",id:movies:movie::40,2
"Give me information on Cry, the Beloved Country, the drama movie released in 1995.",id:movies:movie::40,2
What genres does Dead Presidents (1995) belong to?,id:movies:movie::42,2
In what year was Dead Presidents released?,id:movies:movie::42,2
What are the three genres associated with Dead Presidents (1995)?,id:movies:movie::42,2
"Is Dead Presidents categorized as an action, crime, and drama film?",id:movies:movie::42,2
What is the internal ID of the Dead Presidents movie in the dataset?,id:movies:movie::42,2
What is the exact title of the film listed with the ID id:movies:movie::42?,id:movies:movie::42,2
"If I want an action crime drama from this document, which title should I pick?",id:movies:movie::42,2
What is the title and year of the movie described by the document?,id:movies:movie::42,2
When was It Takes Two released?,id:movies:movie::38,2
What is the title of the 1995 film in the document?,id:movies:movie::38,2
Which genres are assigned to It Takes Two in the record?,id:movies:movie::38,2
Does the document classify It Takes Two as a children's film?,id:movies:movie::38,2
Does the document classify It Takes Two as a comedy?,id:movies:movie::38,2
What two genres are listed for It Takes Two?,id:movies:movie::38,2
Is It Takes Two categorized under both Children and Comedy?,id:movies:movie::38,2
What are It Takes Two's release year and genres as recorded in the document?,id:movies:movie::38,2
What genres is Pocahontas (1995) classified under?,id:movies:movie::48,2
What year was Pocahontas released?,id:movies:movie::48,2
Is Pocahontas (1995) an animated film?,id:movies:movie::48,2
Is Pocahontas a musical?,id:movies:movie::48,2
Is Pocahontas (1995) aimed at children?,id:movies:movie::48,2
Do drama and romance appear among Pocahontas's genres?,id:movies:movie::48,2
Which genres accompany the animation listing for Pocahontas (1995)?,id:movies:movie::48,2
How many genres are listed for Pocahontas (1995)?,id:movies:movie::48,2
What genres are listed for the 1995 film To Die For?,id:movies:movie::45,2
"Is To Die For (1995) a comedy, a drama, and a thriller?",id:movies:movie::45,2
How is the 1995 movie To Die For genre-classified?,id:movies:movie::45,2
"What is the genre mix for To Die For, released in 1995?",id:movies:movie::45,2
Which genres describe the film To Die For (1995)?,id:movies:movie::45,2
Tell me about the genre combination of the 1995 film To Die For.,id:movies:movie::45,2
How would you categorize the 1995 film To Die For by genre?,id:movies:movie::45,2
What are the genre categories for To Die For (1995) according to the document?,id:movies:movie::45,2
In what year was the movie Seven (also known as Se7en) released?,id:movies:movie::47,2
What genres describe the film Seven (Se7en)?,id:movies:movie::47,2
Is Seven the same movie as Se7en released in 1995?,id:movies:movie::47,2
Tell me about the 1995 film Seven with the alternative title Se7en.,id:movies:movie::47,2
What is the title of the 1995 mystery thriller film also known as Se7en?,id:movies:movie::47,2
Describe the film Seven that is listed under the genres Mystery and Thriller.,id:movies:movie::47,2
Which movie has the alternate title Se7en and belongs to Mystery and Thriller?,id:movies:movie::47,2
Give me information on the movie Seven from 1995.,id:movies:movie::47,2
What is the title and release year of the drama film in this document?,id:movies:movie::43,2
What genre is Restoration (1995) classified under?,id:movies:movie::43,2
Which movie in this record has the identifier id:movies:movie::43?,id:movies:movie::43,2
What metadata fields are provided for Restoration (1995) in this entry?,id:movies:movie::43,2
In what year was Restoration released according to this document?,id:movies:movie::43,2
What is the genre tag attached to Restoration (1995)?,id:movies:movie::43,2
Which entry describes a drama film titled Restoration?,id:movies:movie::43,2
What are the document ID and title for the film Restoration (1995)?,id:movies:movie::43,2
What is the document ID for the movie Richard III (1995)?,id:movies:movie::41,2
What is the title of the film released in 1995 that is categorized as Drama and War?,id:movies:movie::41,2
Which genres are listed for Richard III (1995)?,id:movies:movie::41,2
"Is Richard III (1995) considered a drama film, a war film, or both?",id:movies:movie::41,2
In what year was Richard III released according to this record?,id:movies:movie::41,2
What are the two genre tags attached to Richard III (1995)?,id:movies:movie::41,2
How would I search for the film named Richard III with the year 1995 in this dataset?,id:movies:movie::41,2
What is the exact film name and release year shown for the Drama and War entry in the document?,id:movies:movie::41,2
"When was Usual Suspects, The (1995) released?",id:movies:movie::50,2
"What genres are listed for Usual Suspects, The (1995)?",id:movies:movie::50,2
"Is Usual Suspects, The (1995) a crime, mystery, and thriller film?",id:movies:movie::50,2
"Describe the 1995 film Usual Suspects, The in terms of its genres.",id:movies:movie::50,2
"What is the document ID for Usual Suspects, The (1995)?",id:movies:movie::50,2
"Which movie from 1995 is categorized under Crime, Mystery, and Thriller?",id:movies:movie::50,2
What is the exact title used for the 1995 film in this document?,id:movies:movie::50,2
"Are Crime and Thriller the only genres for Usual Suspects, The (1995), or does Mystery also apply?",id:movies:movie::50,2
What year was Mighty Aphrodite released?,id:movies:movie::52,2
What are the genres listed for Mighty Aphrodite (1995)?,id:movies:movie::52,2
What is the document ID for the film Mighty Aphrodite?,id:movies:movie::52,2
What is the exact title of the movie that has the document ID id:movies:movie::52?,id:movies:movie::52,2
How many genres is Mighty Aphrodite categorized under in the record?,id:movies:movie::52,2
Which data fields are included for Mighty Aphrodite in the document?,id:movies:movie::52,2
Which movie entry corresponds to the ID id:movies:movie::52?,id:movies:movie::52,2
Is Mighty Aphrodite associated with more than one genre in this document?,id:movies:movie::52,2
What year is listed in the Dead Man Walking title in this record?,id:movies:movie::36,2
What genres are listed for Dead Man Walking in the entry?,id:movies:movie::36,2
What is the document ID for the movie Dead Man Walking?,id:movies:movie::36,2
What is the exact movie title shown in the document?,id:movies:movie::36,2
Are both Crime and Drama listed as genres for Dead Man Walking?,id:movies:movie::36,2
"Which fields are included for this movie entry (documentid, title, genres)?",id:movies:movie::36,2
Which film corresponds to the document identifier id:movies:movie::36?,id:movies:movie::36,2
What two genres does the catalog assign to Dead Man Walking?,id:movies:movie::36,2
What genres is Mortal Kombat (1995) categorized under?,id:movies:movie::44,2
Which year is shown in the title Mortal Kombat (1995) in the document?,id:movies:movie::44,2
"Is Mortal Kombat (1995) described as action, adventure, and fantasy?",id:movies:movie::44,2
What exactly are the genres listed for Mortal Kombat (1995) in this document?,id:movies:movie::44,2
How is the film Mortal Kombat (1995) titled in the document?,id:movies:movie::44,2
"Which film in the document has the genres Action, Adventure, and Fantasy?",id:movies:movie::44,2
What is the full title of the movie released in 1995 that’s included in the document?,id:movies:movie::44,2
"If I want a 1995 film called Mortal Kombat, what genres should I expect according to the document?",id:movies:movie::44,2
What are the genres of the film 'How to Make an American Quilt' released in 1995?,id:movies:movie::46,2
"When did How to Make an American Quilt come out, and what genres is it categorized under?",id:movies:movie::46,2
Is How to Make an American Quilt considered both a drama and a romance movie?,id:movies:movie::46,2
What genre classifications does How to Make an American Quilt have?,id:movies:movie::46,2
Tell me about the 1995 movie How to Make an American Quilt.,id:movies:movie::46,2
What year was How to Make an American Quilt released and which genres does it belong to?,id:movies:movie::46,2
Which film titled How to Make an American Quilt is associated with the drama and romance genres?,id:movies:movie::46,2
Describe the genre profile of How to Make an American Quilt.,id:movies:movie::46,2
What genres is Clueless (1995) listed under in this document?,id:movies:movie::39,2
What is the document ID for the Clueless movie entry?,id:movies:movie::39,2
What is the exact title of the movie associated with the ID id:movies:movie::39?,id:movies:movie::39,2
"Does this record indicate that Clueless (1995) falls under comedy, romance, or both?",id:movies:movie::39,2
What year is included in the Clueless title in this dataset?,id:movies:movie::39,2
What genres are attached to the film titled Clueless (1995) in the entry?,id:movies:movie::39,2
Which movie entry has the document ID id:movies:movie::39 and what is its title?,id:movies:movie::39,2
"If I search for a 1995 romantic comedy in this document, would Clueless be a match?",id:movies:movie::39,2
What genres is When Night Is Falling categorized under?,id:movies:movie::49,2
In what year was When Night Is Falling released?,id:movies:movie::49,2
"Is When Night Is Falling considered a drama, a romance, or both?",id:movies:movie::49,2
Which movie released in 1995 has the title When Night Is Falling?,id:movies:movie::49,2
What is the document ID for the film When Night Is Falling?,id:movies:movie::49,2
Can you list the title and genres for the film called When Night Is Falling (1995)?,id:movies:movie::49,2
I’m researching a 1995 romance drama and came across When Night Is Falling—what genres apply?,id:movies:movie::49,2
What exactly is the genre mix for the movie When Night Is Falling (1995)?,id:movies:movie::49,2
What genres is Babe (1995) listed under in the document?,id:movies:movie::34,2
When was the film Babe released?,id:movies:movie::34,2
Is Babe (1995) categorized as both a children's film and a drama?,id:movies:movie::34,2
What is the full title and release year of the film that is tagged with Children and Drama?,id:movies:movie::34,2
What is the internal document ID for Babe (1995) in this dataset?,id:movies:movie::34,2
How is the Babe movie from 1995 genre-wise classified?,id:movies:movie::34,2
Documentary,id:movies:movie::77,2
Documentary,id:movies:movie::99,2
Documentary,id:movies:movie::116,2
Documentary,id:movies:movie::108,2
IMAX,id:movies:movie::150,2
IMAX,id:movies:movie::364,2
IMAX,id:movies:movie::595,2
Film-Noir,id:movies:movie::164,2
IMAX,id:movies:movie::1797,2
Film-Noir,id:movies:movie::320,2
Film-Noir,id:movies:movie::347,2
Film-Noir,id:movies:movie::913,2
Horror,id:movies:movie::5649,2
Horror,id:movies:movie::1327,2
Horror,id:movies:movie::2657,2
Horror,id:movies:movie::26409,2
Drama,id:movies:movie::4,2
Drama,id:movies:movie::11,2
Drama,id:movies:movie::16,2
Drama,id:movies:movie::14,2
Fantasy,id:movies:movie::4446,2
Fantasy,id:movies:movie::37830,2
Fantasy,id:movies:movie::161594,2
Fantasy,id:movies:movie::1,2
Musical,id:movies:movie::46062,2
Musical,id:movies:movie::61123,2
Musical,id:movies:movie::93006,2
Musical,id:movies:movie::44889,2
Crime,id:movies:movie::2973,2
Crime,id:movies:movie::7108,2
Crime,id:movies:movie::47538,2
Crime,id:movies:movie::33893,2
Thriller,id:movies:movie::6,2
Thriller,id:movies:movie::10,2
Thriller,id:movies:movie::21,2
Thriller,id:movies:movie::22,2
Sci-Fi,id:movies:movie::29,2
Sci-Fi,id:movies:movie::32,2
Sci-Fi,id:movies:movie::24,2
Sci-Fi,id:movies:movie::66,2
List the genres for the 1995 film Waiting to Exhale.,id:movies:movie::173535,0
List the genres for the 1995 film Waiting to Exhale.,id:movies:movie::105037,0
List the genres for the 1995 film Waiting to Exhale.,id:movies:movie::152270,0
Romance,id:movies:movie::2406,2
Romance,id:movies:movie::2894,2
Romance,id:movies:movie::5889,2
Romance,id:movies:movie::133712,2
Mystery,id:movies:movie::492,2
Mystery,id:movies:movie::4517,2
Mystery,id:movies:movie::22,2
Mystery,id:movies:movie::32,2
Western,id:movies:movie::61289,2
Western,id:movies:movie::163,2
Western,id:movies:movie::210,2
Western,id:movies:movie::266,2
War,id:movies:movie::5975,2
War,id:movies:movie::173209,2
War,id:movies:movie::91126,2
War,id:movies:movie::340,2
"Which 1995 movie has the genres Comedy, Drama, and Romance?",id:movies:movie::112749,0
"Which 1995 movie has the genres Comedy, Drama, and Romance?",id:movies:movie::1353,0
"Which 1995 movie has the genres Comedy, Drama, and Romance?",id:movies:movie::70334,0
"Which 1995 movie has the genres Comedy, Drama, and Romance?",id:movies:movie::48032,0
What is the release year and genre mix for Waiting to Exhale?,id:movies:movie::1449,0
What is the release year and genre mix for Waiting to Exhale?,id:movies:movie::81191,0
What is the release year and genre mix for Waiting to Exhale?,id:movies:movie::134004,0
Is Waiting to Exhale a romantic comedy-drama from 1995?,id:movies:movie::45,0
Is Waiting to Exhale a romantic comedy-drama from 1995?,id:movies:movie::81949,0
Is Waiting to Exhale a romantic comedy-drama from 1995?,id:movies:movie::2751,0
"Give me the genre combination for Waiting to Exhale, released in 1995.",id:movies:movie::55620,0
"Give me the genre combination for Waiting to Exhale, released in 1995.",id:movies:movie::45,0
"Give me the genre combination for Waiting to Exhale, released in 1995.",id:movies:movie::96,0
Describe Waiting to Exhale by its genre classification.,id:movies:movie::1449,0
Describe Waiting to Exhale by its genre classification.,id:movies:movie::81191,0
Describe Waiting to Exhale by its genre classification.,id:movies:movie::6639,0
Name the three genres associated with Waiting to Exhale.,id:movies:movie::2467,0
Name the three genres associated with Waiting to Exhale.,id:movies:movie::2978,1
Name the three genres associated with Waiting to Exhale.,id:movies:movie::90403,0
What is the document ID for Toy Story (1995)?,id:movies:movie::3114,1
What is the document ID for Toy Story (1995)?,id:movies:movie::78499,1
What is the document ID for Toy Story (1995)?,id:movies:movie::134004,0
Would Toy Story (1995) be considered a children's film based on its genres?,id:movies:movie::3400,2
Would Toy Story (1995) be considered a children's film based on its genres?,id:movies:movie::258,2
Would Toy Story (1995) be considered a children's film based on its genres?,id:movies:movie::2186,0
What is the title of the film described by the document with ID id:movies:movie::1?,id:movies:movie::7882,0
What is the title of the film described by the document with ID id:movies:movie::1?,id:movies:movie::134326,0
What is the title of the film described by the document with ID id:movies:movie::1?,id:movies:movie::135937,0
What is the title of the film described by the document with ID id:movies:movie::1?,id:movies:movie::170875,0
Is Toy Story (1995) classified as both animated and a comedy?,id:movies:movie::3114,0
Is Toy Story (1995) classified as both animated and a comedy?,id:movies:movie::78499,0
Is Toy Story (1995) classified as both animated and a comedy?,id:movies:movie::27692,0
What is the full list of genres for Toy Story (1995)?,id:movies:movie::2861,0
What is the full list of genres for Toy Story (1995)?,id:movies:movie::3674,0
What is the full list of genres for Toy Story (1995)?,id:movies:movie::27820,0
How many genres are associated with Toy Story (1995)?,id:movies:movie::3114,0
How many genres are associated with Toy Story (1995)?,id:movies:movie::78499,0
How many genres are associated with Toy Story (1995)?,id:movies:movie::46,0
What genres classify Cutthroat Island (1995)?,id:movies:movie::880,0
What genres classify Cutthroat Island (1995)?,id:movies:movie::34319,0
What genres classify Cutthroat Island (1995)?,id:movies:movie::59421,0
When was Cutthroat Island released?,id:movies:movie::49,0
When was Cutthroat Island released?,id:movies:movie::880,0
When was Cutthroat Island released?,id:movies:movie::1147,0
Do the genres of Toy Story (1995) include Adventure and Fantasy?,id:movies:movie::3754,0
Do the genres of Toy Story (1995) include Adventure and Fantasy?,id:movies:movie::33681,0
Do the genres of Toy Story (1995) include Adventure and Fantasy?,id:movies:movie::3114,1
Does the film Cutthroat Island include romance as a genre?,id:movies:movie::922,0
Does the film Cutthroat Island include romance as a genre?,id:movies:movie::6273,0
Does the film Cutthroat Island include romance as a genre?,id:movies:movie::8667,0
What is the genre profile of Cutthroat Island?,id:movies:movie::880,0
What is the genre profile of Cutthroat Island?,id:movies:movie::134004,0
What is the genre profile of Cutthroat Island?,id:movies:movie::27899,0
"Which film from 1995 features action, adventure, and romance?",id:movies:movie::940,0
"Which film from 1995 features action, adventure, and romance?",id:movies:movie::2406,0
"Which film from 1995 features action, adventure, and romance?",id:movies:movie::33681,0
What genres does The American President (1995) belong to?,id:movies:movie::27899,0
What genres does The American President (1995) belong to?,id:movies:movie::115122,0
What genres does The American President (1995) belong to?,id:movies:movie::477,0
Is Cutthroat Island an action movie?,id:movies:movie::34319,0
Is Cutthroat Island an action movie?,id:movies:movie::3710,0
Is Cutthroat Island an action movie?,id:movies:movie::5720,0
"Is The American President (1995) a comedy, drama, and romance film?",id:movies:movie::8738,0
"Is The American President (1995) a comedy, drama, and romance film?",id:movies:movie::62434,0
"Is The American President (1995) a comedy, drama, and romance film?",id:movies:movie::48032,0
Which genres are listed for The American President (1995) movie?,id:movies:movie::3007,0
Which genres are listed for The American President (1995) movie?,id:movies:movie::80126,0
Which genres are listed for The American President (1995) movie?,id:movies:movie::86290,0
Would Cutthroat Island be considered an adventure film?,id:movies:movie::1748,2
Would Cutthroat Island be considered an adventure film?,id:movies:movie::81132,2
Would Cutthroat Island be considered an adventure film?,id:movies:movie::1303,2
Is there a romance element in the 1995 movie Cutthroat Island?,id:movies:movie::207,0
Is there a romance element in the 1995 movie Cutthroat Island?,id:movies:movie::4061,0
Is there a romance element in the 1995 movie Cutthroat Island?,id:movies:movie::6885,0
Tell me about The American President (1995) in terms of its genre classification.,id:movies:movie::407,0
Tell me about The American President (1995) in terms of its genre classification.,id:movies:movie::73106,0
Tell me about The American President (1995) in terms of its genre classification.,id:movies:movie::1958,0
Give me the genre categories for The American President (1995) film.,id:movies:movie::55620,0
Give me the genre categories for The American President (1995) film.,id:movies:movie::173535,0
Give me the genre categories for The American President (1995) film.,id:movies:movie::167772,0
What year and genres describe The American President (1995)?,id:movies:movie::27899,0
What year and genres describe The American President (1995)?,id:movies:movie::80126,0
What year and genres describe The American President (1995)?,id:movies:movie::86290,0
How is The American President (1995) categorized by genre in the record?,id:movies:movie::4061,0
How is The American President (1995) categorized by genre in the record?,id:movies:movie::141646,0
How is The American President (1995) categorized by genre in the record?,id:movies:movie::96,0
Provide the genres for the film The American President released in 1995.,id:movies:movie::173535,0
Provide the genres for the film The American President released in 1995.,id:movies:movie::4061,0
Provide the genres for the film The American President released in 1995.,id:movies:movie::4144,0
What is the full title and year of the movie Heat (1995)?,id:movies:movie::146028,0
What is the full title and year of the movie Heat (1995)?,id:movies:movie::147286,0
What is the full title and year of the movie Heat (1995)?,id:movies:movie::173535,0
What is the full title and year of the movie Heat (1995)?,id:movies:movie::167772,0
What is the internal document ID for Heat (1995)?,id:movies:movie::134004,0
What is the internal document ID for Heat (1995)?,id:movies:movie::27899,0
What is the internal document ID for Heat (1995)?,id:movies:movie::5028,0
Which genres are listed for Heat (1995)?,id:movies:movie::103372,0
Which genres are listed for Heat (1995)?,id:movies:movie::31422,0
How many genres does Heat (1995) have?,id:movies:movie::82499,0
Which genres are listed for Heat (1995)?,id:movies:movie::52279,0
How many genres does Heat (1995) have?,id:movies:movie::46,0
How many genres does Heat (1995) have?,id:movies:movie::31193,0
Is Heat (1995) categorized as Thriller?,id:movies:movie::113780,0
Is Heat (1995) categorized as Thriller?,id:movies:movie::2917,0
Is Heat (1995) categorized as Thriller?,id:movies:movie::521,0
What field stores the genre information for Heat (1995) in this document?,id:movies:movie::1950,2
What field stores the genre information for Heat (1995) in this document?,id:movies:movie::115122,2
What field stores the genre information for Heat (1995) in this document?,id:movies:movie::96,2
What field stores the genre information for Heat (1995) in this document?,id:movies:movie::407,2
Is Heat (1995) categorized as Action?,id:movies:movie::103372,0
Is Heat (1995) categorized as Action?,id:movies:movie::5720,0
Is Heat (1995) categorized as Action?,id:movies:movie::4497,0
What is the 1995 action film Sudden Death about?,id:movies:movie::26701,0
What is the 1995 action film Sudden Death about?,id:movies:movie::3434,0
What is the 1995 action film Sudden Death about?,id:movies:movie::3433,0
When was Sudden Death released and what genre is it?,id:movies:movie::5028,0
When was Sudden Death released and what genre is it?,id:movies:movie::496,0
When was Sudden Death released and what genre is it?,id:movies:movie::134004,0
Tell me about Sudden Death (1995) and its action classification.,id:movies:movie::3434,0
Tell me about Sudden Death (1995) and its action classification.,id:movies:movie::184931,0
Tell me about Sudden Death (1995) and its action classification.,id:movies:movie::88699,0
Is Sudden Death a 1995 action movie?,id:movies:movie::3434,0
Is Sudden Death a 1995 action movie?,id:movies:movie::5720,0
Is Sudden Death a 1995 action movie?,id:movies:movie::88699,0
Is Heat (1995) categorized as Crime?,id:movies:movie::103372,0
Is Heat (1995) categorized as Crime?,id:movies:movie::2917,0
Is Heat (1995) categorized as Crime?,id:movies:movie::8491,0
Provide information on the film Sudden Death from 1995 in the action genre.,id:movies:movie::130518,0
Provide information on the film Sudden Death from 1995 in the action genre.,id:movies:movie::86892,0
Provide information on the film Sudden Death from 1995 in the action genre.,id:movies:movie::138036,0
What year and genre does Sudden Death belong to?,id:movies:movie::477,0
What year and genre does Sudden Death belong to?,id:movies:movie::27899,0
What year and genre does Sudden Death belong to?,id:movies:movie::5265,0
Search results for Sudden Death (1995) in the action category.,id:movies:movie::3434,0
Search results for Sudden Death (1995) in the action category.,id:movies:movie::117466,0
Search results for Sudden Death (1995) in the action category.,id:movies:movie::123553,0
"Give me basic details for Sudden Death, the 1995 action film.",id:movies:movie::3434,0
"Give me basic details for Sudden Death, the 1995 action film.",id:movies:movie::3433,0
"Give me basic details for Sudden Death, the 1995 action film.",id:movies:movie::26701,0
What year was the movie Tom and Huck released?,id:movies:movie::131130,0
What year was the movie Tom and Huck released?,id:movies:movie::136503,0
What year was the movie Tom and Huck released?,id:movies:movie::496,0
What genres is Tom and Huck (1995) categorized under?,id:movies:movie::131130,0
What genres is Tom and Huck (1995) categorized under?,id:movies:movie::136503,0
What genres is Tom and Huck (1995) categorized under?,id:movies:movie::134004,0
What are the two genres listed for Tom and Huck (1995)?,id:movies:movie::38992,0
What are the two genres listed for Tom and Huck (1995)?,id:movies:movie::136503,0
What are the two genres listed for Tom and Huck (1995)?,id:movies:movie::131130,0
What is the document ID for the movie Tom and Huck (1995)?,id:movies:movie::173535,0
What is the document ID for the movie Tom and Huck (1995)?,id:movies:movie::3169,0
What is the document ID for the movie Tom and Huck (1995)?,id:movies:movie::108932,0
Is the film Tom and Huck (1995) classified as adventure?,id:movies:movie::5076,2
Is the film Tom and Huck (1995) classified as adventure?,id:movies:movie::3754,2
Is the film Tom and Huck (1995) classified as adventure?,id:movies:movie::2846,2
"What is the title of the movie described in this document, and what year is included in the title?",id:movies:movie::115122,2
"What is the title of the movie described in this document, and what year is included in the title?",id:movies:movie::117466,2
"What is the title of the movie described in this document, and what year is included in the title?",id:movies:movie::475,2
"What is the title of the movie described in this document, and what year is included in the title?",id:movies:movie::30892,2
Is Tom and Huck (1995) considered a children's movie?,id:movies:movie::52730,0
Is Tom and Huck (1995) considered a children's movie?,id:movies:movie::258,0
Is Tom and Huck (1995) considered a children's movie?,id:movies:movie::4896,0
Which movie in the document has the title Tom and Huck and a 1995 release date?,id:movies:movie::2071,0
Which movie in the document has the title Tom and Huck and a 1995 release date?,id:movies:movie::3169,0
Which movie in the document has the title Tom and Huck and a 1995 release date?,id:movies:movie::146309,0
Which genres are listed for Sabrina (1995) in this entry?,id:movies:movie::6760,0
Which genres are listed for Sabrina (1995) in this entry?,id:movies:movie::8765,0
Which genres are listed for Sabrina (1995) in this entry?,id:movies:movie::96,0
What are the exact title and release year of the movie described in the document?,id:movies:movie::146028,2
What are the exact title and release year of the movie described in the document?,id:movies:movie::173535,2
What are the exact title and release year of the movie described in the document?,id:movies:movie::147286,2
What are the exact title and release year of the movie described in the document?,id:movies:movie::131724,2
What is the document ID for the Sabrina (1995) movie?,id:movies:movie::173535,0
What is the document ID for the Sabrina (1995) movie?,id:movies:movie::175475,0
What is the document ID for the Sabrina (1995) movie?,id:movies:movie::108932,0
What is the document ID for the Sabrina (1995) movie?,id:movies:movie::132584,0
What is the exact film title as stored in the dataset for document id id:movies:movie::7?,id:movies:movie::4061,0
What is the exact film title as stored in the dataset for document id id:movies:movie::7?,id:movies:movie::115122,0
What is the exact film title as stored in the dataset for document id id:movies:movie::7?,id:movies:movie::999,0
What is the exact film title as stored in the dataset for document id id:movies:movie::7?,id:movies:movie::4144,0
How is the film Sabrina displayed in the title field of this record?,id:movies:movie::2008,0
How is the film Sabrina displayed in the title field of this record?,id:movies:movie::102123,0
How is the film Sabrina displayed in the title field of this record?,id:movies:movie::4061,0
How is the film Sabrina displayed in the title field of this record?,id:movies:movie::475,0
What genres are associated with GoldenEye (1995)?,id:movies:movie::3326,0
"If I’m looking for films that combine humor and love, would Sabrina (1995) fit based on the genres in this document?",id:movies:movie::8765,0
What genres are associated with GoldenEye (1995)?,id:movies:movie::477,0
"If I’m looking for films that combine humor and love, would Sabrina (1995) fit based on the genres in this document?",id:movies:movie::2008,0
What genres are associated with GoldenEye (1995)?,id:movies:movie::31422,0
"If I’m looking for films that combine humor and love, would Sabrina (1995) fit based on the genres in this document?",id:movies:movie::42740,1
"If I’m looking for films that combine humor and love, would Sabrina (1995) fit based on the genres in this document?",id:movies:movie::3851,1
Is Sabrina (1995) categorized as both comedy and romance according to the document?,id:movies:movie::4280,0
Is Sabrina (1995) categorized as both comedy and romance according to the document?,id:movies:movie::915,1
Is Sabrina (1995) categorized as both comedy and romance according to the document?,id:movies:movie::1784,0
"In what year was GoldenEye released, and what genres does it have?",id:movies:movie::115122,0
"In what year was GoldenEye released, and what genres does it have?",id:movies:movie::477,0
"In what year was GoldenEye released, and what genres does it have?",id:movies:movie::496,0
"In what year was GoldenEye released, and what genres does it have?",id:movies:movie::27899,0
Name the two genres associated with the Sabrina (1995) entry.,id:movies:movie::164367,0
Name the two genres associated with the Sabrina (1995) entry.,id:movies:movie::167772,0
Name the two genres associated with the Sabrina (1995) entry.,id:movies:movie::2467,0
Name the two genres associated with the Sabrina (1995) entry.,id:movies:movie::3141,0
Is GoldenEye (1995) an action movie?,id:movies:movie::181,0
Is GoldenEye (1995) an action movie?,id:movies:movie::5720,0
Is GoldenEye (1995) an action movie?,id:movies:movie::4946,0
"What is the full genre lineup for GoldenEye, the 1995 film?",id:movies:movie::173535,0
"What is the full genre lineup for GoldenEye, the 1995 film?",id:movies:movie::177939,0
"What is the full genre lineup for GoldenEye, the 1995 film?",id:movies:movie::167772,0
"What is the full genre lineup for GoldenEye, the 1995 film?",id:movies:movie::27899,0
What genres does Casino (1995) belong to?,id:movies:movie::477,0
What genres does Casino (1995) belong to?,id:movies:movie::27899,0
What genres does Casino (1995) belong to?,id:movies:movie::115122,0
Describe GoldenEye (1995) and its adventure and thriller classifications.,id:movies:movie::6588,0
Describe GoldenEye (1995) and its adventure and thriller classifications.,id:movies:movie::3420,0
Describe GoldenEye (1995) and its adventure and thriller classifications.,id:movies:movie::3754,0
What is the document identifier for the Casino (1995) movie?,id:movies:movie::173535,0
What is the document identifier for the Casino (1995) movie?,id:movies:movie::175475,0
What is the document identifier for the Casino (1995) movie?,id:movies:movie::108932,0
What is the document identifier for the Casino (1995) movie?,id:movies:movie::132584,0
What year is denoted in the film title Casino (1995)?,id:movies:movie::6273,0
What year is denoted in the film title Casino (1995)?,id:movies:movie::115122,0
What year is denoted in the film title Casino (1995)?,id:movies:movie::999,0
What year is denoted in the film title Casino (1995)?,id:movies:movie::164,0
What is the title and genre mix of the 1995 film GoldenEye?,id:movies:movie::146028,0
What is the title and genre mix of the 1995 film GoldenEye?,id:movies:movie::167772,0
What is the title and genre mix of the 1995 film GoldenEye?,id:movies:movie::147286,0
What is the title and genre mix of the 1995 film GoldenEye?,id:movies:movie::173535,0
What are the two genres listed for the film Casino (1995)?,id:movies:movie::38992,0
What are the two genres listed for the film Casino (1995)?,id:movies:movie::173535,0
What are the two genres listed for the film Casino (1995)?,id:movies:movie::27899,0
What are the two genres listed for the film Casino (1995)?,id:movies:movie::26701,0
What genre is Nixon (1995) categorized under?,id:movies:movie::134004,0
What genre is Nixon (1995) categorized under?,id:movies:movie::204,0
What genre is Nixon (1995) categorized under?,id:movies:movie::5028,0
In what year is the Nixon film listed?,id:movies:movie::6273,0
In what year is the Nixon film listed?,id:movies:movie::115122,0
In what year is the Nixon film listed?,id:movies:movie::999,0
In what year is the Nixon film listed?,id:movies:movie::134004,0
"If I search for a film with Crime and Drama as its genres, which movie would I get from this document?",id:movies:movie::8044,2
"If I search for a film with Crime and Drama as its genres, which movie would I get from this document?",id:movies:movie::2008,2
"If I search for a film with Crime and Drama as its genres, which movie would I get from this document?",id:movies:movie::1910,2
"If I search for a film with Crime and Drama as its genres, which movie would I get from this document?",id:movies:movie::54274,2
Which field in the document holds the genre information for Nixon (1995)?,id:movies:movie::4061,2
Which field in the document holds the genre information for Nixon (1995)?,id:movies:movie::96,2
Which field in the document holds the genre information for Nixon (1995)?,id:movies:movie::407,2
Which field in the document holds the genre information for Nixon (1995)?,id:movies:movie::4144,2
What is the title of the film described in the document?,id:movies:movie::4061,2
What is the title of the film described in the document?,id:movies:movie::4518,2
What is the title of the film described in the document?,id:movies:movie::111921,2
What is the title of the film described in the document?,id:movies:movie::5064,2
"From Nixon's document ID, what is the type indicated after the collection?",id:movies:movie::177939,2
"From Nixon's document ID, what is the type indicated after the collection?",id:movies:movie::86892,2
"From Nixon's document ID, what is the type indicated after the collection?",id:movies:movie::138036,2
"From Nixon's document ID, what is the type indicated after the collection?",id:movies:movie::27899,2
Can you summarize the Nixon (1995) entry as it appears in the document?,id:movies:movie::4061,0
Can you summarize the Nixon (1995) entry as it appears in the document?,id:movies:movie::6324,0
Can you summarize the Nixon (1995) entry as it appears in the document?,id:movies:movie::96,0
Can you summarize the Nixon (1995) entry as it appears in the document?,id:movies:movie::407,0
In what year was Jumanji released?,id:movies:movie::496,0
In what year was Jumanji released?,id:movies:movie::59421,0
In what year was Jumanji released?,id:movies:movie::115122,0
"What is the title of the 1995 film that is categorized as Adventure, Children, and Fantasy?",id:movies:movie::3754,0
"What is the title of the 1995 film that is categorized as Adventure, Children, and Fantasy?",id:movies:movie::126142,0
"What is the title of the 1995 film that is categorized as Adventure, Children, and Fantasy?",id:movies:movie::33681,0
"What is the title of the 1995 film that is categorized as Adventure, Children, and Fantasy?",id:movies:movie::41566,0
Which genres accompany the 1995 Jumanji movie?,id:movies:movie::179401,0
Which genres accompany the 1995 Jumanji movie?,id:movies:movie::585,0
Which genres accompany the 1995 Jumanji movie?,id:movies:movie::181,0
What genres are listed for Jumanji (1995)?,id:movies:movie::3326,0
What genres are listed for Jumanji (1995)?,id:movies:movie::179401,0
What genres are listed for Jumanji (1995)?,id:movies:movie::31422,0
What genres are associated with the film identified by id:movies:movie::2?,id:movies:movie::3326,0
What genres are associated with the film identified by id:movies:movie::2?,id:movies:movie::27899,0
What genres are associated with the film identified by id:movies:movie::2?,id:movies:movie::1273,0
What genres are associated with the film identified by id:movies:movie::2?,id:movies:movie::8600,0
Is Jumanji (1995) considered a children's movie based on its genres?,id:movies:movie::52730,2
Is Jumanji (1995) considered a children's movie based on its genres?,id:movies:movie::258,2
Is Jumanji (1995) considered a children's movie based on its genres?,id:movies:movie::2566,2
Is Jumanji (1995) considered a children's movie based on its genres?,id:movies:movie::6251,2
Which 1995 comedy film has Part II in its title?,id:movies:movie::96,0
Which 1995 comedy film has Part II in its title?,id:movies:movie::6273,0
Which 1995 comedy film has Part II in its title?,id:movies:movie::1273,0
What year was Father of the Bride Part II released?,id:movies:movie::934,0
What year was Father of the Bride Part II released?,id:movies:movie::6944,0
What year was Father of the Bride Part II released?,id:movies:movie::1340,0
What is the exact title of the 1995 comedy film in the document?,id:movies:movie::167772,2
What is the exact title of the 1995 comedy film in the document?,id:movies:movie::115122,0
What is the exact title of the 1995 comedy film in the document?,id:movies:movie::96,2
What is the exact title of the 1995 comedy film in the document?,id:movies:movie::52668,0
What genre is Father of the Bride Part II (1995)?,id:movies:movie::934,0
What genre is Father of the Bride Part II (1995)?,id:movies:movie::6944,0
What genre is Father of the Bride Part II (1995)?,id:movies:movie::1340,0
What year was Balto released?,id:movies:movie::496,0
What year was Balto released?,id:movies:movie::1652,0
What year was Balto released?,id:movies:movie::2919,0
What media type is Father of the Bride Part II categorized as in the dataset?,id:movies:movie::6944,2
What media type is Father of the Bride Part II categorized as in the dataset?,id:movies:movie::934,2
What media type is Father of the Bride Part II categorized as in the dataset?,id:movies:movie::475,2
Is Balto (1995) intended for children?,id:movies:movie::3674,0
Is Balto (1995) intended for children?,id:movies:movie::95858,0
Is Balto (1995) intended for children?,id:movies:movie::1881,0
What genres describe Balto (1995)?,id:movies:movie::59421,0
What genres describe Balto (1995)?,id:movies:movie::90576,0
What genres describe Balto (1995)?,id:movies:movie::147282,0
Does Balto (1995) belong to the adventure genre?,id:movies:movie::146,1
Does Balto (1995) belong to the adventure genre?,id:movies:movie::169,1
Does Balto (1995) belong to the adventure genre?,id:movies:movie::238,1
What is the year-genre combination listed for Father of the Bride Part II?,id:movies:movie::934,0
What is the year-genre combination listed for Father of the Bride Part II?,id:movies:movie::6944,0
What is the year-genre combination listed for Father of the Bride Part II?,id:movies:movie::182639,0
Is Balto (1995) an animated film?,id:movies:movie::164,0
Is Balto (1995) an animated film?,id:movies:movie::7264,0
Is Balto (1995) an animated film?,id:movies:movie::94160,0
What genre mix is Dracula: Dead and Loving It (1995) classified under?,id:movies:movie::5028,0
In what year was Dracula: Dead and Loving It released?,id:movies:movie::496,0
What genre mix is Dracula: Dead and Loving It (1995) classified under?,id:movies:movie::134004,0
In what year was Dracula: Dead and Loving It released?,id:movies:movie::59421,0
In what year was Dracula: Dead and Loving It released?,id:movies:movie::115122,0
What genre mix is Dracula: Dead and Loving It (1995) classified under?,id:movies:movie::204,0
What is Balto (1995) classified as in terms of genre?,id:movies:movie::1958,0
What is Balto (1995) classified as in terms of genre?,id:movies:movie::407,0
What is Balto (1995) classified as in terms of genre?,id:movies:movie::134004,0
Is Balto (1995) categorized as animation for kids?,id:movies:movie::172887,0
Is Balto (1995) categorized as animation for kids?,id:movies:movie::95858,0
Is Balto (1995) categorized as animation for kids?,id:movies:movie::175,0
Describe Dracula: Dead and Loving It using its comedy and horror genres.,id:movies:movie::112749,0
Describe Dracula: Dead and Loving It using its comedy and horror genres.,id:movies:movie::116668,2
Describe Dracula: Dead and Loving It using its comedy and horror genres.,id:movies:movie::1241,2
What is the internal document ID for Dracula: Dead and Loving It?,id:movies:movie::5028,0
What is the internal document ID for Dracula: Dead and Loving It?,id:movies:movie::134004,0
What is the internal document ID for Dracula: Dead and Loving It?,id:movies:movie::27899,0
What year was Grumpier Old Men released?,id:movies:movie::3450,0
What year was Grumpier Old Men released?,id:movies:movie::141820,0
What year was Grumpier Old Men released?,id:movies:movie::496,0
What is the title of the film released in 1995 that blends horror and comedy?,id:movies:movie::4518,0
What is the title of the film released in 1995 that blends horror and comedy?,id:movies:movie::115122,0
What is the title of the film released in 1995 that blends horror and comedy?,id:movies:movie::407,0
What is the title of the film released in 1995 that blends horror and comedy?,id:movies:movie::167772,0
What genres are listed for Grumpier Old Men?,id:movies:movie::141820,0
What genres are listed for Grumpier Old Men?,id:movies:movie::3326,0
What genres are listed for Grumpier Old Men?,id:movies:movie::55820,0
What genres are listed for Grumpier Old Men?,id:movies:movie::147282,0
Which genres are listed for Dracula: Dead and Loving It?,id:movies:movie::112749,0
Which genres are listed for Dracula: Dead and Loving It?,id:movies:movie::3420,0
Which genres are listed for Dracula: Dead and Loving It?,id:movies:movie::1243,0
What is the full title of the movie linked to the document ID id:movies:movie::12?,id:movies:movie::7882,0
What is the full title of the movie linked to the document ID id:movies:movie::12?,id:movies:movie::4518,0
What is the full title of the movie linked to the document ID id:movies:movie::12?,id:movies:movie::175475,0
What is the full title of the movie linked to the document ID id:movies:movie::12?,id:movies:movie::108932,0
Is Grumpier Old Men a romantic comedy?,id:movies:movie::3450,0
Is Grumpier Old Men a romantic comedy?,id:movies:movie::141820,0
Is Grumpier Old Men a romantic comedy?,id:movies:movie::1580,0
What is the genre pairing for Grumpier Old Men (1995)?,id:movies:movie::3450,1
What is the genre pairing for Grumpier Old Men (1995)?,id:movies:movie::141820,0
What is the genre pairing for Grumpier Old Men (1995)?,id:movies:movie::134004,0
What is the document ID for Sense and Sensibility (1995)?,id:movies:movie::173535,0
What is the document ID for Sense and Sensibility (1995)?,id:movies:movie::134004,0
What is the document ID for Sense and Sensibility (1995)?,id:movies:movie::27899,0
Grumpier Old Men (1995): what two genres is it categorized under?,id:movies:movie::3450,0
Grumpier Old Men (1995): what two genres is it categorized under?,id:movies:movie::5028,0
Grumpier Old Men (1995): what two genres is it categorized under?,id:movies:movie::38,0
Which 1995 movie combines comedy and romance?,id:movies:movie::112749,0
Which 1995 movie combines comedy and romance?,id:movies:movie::239,2
Which 1995 movie combines comedy and romance?,id:movies:movie::149830,0
Which 1995 movie combines comedy and romance?,id:movies:movie::43919,0
Which film entry in the document has the genres Drama and Romance?,id:movies:movie::4061,2
Which film entry in the document has the genres Drama and Romance?,id:movies:movie::111921,2
Which film entry in the document has the genres Drama and Romance?,id:movies:movie::6273,2
Which film entry in the document has the genres Drama and Romance?,id:movies:movie::52668,2
What is the exact title of the movie entry that includes the year 1995?,id:movies:movie::167772,2
What is the exact title of the movie entry that includes the year 1995?,id:movies:movie::4518,0
What is the exact title of the movie entry that includes the year 1995?,id:movies:movie::3329,0
What is the exact title of the movie entry that includes the year 1995?,id:movies:movie::160565,0
What year is shown in the Sense and Sensibility title in the document?,id:movies:movie::175397,0
What year is shown in the Sense and Sensibility title in the document?,id:movies:movie::475,0
What year is shown in the Sense and Sensibility title in the document?,id:movies:movie::1950,0
What year is shown in the Sense and Sensibility title in the document?,id:movies:movie::30892,0
How is Sense and Sensibility (1995) categorized in the dataset's metadata?,id:movies:movie::96,1
How is Sense and Sensibility (1995) categorized in the dataset's metadata?,id:movies:movie::407,0
How is Sense and Sensibility (1995) categorized in the dataset's metadata?,id:movies:movie::46,2
Which movie in this document is labeled as belonging to both Drama and Romance?,id:movies:movie::2620,2
Which movie in this document is labeled as belonging to both Drama and Romance?,id:movies:movie::7184,2
Which movie in this document is labeled as belonging to both Drama and Romance?,id:movies:movie::7215,2
Which movie in this document is labeled as belonging to both Drama and Romance?,id:movies:movie::1784,2
Which film in the document is a 1995 comedy?,id:movies:movie::96,2
Which film in the document is a 1995 comedy?,id:movies:movie::127134,0
Which film in the document is a 1995 comedy?,id:movies:movie::111743,0
Which film in the document is a 1995 comedy?,id:movies:movie::117368,0
Which movie is identified by the document ID id:movies:movie::19?,id:movies:movie::118326,0
Which movie is identified by the document ID id:movies:movie::19?,id:movies:movie::120761,0
Which movie is identified by the document ID id:movies:movie::19?,id:movies:movie::141646,0
Which movie is identified by the document ID id:movies:movie::19?,id:movies:movie::176389,0
What is the document ID for the film Ace Ventura: When Nature Calls?,id:movies:movie::173535,0
What is the document ID for the film Ace Ventura: When Nature Calls?,id:movies:movie::32371,0
What is the document ID for the film Ace Ventura: When Nature Calls?,id:movies:movie::177939,0
What two genres are associated with Sense and Sensibility in the document?,id:movies:movie::115122,0
What two genres are associated with Sense and Sensibility in the document?,id:movies:movie::3326,0
What two genres are associated with Sense and Sensibility in the document?,id:movies:movie::27899,0
What is the full display title of the 1995 comedy film Ace Ventura: When Nature Calls?,id:movies:movie::167772,0
What is the full display title of the 1995 comedy film Ace Ventura: When Nature Calls?,id:movies:movie::176389,0
What is the full display title of the 1995 comedy film Ace Ventura: When Nature Calls?,id:movies:movie::27899,0
What genres does Get Shorty (1995) belong to?,id:movies:movie::477,0
What genres does Get Shorty (1995) belong to?,id:movies:movie::27899,0
What genres does Get Shorty (1995) belong to?,id:movies:movie::115122,0
What is the exact title of the movie associated with the ID id:movies:movie::21?,id:movies:movie::134326,0
What is the exact title of the movie associated with the ID id:movies:movie::21?,id:movies:movie::135937,0
What is the exact title of the movie associated with the ID id:movies:movie::21?,id:movies:movie::7882,0
What is the exact title of the movie associated with the ID id:movies:movie::21?,id:movies:movie::120478,0
What basic details does the document provide about Ace Ventura: When Nature Calls?,id:movies:movie::27899,0
What basic details does the document provide about Ace Ventura: When Nature Calls?,id:movies:movie::115122,0
What basic details does the document provide about Ace Ventura: When Nature Calls?,id:movies:movie::344,0
What year is indicated in the movie title Get Shorty (1995)?,id:movies:movie::115122,0
What year is indicated in the movie title Get Shorty (1995)?,id:movies:movie::96,0
What year is indicated in the movie title Get Shorty (1995)?,id:movies:movie::407,0
What are the three genres listed for Get Shorty (1995) in this record?,id:movies:movie::115122,0
What are the three genres listed for Get Shorty (1995) in this record?,id:movies:movie::96,0
What are the three genres listed for Get Shorty (1995) in this record?,id:movies:movie::407,0
When was Copycat released?,id:movies:movie::49,0
When was Copycat released?,id:movies:movie::1147,0
When was Copycat released?,id:movies:movie::1307,0
Does Copycat belong to the horror genre?,id:movies:movie::165343,0
Does Copycat belong to the horror genre?,id:movies:movie::105037,0
Does Copycat belong to the horror genre?,id:movies:movie::4518,0
Is the movie Get Shorty (1995) linked to the internal ID id:movies:movie::21?,id:movies:movie::78209,0
Is the movie Get Shorty (1995) linked to the internal ID id:movies:movie::21?,id:movies:movie::175475,0
Is the movie Get Shorty (1995) linked to the internal ID id:movies:movie::21?,id:movies:movie::108932,0
"Which data fields are provided for the Get Shorty (1995) entry (e.g., documentid, title, genres)?",id:movies:movie::94985,0
"Which data fields are provided for the Get Shorty (1995) entry (e.g., documentid, title, genres)?",id:movies:movie::1054,0
"Which data fields are provided for the Get Shorty (1995) entry (e.g., documentid, title, genres)?",id:movies:movie::78209,0
How many genres describe Copycat (1995)?,id:movies:movie::46,0
How many genres describe Copycat (1995)?,id:movies:movie::31193,0
How many genres describe Copycat (1995)?,id:movies:movie::52435,0
Can you confirm if Copycat is a crime drama thriller?,id:movies:movie::5989,0
Can you confirm if Copycat is a crime drama thriller?,id:movies:movie::55805,0
Can you confirm if Copycat is a crime drama thriller?,id:movies:movie::2227,0
In what year is the film Four Rooms listed?,id:movies:movie::6273,0
In what year is the film Four Rooms listed?,id:movies:movie::115122,0
In what year is the film Four Rooms listed?,id:movies:movie::999,0
"According to the document ID, which data collection does this film belong to?",id:movies:movie::105037,2
"According to the document ID, which data collection does this film belong to?",id:movies:movie::2008,2
"According to the document ID, which data collection does this film belong to?",id:movies:movie::86068,2
"According to the document ID, which data collection does this film belong to?",id:movies:movie::91483,2
"According to the document ID, what is the media type of Four Rooms?",id:movies:movie::7882,2
"According to the document ID, what is the media type of Four Rooms?",id:movies:movie::4518,2
"According to the document ID, what is the media type of Four Rooms?",id:movies:movie::177939,2
"According to the document ID, what is the media type of Four Rooms?",id:movies:movie::7303,2
What is the document ID for The City of Lost Children movie?,id:movies:movie::3674,0
What is the document ID for The City of Lost Children movie?,id:movies:movie::126142,0
What is the document ID for The City of Lost Children movie?,id:movies:movie::183301,0
What is the French title of The City of Lost Children?,id:movies:movie::126142,0
What is the French title of The City of Lost Children?,id:movies:movie::183301,0
What is the French title of The City of Lost Children?,id:movies:movie::6009,0
"What is the English title for the film with the French title Cité des enfants perdus, La?",id:movies:movie::164367,0
"What is the English title for the film with the French title Cité des enfants perdus, La?",id:movies:movie::177939,0
"What is the English title for the film with the French title Cité des enfants perdus, La?",id:movies:movie::1645,0
"If you were searching for a 1995 comedy in this document, which film would you find?",id:movies:movie::80864,0
"If you were searching for a 1995 comedy in this document, which film would you find?",id:movies:movie::6515,0
"If you were searching for a 1995 comedy in this document, which film would you find?",id:movies:movie::1934,0
"If you were searching for a 1995 comedy in this document, which film would you find?",id:movies:movie::45726,0
What genres are listed for The City of Lost Children?,id:movies:movie::3674,0
What genres are listed for The City of Lost Children?,id:movies:movie::6009,0
What genres are listed for The City of Lost Children?,id:movies:movie::62376,0
"Which 1995 film combines Adventure, Drama, Fantasy, Mystery, and Sci-Fi?",id:movies:movie::6902,0
"Which 1995 film combines Adventure, Drama, Fantasy, Mystery, and Sci-Fi?",id:movies:movie::52462,0
"Which 1995 film combines Adventure, Drama, Fantasy, Mystery, and Sci-Fi?",id:movies:movie::26887,1
Does the film's listing include both English and French titles?,id:movies:movie::3424,0
Does the film's listing include both English and French titles?,id:movies:movie::1953,0
Does the film's listing include both English and French titles?,id:movies:movie::4784,0
Does the film's listing include both English and French titles?,id:movies:movie::102165,0
Please provide the basic details for the movie Othello released in 1995.,id:movies:movie::173535,0
Please provide the basic details for the movie Othello released in 1995.,id:movies:movie::108932,0
Please provide the basic details for the movie Othello released in 1995.,id:movies:movie::175475,0
Please provide the basic details for the movie Othello released in 1995.,id:movies:movie::4061,0
I want to locate the Othello movie that came out in 1995.,id:movies:movie::3851,0
I want to locate the Othello movie that came out in 1995.,id:movies:movie::5384,0
I want to locate the Othello movie that came out in 1995.,id:movies:movie::60760,0
I want to locate the Othello movie that came out in 1995.,id:movies:movie::96,0
Is The City of Lost Children categorized as Sci-Fi?,id:movies:movie::62376,0
Is The City of Lost Children categorized as Sci-Fi?,id:movies:movie::7266,0
Is The City of Lost Children categorized as Sci-Fi?,id:movies:movie::2554,0
Is Othello (1995) classified as a drama?,id:movies:movie::2848,2
Is Othello (1995) classified as a drama?,id:movies:movie::1784,0
Is Othello (1995) classified as a drama?,id:movies:movie::56837,0
Can you confirm the year and genre for the film Othello?,id:movies:movie::173535,0
Can you confirm the year and genre for the film Othello?,id:movies:movie::3169,0
Can you confirm the year and genre for the film Othello?,id:movies:movie::3329,0
Can you confirm the year and genre for the film Othello?,id:movies:movie::160565,0
What is the unique document ID for Persuasion (1995)?,id:movies:movie::134004,0
What is the unique document ID for Persuasion (1995)?,id:movies:movie::27899,0
What is the unique document ID for Persuasion (1995)?,id:movies:movie::5028,0
Is the movie Persuasion (1995) labeled as both drama and romance?,id:movies:movie::1784,0
Is the movie Persuasion (1995) labeled as both drama and romance?,id:movies:movie::74508,2
Is the movie Persuasion (1995) labeled as both drama and romance?,id:movies:movie::56837,0
What is the exact title used for the 1995 film in the record?,id:movies:movie::4061,0
What is the exact title used for the 1995 film in the record?,id:movies:movie::173535,0
What is the exact title used for the 1995 film in the record?,id:movies:movie::167772,2
What is the exact title used for the 1995 film in the record?,id:movies:movie::177939,0
How many genres does Persuasion (1995) have according to the entry?,id:movies:movie::143896,0
How many genres does Persuasion (1995) have according to the entry?,id:movies:movie::46,0
How many genres does Persuasion (1995) have according to the entry?,id:movies:movie::105037,0
Which three genres are attributed to the film Twelve Monkeys?,id:movies:movie::91483,0
Which three genres are attributed to the film Twelve Monkeys?,id:movies:movie::86068,0
Which three genres are attributed to the film Twelve Monkeys?,id:movies:movie::3622,0
What alternate title is shown for Twelve Monkeys in the entry?,id:movies:movie::115122,0
What alternate title is shown for Twelve Monkeys in the entry?,id:movies:movie::4144,0
What alternate title is shown for Twelve Monkeys in the entry?,id:movies:movie::3622,0
"What is the full movie title as shown in the entry, including the year?",id:movies:movie::4061,2
"What is the full movie title as shown in the entry, including the year?",id:movies:movie::3329,2
"What is the full movie title as shown in the entry, including the year?",id:movies:movie::160565,2
"What is the full movie title as shown in the entry, including the year?",id:movies:movie::175475,2
"If I want to verify the film's genres in the dataset, which two genres should I expect to see for Persuasion (1995)?",id:movies:movie::5384,0
"If I want to verify the film's genres in the dataset, which two genres should I expect to see for Persuasion (1995)?",id:movies:movie::3851,0
"If I want to verify the film's genres in the dataset, which two genres should I expect to see for Persuasion (1995)?",id:movies:movie::60760,0
"If I want to verify the film's genres in the dataset, which two genres should I expect to see for Persuasion (1995)?",id:movies:movie::6614,0
Is Twelve Monkeys also known as 12 Monkeys?,id:movies:movie::5397,0
Is Twelve Monkeys also known as 12 Monkeys?,id:movies:movie::5591,0
Is Twelve Monkeys also known as 12 Monkeys?,id:movies:movie::2900,0
What is the parenthetical subtitle listed with Shanghai Triad?,id:movies:movie::134004,0
What is the parenthetical subtitle listed with Shanghai Triad?,id:movies:movie::27899,0
What is the parenthetical subtitle listed with Shanghai Triad?,id:movies:movie::5028,0
Is Shanghai Triad categorized as a crime drama?,id:movies:movie::1784,0
Is Shanghai Triad categorized as a crime drama?,id:movies:movie::56837,0
Is Shanghai Triad categorized as a crime drama?,id:movies:movie::113780,0
Is Shanghai Triad categorized as a crime drama?,id:movies:movie::102823,0
Which film is identified as a crime drama in the document?,id:movies:movie::6273,0
Which film is identified as a crime drama in the document?,id:movies:movie::8044,2
Which film is identified as a crime drama in the document?,id:movies:movie::26701,2
Which film is identified as a crime drama in the document?,id:movies:movie::2186,2
What is the document ID for the Shanghai Triad entry?,id:movies:movie::173535,0
What is the document ID for the Shanghai Triad entry?,id:movies:movie::177939,0
What is the document ID for the Shanghai Triad entry?,id:movies:movie::27899,0
What is the document ID for the Shanghai Triad entry?,id:movies:movie::3674,0
What is the document ID for the movie Dangerous Minds (1995)?,id:movies:movie::173535,0
What is the document ID for the movie Dangerous Minds (1995)?,id:movies:movie::190183,0
What is the document ID for the movie Dangerous Minds (1995)?,id:movies:movie::108932,0
Which year is associated with the film Dangerous Minds in this document?,id:movies:movie::2008,0
Which year is associated with the film Dangerous Minds in this document?,id:movies:movie::8765,0
Which year is associated with the film Dangerous Minds in this document?,id:movies:movie::6273,0
Which year is associated with the film Dangerous Minds in this document?,id:movies:movie::2919,0
What is the genre of Dangerous Minds (1995)?,id:movies:movie::5421,0
What is the genre of Dangerous Minds (1995)?,id:movies:movie::167772,0
What is the genre of Dangerous Minds (1995)?,id:movies:movie::134004,0
"What is the full title of the film as listed, including the year and alternate title?",id:movies:movie::146028,2
"What is the full title of the film as listed, including the year and alternate title?",id:movies:movie::173535,2
"What is the full title of the film as listed, including the year and alternate title?",id:movies:movie::147286,2
"What is the full title of the film as listed, including the year and alternate title?",id:movies:movie::131724,2
Does the document show a non-English title for Shanghai Triad?,id:movies:movie::165343,0
Does the document show a non-English title for Shanghai Triad?,id:movies:movie::3424,0
Does the document show a non-English title for Shanghai Triad?,id:movies:movie::27899,0
What is the exact title of the 1995 drama film listed in this record?,id:movies:movie::2008,0
What is the exact title of the 1995 drama film listed in this record?,id:movies:movie::7013,0
What is the exact title of the 1995 drama film listed in this record?,id:movies:movie::1950,0
What is the exact title of the 1995 drama film listed in this record?,id:movies:movie::475,0
Which film in the dataset is categorized as Drama and has the title Dangerous Minds (1995)?,id:movies:movie::4061,0
Which film in the dataset is categorized as Drama and has the title Dangerous Minds (1995)?,id:movies:movie::3169,0
Which film in the dataset is categorized as Drama and has the title Dangerous Minds (1995)?,id:movies:movie::96,0
What is the full genre listing for the movie Money Train (1995)?,id:movies:movie::162602,0
What is the full genre listing for the movie Money Train (1995)?,id:movies:movie::175475,0
What is the full genre listing for the movie Money Train (1995)?,id:movies:movie::108932,0
What details are given about the film with ID id:movies:movie::31 in this document?,id:movies:movie::2008,0
What details are given about the film with ID id:movies:movie::31 in this document?,id:movies:movie::8765,0
What details are given about the film with ID id:movies:movie::31 in this document?,id:movies:movie::6273,0
What details are given about the film with ID id:movies:movie::31 in this document?,id:movies:movie::115122,0
In what year was Money Train released?,id:movies:movie::496,0
In what year was Money Train released?,id:movies:movie::59421,0
In what year was Money Train released?,id:movies:movie::115122,0
What genres are listed for Money Train (1995)?,id:movies:movie::3326,0
What genres are listed for Money Train (1995)?,id:movies:movie::453,0
What genres are listed for Money Train (1995)?,id:movies:movie::98697,0
How would you categorize Money Train in terms of genre?,id:movies:movie::1958,0
How would you categorize Money Train in terms of genre?,id:movies:movie::3003,0
How would you categorize Money Train in terms of genre?,id:movies:movie::82499,0
What genres is Leaving Las Vegas (1995) categorized under?,id:movies:movie::1461,0
What genres is Leaving Las Vegas (1995) categorized under?,id:movies:movie::59421,0
What genres is Leaving Las Vegas (1995) categorized under?,id:movies:movie::134004,0
"Which film has the title Money Train and includes Action, Comedy, Crime, Drama, and Thriller?",id:movies:movie::81132,0
"Which film has the title Money Train and includes Action, Comedy, Crime, Drama, and Thriller?",id:movies:movie::26701,0
"Which film has the title Money Train and includes Action, Comedy, Crime, Drama, and Thriller?",id:movies:movie::46335,0
"What is the official title of the movie described as having Action, Comedy, Crime, Drama, and Thriller?",id:movies:movie::170875,1
"What is the official title of the movie described as having Action, Comedy, Crime, Drama, and Thriller?",id:movies:movie::6990,1
"What is the official title of the movie described as having Action, Comedy, Crime, Drama, and Thriller?",id:movies:movie::7235,2
"What is the official title of the movie described as having Action, Comedy, Crime, Drama, and Thriller?",id:movies:movie::7007,2
Which 1995 film has both Drama and Romance genres and is titled Leaving Las Vegas?,id:movies:movie::112749,0
Which 1995 film has both Drama and Romance genres and is titled Leaving Las Vegas?,id:movies:movie::5225,0
Which 1995 film has both Drama and Romance genres and is titled Leaving Las Vegas?,id:movies:movie::6588,0
Does Money Train blend both drama and thriller elements?,id:movies:movie::157200,0
Does Money Train blend both drama and thriller elements?,id:movies:movie::3420,0
Does Money Train blend both drama and thriller elements?,id:movies:movie::46335,0
"If I’m looking for a movie that mixes Action and Comedy, would Money Train be a match?",id:movies:movie::53161,0
"If I’m looking for a movie that mixes Action and Comedy, would Money Train be a match?",id:movies:movie::78469,2
"If I’m looking for a movie that mixes Action and Comedy, would Money Train be a match?",id:movies:movie::4066,2
What is the unique identifier id for the movie Leaving Las Vegas (1995) in this dataset?,id:movies:movie::102123,0
What is the unique identifier id for the movie Leaving Las Vegas (1995) in this dataset?,id:movies:movie::175475,0
What is the unique identifier id for the movie Leaving Las Vegas (1995) in this dataset?,id:movies:movie::108932,0
What is the internal document ID for Leaving Las Vegas (1995)?,id:movies:movie::1461,0
What is the internal document ID for Leaving Las Vegas (1995)?,id:movies:movie::134004,0
What is the internal document ID for Leaving Las Vegas (1995)?,id:movies:movie::59421,0
What are the genres of the movie Leaving Las Vegas listed in the document?,id:movies:movie::4061,0
What are the genres of the movie Leaving Las Vegas listed in the document?,id:movies:movie::4518,0
What are the genres of the movie Leaving Las Vegas listed in the document?,id:movies:movie::108932,0
What are the genres of the movie Leaving Las Vegas listed in the document?,id:movies:movie::175475,0
What is the title of the drama romance movie listed in this document?,id:movies:movie::4061,2
What is the title of the drama romance movie listed in this document?,id:movies:movie::52668,2
What is the title of the drama romance movie listed in this document?,id:movies:movie::117176,2
What is the title of the drama romance movie listed in this document?,id:movies:movie::111921,2
What are the genres of the 1995 film Assassins?,id:movies:movie::167772,0
What are the genres of the 1995 film Assassins?,id:movies:movie::165947,0
What are the genres of the 1995 film Assassins?,id:movies:movie::7013,0
What are the genres of the 1995 film Assassins?,id:movies:movie::2066,0
Is Leaving Las Vegas a drama film or a romance film?,id:movies:movie::922,2
Is Leaving Las Vegas a drama film or a romance film?,id:movies:movie::6273,2
Is Leaving Las Vegas a drama film or a romance film?,id:movies:movie::2940,2
What year is shown in the title Leaving Las Vegas (1995)?,id:movies:movie::59421,1
What year is shown in the title Leaving Las Vegas (1995)?,id:movies:movie::115122,1
What year is shown in the title Leaving Las Vegas (1995)?,id:movies:movie::96,2
In what year was Assassins released?,id:movies:movie::496,0
In what year was Assassins released?,id:movies:movie::59421,0
In what year was Assassins released?,id:movies:movie::115122,0
What is the document ID for the movie Assassins (1995)?,id:movies:movie::173535,0
What is the document ID for the movie Assassins (1995)?,id:movies:movie::175475,0
What is the document ID for the movie Assassins (1995)?,id:movies:movie::108932,0
What is the document ID for the movie Assassins (1995)?,id:movies:movie::132584,0
"Is Assassins (1995) categorized as Action, Crime, and Thriller?",id:movies:movie::3710,0
"Is Assassins (1995) categorized as Action, Crime, and Thriller?",id:movies:movie::46335,0
"Is Assassins (1995) categorized as Action, Crime, and Thriller?",id:movies:movie::72489,0
Which film released in 1995 is titled Assassins?,id:movies:movie::6273,0
Which film released in 1995 is titled Assassins?,id:movies:movie::164,0
Which film released in 1995 is titled Assassins?,id:movies:movie::999,0
What are the genres linked to the movie titled Assassins from 1995 in this document?,id:movies:movie::27002,0
What are the genres linked to the movie titled Assassins from 1995 in this document?,id:movies:movie::175475,0
What are the genres linked to the movie titled Assassins from 1995 in this document?,id:movies:movie::108932,0
What is the title of the movie with document ID id:movies:movie::23?,id:movies:movie::4518,0
What are the genres linked to the movie titled Assassins from 1995 in this document?,id:movies:movie::115122,0
What is the title of the movie with document ID id:movies:movie::23?,id:movies:movie::164367,0
What is the title of the movie with document ID id:movies:movie::23?,id:movies:movie::175475,0
What is the title of the movie with document ID id:movies:movie::23?,id:movies:movie::108932,0
In what year was Powder released?,id:movies:movie::496,0
In what year was Powder released?,id:movies:movie::59421,0
In what year was Powder released?,id:movies:movie::115122,0
What genres describe Powder (1995)?,id:movies:movie::68650,0
What genres describe Powder (1995)?,id:movies:movie::90576,0
What genres describe Powder (1995)?,id:movies:movie::147282,0
What genre categories does the movie Assassins belong to according to the record?,id:movies:movie::105037,0
What genre categories does the movie Assassins belong to according to the record?,id:movies:movie::27899,0
What genre categories does the movie Assassins belong to according to the record?,id:movies:movie::4280,0
What genre categories does the movie Assassins belong to according to the record?,id:movies:movie::115122,0
What genres are associated with Powder (1995) in its metadata?,id:movies:movie::3326,0
What genres are associated with Powder (1995) in its metadata?,id:movies:movie::59421,0
What genres are associated with Powder (1995) in its metadata?,id:movies:movie::115122,0
What is the full title and release year of the film Powder?,id:movies:movie::146028,0
What is the full title and release year of the film Powder?,id:movies:movie::147286,0
What is the full title and release year of the film Powder?,id:movies:movie::173535,0
What is the full title and release year of the film Powder?,id:movies:movie::131724,0
"Would Powder be considered a drama, a science-fiction film, or both?",id:movies:movie::922,0
"Would Powder be considered a drama, a science-fiction film, or both?",id:movies:movie::127298,0
"Would Powder be considered a drama, a science-fiction film, or both?",id:movies:movie::8044,0
"Would Powder be considered a drama, a science-fiction film, or both?",id:movies:movie::147410,0
"Is Powder listed as Drama, Sci-Fi, or both in its genre tags?",id:movies:movie::27549,0
"Is Powder listed as Drama, Sci-Fi, or both in its genre tags?",id:movies:movie::27728,0
"Is Powder listed as Drama, Sci-Fi, or both in its genre tags?",id:movies:movie::70521,0
"If I search by Powder's title, which genres should I expect to see?",id:movies:movie::5384,0
"If I search by Powder's title, which genres should I expect to see?",id:movies:movie::6614,0
"If I search by Powder's title, which genres should I expect to see?",id:movies:movie::6306,0
"If I search by Powder's title, which genres should I expect to see?",id:movies:movie::68886,0
Which film from 1995 carries the title Powder and what genres does it belong to?,id:movies:movie::477,0
Which film from 1995 carries the title Powder and what genres does it belong to?,id:movies:movie::27899,0
Which film from 1995 carries the title Powder and what genres does it belong to?,id:movies:movie::115122,0
Which film from 1995 carries the title Powder and what genres does it belong to?,id:movies:movie::27002,0
"In what year was Cry, the Beloved Country released as a drama film?",id:movies:movie::3211,0
"In what year was Cry, the Beloved Country released as a drama film?",id:movies:movie::6273,0
"In what year was Cry, the Beloved Country released as a drama film?",id:movies:movie::27899,0
"What is Cry, the Beloved Country (1995) and which genre does it belong to?",id:movies:movie::477,0
"What is Cry, the Beloved Country (1995) and which genre does it belong to?",id:movies:movie::27899,0
"What is Cry, the Beloved Country (1995) and which genre does it belong to?",id:movies:movie::5028,0
"Find the 1995 drama movie titled Cry, the Beloved Country.",id:movies:movie::3211,0
"Find the 1995 drama movie titled Cry, the Beloved Country.",id:movies:movie::8920,0
"Find the 1995 drama movie titled Cry, the Beloved Country.",id:movies:movie::679,0
"Provide details for the Cry, the Beloved Country (1995) film in the drama category.",id:movies:movie::4061,0
"Provide details for the Cry, the Beloved Country (1995) film in the drama category.",id:movies:movie::3211,0
"Provide details for the Cry, the Beloved Country (1995) film in the drama category.",id:movies:movie::4144,0
"Is Cry, the Beloved Country a drama film from 1995?",id:movies:movie::3211,0
"Is Cry, the Beloved Country a drama film from 1995?",id:movies:movie::8044,0
"Is Cry, the Beloved Country a drama film from 1995?",id:movies:movie::25940,0
"What is the genre of Cry, the Beloved Country (1995)?",id:movies:movie::167772,0
"What is the genre of Cry, the Beloved Country (1995)?",id:movies:movie::679,0
"What is the genre of Cry, the Beloved Country (1995)?",id:movies:movie::177939,0
"Give me information on Cry, the Beloved Country, the drama movie released in 1995.",id:movies:movie::3211,0
"Give me information on Cry, the Beloved Country, the drama movie released in 1995.",id:movies:movie::4061,0
What genres does Dead Presidents (1995) belong to?,id:movies:movie::477,0
"Give me information on Cry, the Beloved Country, the drama movie released in 1995.",id:movies:movie::96,0
What genres does Dead Presidents (1995) belong to?,id:movies:movie::81,0
What genres does Dead Presidents (1995) belong to?,id:movies:movie::27899,0
What are the three genres associated with Dead Presidents (1995)?,id:movies:movie::3326,0
"Which film released in 1995 is called Cry, the Beloved Country and categorized as drama?",id:movies:movie::32371,0
What are the three genres associated with Dead Presidents (1995)?,id:movies:movie::27899,0
"Which film released in 1995 is called Cry, the Beloved Country and categorized as drama?",id:movies:movie::3211,0
What are the three genres associated with Dead Presidents (1995)?,id:movies:movie::714,0
"Which film released in 1995 is called Cry, the Beloved Country and categorized as drama?",id:movies:movie::6273,0
In what year was Dead Presidents released?,id:movies:movie::496,0
In what year was Dead Presidents released?,id:movies:movie::59421,0
In what year was Dead Presidents released?,id:movies:movie::115122,0
What is the internal ID of the Dead Presidents movie in the dataset?,id:movies:movie::4061,0
What is the internal ID of the Dead Presidents movie in the dataset?,id:movies:movie::4518,0
What is the internal ID of the Dead Presidents movie in the dataset?,id:movies:movie::175475,0
What is the internal ID of the Dead Presidents movie in the dataset?,id:movies:movie::108932,0
What is the exact title of the film listed with the ID id:movies:movie::42?,id:movies:movie::120478,0
What is the exact title of the film listed with the ID id:movies:movie::42?,id:movies:movie::120827,0
What is the exact title of the film listed with the ID id:movies:movie::42?,id:movies:movie::7882,0
What is the exact title of the film listed with the ID id:movies:movie::42?,id:movies:movie::170875,0
"If I want an action crime drama from this document, which title should I pick?",id:movies:movie::157407,2
"If I want an action crime drama from this document, which title should I pick?",id:movies:movie::5384,1
"If I want an action crime drama from this document, which title should I pick?",id:movies:movie::8044,1
"If I want an action crime drama from this document, which title should I pick?",id:movies:movie::7108,2
When was It Takes Two released?,id:movies:movie::5863,0
Which genres are assigned to It Takes Two in the record?,id:movies:movie::6324,0
When was It Takes Two released?,id:movies:movie::90057,0
Which genres are assigned to It Takes Two in the record?,id:movies:movie::5863,0
When was It Takes Two released?,id:movies:movie::94931,0
Which genres are assigned to It Takes Two in the record?,id:movies:movie::1963,0
"Is Dead Presidents categorized as an action, crime, and drama film?",id:movies:movie::7108,0
"Is Dead Presidents categorized as an action, crime, and drama film?",id:movies:movie::81132,0
"Is Dead Presidents categorized as an action, crime, and drama film?",id:movies:movie::26701,0
What is the title and year of the movie described by the document?,id:movies:movie::146028,2
What is the title and year of the movie described by the document?,id:movies:movie::173535,2
What is the title and year of the movie described by the document?,id:movies:movie::147286,2
What is the title and year of the movie described by the document?,id:movies:movie::131724,2
What is the title of the 1995 film in the document?,id:movies:movie::167772,2
What is the title of the 1995 film in the document?,id:movies:movie::4061,0
What is the title of the 1995 film in the document?,id:movies:movie::407,2
What is the title of the 1995 film in the document?,id:movies:movie::177939,0
Does the document classify It Takes Two as a children's film?,id:movies:movie::953,0
Does the document classify It Takes Two as a children's film?,id:movies:movie::52730,0
Does the document classify It Takes Two as a children's film?,id:movies:movie::60487,0
Does the document classify It Takes Two as a comedy?,id:movies:movie::1784,0
Does the document classify It Takes Two as a comedy?,id:movies:movie::56837,0
Does the document classify It Takes Two as a comedy?,id:movies:movie::5863,0
What year was Waiting to Exhale released?,id:movies:movie::4,2
What genres is Waiting to Exhale listed as?,id:movies:movie::4,2
Is Waiting to Exhale a romantic comedy-drama?,id:movies:movie::4,2
What is the document ID for Waiting to Exhale?,id:movies:movie::4,2
"Which 1995 film combines comedy, drama, and romance?",id:movies:movie::4,2
List all genres associated with Waiting to Exhale.,id:movies:movie::4,2
What is the exact film record ID for Waiting to Exhale in this document?,id:movies:movie::4,2
"Which movie title corresponds to the 1995 release with genres Comedy, Drama, and Romance?",id:movies:movie::4,2
What genres describe Toy Story (1995)?,id:movies:movie::1,2
"In what year was Toy Story released, and what genres does it include?",id:movies:movie::1,2
Is Toy Story (1995) a children's movie?,id:movies:movie::1,2
Is Toy Story (1995) an animated film?,id:movies:movie::1,2
What is the complete genre list for Toy Story (1995)?,id:movies:movie::1,2
Does Toy Story (1995) belong to the fantasy genre?,id:movies:movie::1,2
Is Toy Story (1995) a comedy as well as an adventure movie?,id:movies:movie::1,2
Would you describe Toy Story (1995) as an animation adventure with comedy and fantasy elements?,id:movies:movie::1,2
What genres are listed for Cutthroat Island (1995)?,id:movies:movie::15,2
In which year was the movie Cutthroat Island released?,id:movies:movie::15,2
"Is Cutthroat Island an action, adventure, and romance film?",id:movies:movie::15,2
Tell me about Cutthroat Island from 1995.,id:movies:movie::15,2
What is the document ID associated with Cutthroat Island?,id:movies:movie::15,2
What genres does the database assign to Cutthroat Island?,id:movies:movie::15,2
What is the exact title of the action-adventure-romance film released in 1995?,id:movies:movie::15,2
"What is the title and document ID for the movie whose genres are Action, Adventure, and Romance?",id:movies:movie::15,2
"What is the release year of The American President, The (1995)?",id:movies:movie::11,2
"What genres does The American President, The (1995) belong to?",id:movies:movie::11,2
What is the exact film title including the year for the entry with ID id:movies:movie::11?,id:movies:movie::11,2
"Which movie in the document is associated with the genres Comedy, Drama, and Romance?",id:movies:movie::11,2
"What is the document ID for The American President, The (1995)?",id:movies:movie::11,2
What is the full title of the film described in the document that includes the year in parentheses?,id:movies:movie::11,2
"Which entry in the document corresponds to a 1995 film titled The American President, The?",id:movies:movie::11,2
"How is The American President, The (1995) categorized in terms of genre mix?",id:movies:movie::11,2
What genres does Heat (1995) belong to?,id:movies:movie::6,2
In what year was Heat released?,id:movies:movie::6,2
Is Heat categorized as an action movie?,id:movies:movie::6,2
Does Heat (1995) fall under crime and thriller genres as well?,id:movies:movie::6,2
What are the genres listed for the movie Heat from 1995?,id:movies:movie::6,2
How would you classify Heat (1995) in terms of film genres?,id:movies:movie::6,2
Which genres define the 1995 film Heat?,id:movies:movie::6,2
What is Heat (1995)'s genre lineup?,id:movies:movie::6,2
What is the title of the movie with document ID id:movies:movie::9?,id:movies:movie::9,2
Which genre is Sudden Death (1995) categorized as in this record?,id:movies:movie::9,2
What year is indicated in the movie title Sudden Death (1995)?,id:movies:movie::9,2
What is the document identifier assigned to Sudden Death (1995)?,id:movies:movie::9,2
What is the exact film title listed for the entry with ID id:movies:movie::9?,id:movies:movie::9,2
What metadata fields are available for Sudden Death (1995) in this document?,id:movies:movie::9,2
"If I reference the movie Sudden Death, which ID would identify its record in this dataset?",id:movies:movie::9,2
What is the title and genre combination for the film entry id:movies:movie::9?,id:movies:movie::9,2
What genres are associated with the 1995 film Tom and Huck?,id:movies:movie::8,2
In what year was the movie Tom and Huck released?,id:movies:movie::8,2
Would you categorize Tom and Huck (1995) as a children's movie?,id:movies:movie::8,2
Is Tom and Huck (1995) an adventure film?,id:movies:movie::8,2
What is the exact title of the 1995 movie described as Adventure and Children?,id:movies:movie::8,2
What basic metadata is provided for Tom and Huck released in 1995?,id:movies:movie::8,2
Which 1995 film combines the Adventure and Children genres?,id:movies:movie::8,2
Show me the document entry for Tom and Huck (1995).,id:movies:movie::8,2
What is the document ID for Sabrina (1995) in the movies dataset?,id:movies:movie::7,2
In what year was the film Sabrina released?,id:movies:movie::7,2
What genres are listed for Sabrina (1995)?,id:movies:movie::7,2
Is Sabrina (1995) classified as both a comedy and a romance?,id:movies:movie::7,2
What metadata fields are available for Sabrina (1995) in this record?,id:movies:movie::7,2
Show the complete record entry for Sabrina (1995) from the dataset.,id:movies:movie::7,2
Which movie has the title Sabrina and was released in 1995?,id:movies:movie::7,2
"How many genres does Sabrina (1995) have, and what are they?",id:movies:movie::7,2
What genres does the movie GoldenEye (1995) belong to?,id:movies:movie::10,2
"Which genres are associated with GoldenEye, the 1995 film?",id:movies:movie::10,2
"Is GoldenEye (1995) classified as Action, Adventure, and Thriller?",id:movies:movie::10,2
What is the release year and genres for GoldenEye (1995)?,id:movies:movie::10,2
Tell me details about the film GoldenEye (1995) from the provided document.,id:movies:movie::10,2
How is GoldenEye (1995) categorized genre-wise?,id:movies:movie::10,2
What is the title and genre breakdown for the 1995 movie GoldenEye?,id:movies:movie::10,2
"Give me information on the 1995 film GoldenEye, including its genre list.",id:movies:movie::10,2
What genres is the film Casino (1995) categorized under?,id:movies:movie::16,2
Is Casino (1995) considered a crime drama movie?,id:movies:movie::16,2
What is the exact title of the 1995 film that is listed as crime and drama?,id:movies:movie::16,2
Could you fetch the document for Casino (1995) from the film database?,id:movies:movie::16,2
What is the document ID for Casino (1995)?,id:movies:movie::16,2
What year is specified in the title Casino (1995)?,id:movies:movie::16,2
How is Casino (1995) categorized in terms of film genres within library classifications?,id:movies:movie::16,2
Does the film Casino (1995) belong to both crime and drama genres?,id:movies:movie::16,2
What is the Nixon film released in 1995?,id:movies:movie::14,2
Is Nixon (1995) categorized as a drama?,id:movies:movie::14,2
What genre does Nixon (1995) belong to?,id:movies:movie::14,2
Tell me about the 1995 movie Nixon.,id:movies:movie::14,2
Which film named Nixon was released in 1995?,id:movies:movie::14,2
What is the title and genre of the 1995 Nixon movie?,id:movies:movie::14,2
Is there a 1995 Nixon film in the drama genre?,id:movies:movie::14,2
Give me details on Nixon (1995) in the drama category.,id:movies:movie::14,2
What is the title and release year of the movie described in this document?,id:movies:movie::2,2
Is Jumanji (1995) categorized as a children's film?,id:movies:movie::2,2
What is the internal document ID for Jumanji (1995)?,id:movies:movie::2,2
Which three genres does Jumanji (1995) belong to?,id:movies:movie::2,2
What year is associated with the movie Jumanji in this document?,id:movies:movie::2,2
Which movie in the document has the title Jumanji (1995)?,id:movies:movie::2,2
"Is the movie Jumanji (1995) listed as an adventure, children, and fantasy film?",id:movies:movie::2,2
What is the genre of Father of the Bride Part II (1995)?,id:movies:movie::5,2
In what year was Father of the Bride Part II released?,id:movies:movie::5,2
Tell me about the film Father of the Bride Part II (1995).,id:movies:movie::5,2
What is the document ID for Father of the Bride Part II (1995) in this dataset?,id:movies:movie::5,2
What is the exact title of the film listed under id:movies:movie::5?,id:movies:movie::5,2
Which movie entry corresponds to the title Father of the Bride Part II (1995)?,id:movies:movie::5,2
Is Father of the Bride Part II categorized as a comedy in the record?,id:movies:movie::5,2
Could you show the metadata for the film Father of the Bride Part II (1995)?,id:movies:movie::5,2
What is Balto (1995)?,id:movies:movie::13,2
What genres is Balto (1995) categorized under in the document?,id:movies:movie::13,2
Which audience category does Balto (1995) target according to its genres?,id:movies:movie::13,2
What year is indicated in the Balto (1995) title?,id:movies:movie::13,2
What is the document ID for Balto (1995)?,id:movies:movie::13,2
How many genres are listed for Balto (1995) and what are they?,id:movies:movie::13,2
Does Balto (1995) fall into both adventure and animation genres?,id:movies:movie::13,2
What is the title and release year of the comedy-horror film Dracula: Dead and Loving It?,id:movies:movie::12,2
What genres are listed for Dracula: Dead and Loving It?,id:movies:movie::12,2
Is Dracula: Dead and Loving It categorized as both a comedy and a horror film?,id:movies:movie::12,2
What is the document ID for Dracula: Dead and Loving It?,id:movies:movie::12,2
What is the exact film title as it appears in the record for Dracula: Dead and Loving It (1995)?,id:movies:movie::12,2
What data fields are provided for Dracula: Dead and Loving It in this document?,id:movies:movie::12,2
"What is the exact string used for the film's title in the record, including the year version?",id:movies:movie::12,2
What genres are listed for Grumpier Old Men (1995)?,id:movies:movie::3,2
In what year was Grumpier Old Men released?,id:movies:movie::3,2
Is Grumpier Old Men described as a romantic comedy?,id:movies:movie::3,2
What is the document ID for Grumpier Old Men in this dataset?,id:movies:movie::3,2
What is the title of the movie that has the document id id:movies:movie::3?,id:movies:movie::3,2
Which movie in this collection is titled Grumpier Old Men (1995)?,id:movies:movie::3,2
What two genres classify Grumpier Old Men?,id:movies:movie::3,2
How is Grumpier Old Men categorized in this dataset by genre?,id:movies:movie::3,2
What is the Sense and Sensibility film released in 1995?,id:movies:movie::17,2
Is Sense and Sensibility (1995) categorized as Drama and Romance?,id:movies:movie::17,2
What is the document ID for Sense and Sensibility (1995) movie?,id:movies:movie::17,2
Can you tell me the genres that describe Sense and Sensibility (1995)?,id:movies:movie::17,2
What is the exact title and genres of the movie with ID id:movies:movie::17?,id:movies:movie::17,2
Which genres define Sense and Sensibility (1995)?,id:movies:movie::17,2
Tell me about Sense and Sensibility (1995) including its genre classification.,id:movies:movie::17,2
What genre is Ace Ventura: When Nature Calls (1995)?,id:movies:movie::19,2
When was Ace Ventura: When Nature Calls released?,id:movies:movie::19,2
What is the full title of the 1995 comedy listed in the document?,id:movies:movie::19,2
What is the document ID for Ace Ventura: When Nature Calls (1995)?,id:movies:movie::19,2
How many metadata fields are present for Ace Ventura: When Nature Calls in the document?,id:movies:movie::19,2
What are the field names included for Ace Ventura: When Nature Calls?,id:movies:movie::19,2
What is the value in the title field for the document with ID id:movies:movie::19?,id:movies:movie::19,2
What is the exact content of the genres field for Ace Ventura: When Nature Calls (1995)?,id:movies:movie::19,2
What genres are listed for Get Shorty (1995)?,id:movies:movie::21,2
In what year was the movie Get Shorty released?,id:movies:movie::21,2
"Is Get Shorty categorized as a comedy, crime, and thriller?",id:movies:movie::21,2
"What is the title of the 1995 film that blends comedy, crime, and thriller elements?",id:movies:movie::21,2
How is Get Shorty (1995) genre-labeled in a database?,id:movies:movie::21,2
"Which movie is categorized as Comedy, Crime, and Thriller and released in 1995?",id:movies:movie::21,2
Is Get Shorty considered a single-genre film or a multi-genre one?,id:movies:movie::21,2
Describe Get Shorty (1995) using its genre tags alone.,id:movies:movie::21,2
What are the genres of the 1995 film Copycat?,id:movies:movie::22,2
Which genres are listed for Copycat (1995)?,id:movies:movie::22,2
Is Copycat categorized as a horror film?,id:movies:movie::22,2
"Which movie released in 1995 has Crime, Drama, Horror, Mystery, and Thriller as its genres?",id:movies:movie::22,2
What year was Copycat released and what genres does it include?,id:movies:movie::22,2
Is Copycat from 1995 considered a multi-genre film?,id:movies:movie::22,2
"How many genres does Copycat (1995) have, and what are they?",id:movies:movie::22,2
Can you confirm Copycat (1995) belongs to both Mystery and Thriller genres?,id:movies:movie::22,2
What is the title of the 1995 comedy movie described in the document?,id:movies:movie::18,2
Which film released in 1995 is listed as a comedy in this dataset?,id:movies:movie::18,2
What genre is Four Rooms (1995) categorized under in the document?,id:movies:movie::18,2
What is the document ID for the movie Four Rooms (1995)?,id:movies:movie::18,2
Give me the basic details for Four Rooms (1995) as shown in the document.,id:movies:movie::18,2
What is the title associated with the document ID id:movies:movie::18?,id:movies:movie::18,2
Describe the movie Four Rooms (1995) using the information provided.,id:movies:movie::18,2
What year is included in the title of the film Four Rooms?,id:movies:movie::18,2
In what year was The City of Lost Children released?,id:movies:movie::29,2
What genres define The City of Lost Children?,id:movies:movie::29,2
What is the original French title of The City of Lost Children?,id:movies:movie::29,2
Is The City of Lost Children categorized as science fiction?,id:movies:movie::29,2
Is fantasy one of the genres for The City of Lost Children?,id:movies:movie::29,2
How many genres are listed for La Cité des enfants perdus?,id:movies:movie::29,2
What is the English title for the film with the French title La Cité des enfants perdus released in 1995?,id:movies:movie::29,2
"Which 1995 film blends adventure, drama, fantasy, mystery, and sci-fi?",id:movies:movie::29,2
What can you tell me about the 1995 drama film Othello?,id:movies:movie::26,2
Is the movie Othello (1995) categorized as drama?,id:movies:movie::26,2
In what year was the drama film Othello released?,id:movies:movie::26,2
What genre is the 1995 film Othello?,id:movies:movie::26,2
Could you confirm the title and genre for the 1995 Othello entry?,id:movies:movie::26,2
What basic details are listed for Othello (1995) in this document?,id:movies:movie::26,2
How does the document classify the film Othello (1995)?,id:movies:movie::26,2
What is the exact title used for the 1995 drama film in the dataset?,id:movies:movie::26,2
Tell me about the 1995 film Persuasion.,id:movies:movie::28,2
"Is Persuasion (1995) classified as drama, romance, or both?",id:movies:movie::28,2
What is the title of the movie described as a 1995 drama romance?,id:movies:movie::28,2
What is the document ID for Persuasion (1995) in this dataset?,id:movies:movie::28,2
Which movie title corresponds to a 1995 film with genres Drama and Romance?,id:movies:movie::28,2
What are the genres for the film Persuasion released in 1995?,id:movies:movie::28,2
Please provide the film details for Persuasion (1995) from the database.,id:movies:movie::28,2
What year was the movie Twelve Monkeys released?,id:movies:movie::32,2
What alternate title is Twelve Monkeys known by?,id:movies:movie::32,2
What genres does Twelve Monkeys (1995) belong to?,id:movies:movie::32,2
What is the document ID for the movie in this dataset?,id:movies:movie::32,2
What is the exact full title of the entry as shown in the document?,id:movies:movie::32,2
"What is the order of the elements in the title field (main title, alias, then year)?",id:movies:movie::32,2
How many genres are listed for this film?,id:movies:movie::32,2
What is the numeric code at the end of the document ID?,id:movies:movie::32,2
What year was the movie Now and Then released?,id:movies:movie::27,2
What genres is Now and Then (1995) listed under?,id:movies:movie::27,2
Is the film Now and Then intended for children audiences?,id:movies:movie::27,2
What is the exact title of the movie described as having the genres Children and Drama?,id:movies:movie::27,2
What are the genre labels assigned to the Now and Then entry?,id:movies:movie::27,2
"How is Now and Then described in the document—title, year, and genres?",id:movies:movie::27,2
Which film in this document has both the Children's and Drama genres?,id:movies:movie::27,2
What is the document ID for the Now and Then movie?,id:movies:movie::27,2
What genres is Shanghai Triad (1995) categorized under?,id:movies:movie::30,2
Is Shanghai Triad considered a crime drama film?,id:movies:movie::30,2
What is the Chinese subtitle shown in the Shanghai Triad listing?,id:movies:movie::30,2
What is the exact displayed title including year and subtitle for this movie entry?,id:movies:movie::30,2
What is the dataset document ID for Shanghai Triad?,id:movies:movie::30,2
What are the two genres assigned to Shanghai Triad in this entry?,id:movies:movie::30,2
What is the English title of the film that includes the parenthetical Yao a yao yao dao waipo qiao and was released in 1995?,id:movies:movie::30,2
What is the document ID for the film Dangerous Minds (1995)?,id:movies:movie::31,2
What is the title of the 1995 drama film listed in this document?,id:movies:movie::31,2
In what year was Dangerous Minds released?,id:movies:movie::31,2
What genre is Dangerous Minds categorized under?,id:movies:movie::31,2
Is the 1995 film Dangerous Minds classified as a drama?,id:movies:movie::31,2
What are the title and release year for the only film entry in this document?,id:movies:movie::31,2
Which movie in the document is named Dangerous Minds and belongs to the Drama genre?,id:movies:movie::31,2
What basic metadata does the document provide for the film Dangerous Minds?,id:movies:movie::31,2
What is the full list of genres for the 1995 film Money Train?,id:movies:movie::20,2
"In what year was Money Train released, and what genres does it include?",id:movies:movie::20,2
"Does Money Train combine action, comedy, crime, drama, and thriller in its genre set?",id:movies:movie::20,2
Name a 1995 movie that blends both action and comedy with crime and drama.,id:movies:movie::20,2
How would you describe Money Train in terms of genre variety?,id:movies:movie::20,2
"If I wanted a 1995 release with both action and thriller, which film fits this document?",id:movies:movie::20,2
"What is the title and release year of the movie whose genres include action, comedy, crime, drama, and thriller?",id:movies:movie::20,2
When was Leaving Las Vegas released?,id:movies:movie::25,2
"Is Leaving Las Vegas a drama film, a romance film, or both?",id:movies:movie::25,2
What is the document ID for Leaving Las Vegas (1995) in this dataset?,id:movies:movie::25,2
What is the exact title of the 1995 film described as drama and romance?,id:movies:movie::25,2
"If I search for romance dramas from 1995, would Leaving Las Vegas appear?",id:movies:movie::25,2
Which movie entry has the title Leaving Las Vegas and carries the drama and romance genres?,id:movies:movie::25,2
How are Leaving Las Vegas's genres described in its record—Drama and Romance or something else?,id:movies:movie::25,2
What is the film Assassins (1995) and what genres is it categorized under?,id:movies:movie::23,2
What genres are listed for the movie titled Assassins (1995)?,id:movies:movie::23,2
What is the document ID associated with the film Assassins (1995)?,id:movies:movie::23,2
"Is Assassins (1995) classified as action, crime, and thriller?",id:movies:movie::23,2
What is the exact title including the year for the movie listed under document id id:movies:movie::23?,id:movies:movie::23,2
How would you describe the genre combination for Assassins (1995)?,id:movies:movie::23,2
"If I search for films in the same genre group as Assassins (1995), which genres should I filter by?",id:movies:movie::23,2
What year is shown in the title of the film in this document?,id:movies:movie::23,2
What genres are listed for Powder (1995)?,id:movies:movie::24,2
What year was Powder released according to this record?,id:movies:movie::24,2
Is Powder (1995) classified as both drama and sci-fi?,id:movies:movie::24,2
Which two genres apply to Powder (1995) in this dataset?,id:movies:movie::24,2
What is the internal document ID for Powder (1995)?,id:movies:movie::24,2
"If I search by title Powder (1995), what genres would be returned?",id:movies:movie::24,2
What is the full title entry for the film Powder (1995) in this record?,id:movies:movie::24,2
Which document ID corresponds to Powder (1995) in the dataset?,id:movies:movie::24,2
What is the title of the movie for document ID id:movies:movie::40?,id:movies:movie::40,2
"In what year was Cry, the Beloved Country released?",id:movies:movie::40,2
"What genre is Cry, the Beloved Country categorized under?",id:movies:movie::40,2
"What is the dataset ID for Cry, the Beloved Country (1995)?",id:movies:movie::40,2
"Which metadata fields are present for Cry, the Beloved Country (1995) in this document?",id:movies:movie::40,2
"Provide a brief description of Cry, the Beloved Country (1995) based on its metadata.",id:movies:movie::40,2
Does the entry's title include the year 1995 in parentheses?,id:movies:movie::40,2
"If I filter a catalog to only drama films, would Cry, the Beloved Country (1995) be included?",id:movies:movie::40,2
What is the full title of the 1995 action crime drama film listed in the document?,id:movies:movie::42,2
Which genres are listed for Dead Presidents (1995)?,id:movies:movie::42,2
What is the database ID for the Dead Presidents movie?,id:movies:movie::42,2
In what year was Dead Presidents released according to this entry?,id:movies:movie::42,2
What is the exact movie title including the release year as shown in the document?,id:movies:movie::42,2
Which movie entry corresponds to the identifier id:movies:movie::42?,id:movies:movie::42,2
"Is Dead Presidents categorized under all three genres Action, Crime, and Drama?",id:movies:movie::42,2
What is the title of the film in this document that has the release year 1995?,id:movies:movie::42,2
What genres is It Takes Two (1995) listed under?,id:movies:movie::38,2
What is the document ID for It Takes Two (1995)?,id:movies:movie::38,2
What is the exact movie title shown for the ID id:movies:movie::38?,id:movies:movie::38,2
What year is included in the title It Takes Two (1995)?,id:movies:movie::38,2
Is It Takes Two (1995) categorized as a children's film?,id:movies:movie::38,2
Is It Takes Two (1995) categorized as a comedy film?,id:movies:movie::38,2
Does It Takes Two (1995) belong to both the Children and Comedy genres?,id:movies:movie::38,2
Which movie in the document has the ID id:movies:movie::38?,id:movies:movie::38,2
What genres are listed for Pocahontas (1995)?,id:movies:movie::48,2
Which genres of Pocahontas (1995) include romance?,id:movies:movie::48,2
What year is shown in the film title Pocahontas (1995)?,id:movies:movie::48,2
How many genres is Pocahontas (1995) classified under?,id:movies:movie::48,2
Is Pocahontas (1995) categorized as a musical?,id:movies:movie::48,2
Is drama a genre associated with Pocahontas (1995)?,id:movies:movie::48,2
Do the genres for Pocahontas (1995) include both Animation and Romance?,id:movies:movie::48,2
What genres describe the 1995 film To Die For?,id:movies:movie::45,2
"Tell me about To Die For (1995) and its genre trio of comedy, drama, and thriller.",id:movies:movie::45,2
"In what year was To Die For released, and which genres does it belong to?",id:movies:movie::45,2
"Is the movie To Die For categorized as a comedy, a drama, and a thriller?",id:movies:movie::45,2
Give me a quick overview of To Die For (1995) focusing on its genre mix.,id:movies:movie::45,2
How would you classify To Die For (1995) based on its listed genres?,id:movies:movie::45,2
What is the title and genre classification for the 1995 film described in the document?,id:movies:movie::45,2
"I’m searching for the movie To Die For and want to know its genre labels: comedy, drama, and thriller.",id:movies:movie::45,2
What year was Seven (Se7en) released and what genres is it listed under?,id:movies:movie::47,2
"Could you give a brief overview of the 1995 film Seven, also known as Se7en?",id:movies:movie::47,2
What are the genres associated with the 1995 movie Seven?,id:movies:movie::47,2
What is the alternate title of the 1995 film Seven?,id:movies:movie::47,2
Is Seven from 1995 categorized as both a mystery and a thriller?,id:movies:movie::47,2
Which film from 1995 is Seven also known as Se7en?,id:movies:movie::47,2
How would you classify the 1995 movie Seven in terms of its genre categories?,id:movies:movie::47,2
"Please provide basic information for the film Seven (Se7en), including its release year and genres.",id:movies:movie::47,2
What genre is Restoration (1995)?,id:movies:movie::43,2
In what year was Restoration released?,id:movies:movie::43,2
Is Restoration (1995) a drama film?,id:movies:movie::43,2
What is the release year of Restoration?,id:movies:movie::43,2
What is the genre for Restoration (1995)?,id:movies:movie::43,2
Tell me about the 1995 film Restoration.,id:movies:movie::43,2
Which movie released in 1995 is named Restoration?,id:movies:movie::43,2
What is the title and year of the drama film Restoration?,id:movies:movie::43,2
What is the title of the movie with the document ID id:movies:movie::41?,id:movies:movie::41,2
What genres are associated with Richard III (1995)?,id:movies:movie::41,2
Do the genres of Richard III (1995) include both drama and war?,id:movies:movie::41,2
"When was Richard III released, according to the document?",id:movies:movie::41,2
What is the dataset ID for the film titled Richard III (1995)?,id:movies:movie::41,2
How would you describe the film Richard III (1995) based on its genre tags?,id:movies:movie::41,2
Which film in the dataset has the title Richard III (1995) and is categorized as Drama and War?,id:movies:movie::41,2
Can you confirm the exact title and year for the movie referenced by id:movies:movie::41?,id:movies:movie::41,2
What genres are listed for The Usual Suspects (1995)?,id:movies:movie::50,2
In what year was The Usual Suspects released?,id:movies:movie::50,2
What is the internal document ID for The Usual Suspects (1995) in the movie database?,id:movies:movie::50,2
"How is The Usual Suspects’ title formatted in the catalog, including the release year?",id:movies:movie::50,2
Which three genres classify The Usual Suspects?,id:movies:movie::50,2
Is The Usual Suspects categorized as a thriller in this dataset?,id:movies:movie::50,2
"What is the exact catalog entry name for the 1995 crime, mystery, thriller film The Usual Suspects?",id:movies:movie::50,2
What is the catalog entry for the movie with the document ID id:movies:movie::50?,id:movies:movie::50,2
What genres does Mighty Aphrodite (1995) fall under?,id:movies:movie::52,2
In what year was Mighty Aphrodite released?,id:movies:movie::52,2
"Is Mighty Aphrodite categorized as a comedy, a drama, and a romance?",id:movies:movie::52,2
What are the genres listed for the film Mighty Aphrodite (1995)?,id:movies:movie::52,2
What is the internal document ID for Mighty Aphrodite in the dataset?,id:movies:movie::52,2
Which genres are associated with the movie Mighty Aphrodite released in 1995?,id:movies:movie::52,2
"What is the official title and year of the film that combines comedy, drama, and romance?",id:movies:movie::52,2
How is Mighty Aphrodite identified in the data set (title and year)?,id:movies:movie::52,2
What genres is Dead Man Walking (1995) classified under in the catalog?,id:movies:movie::36,2
Is Dead Man Walking a crime drama film released in 1995?,id:movies:movie::36,2
"What year did Dead Man Walking come out, and what genres does it belong to?",id:movies:movie::36,2
Tell me about the 1995 film Dead Man Walking and its genre tags.,id:movies:movie::36,2
Which genres are associated with the film Dead Man Walking from 1995?,id:movies:movie::36,2
How is Dead Man Walking (1995) categorized in terms of genre in this dataset?,id:movies:movie::36,2
"If I’m looking for Crime and Drama titles, does Dead Man Walking (1995) fit that category?",id:movies:movie::36,2
"Provide the basic identification for Dead Man Walking including its title, year, and genres.",id:movies:movie::36,2
What is the document ID for Mortal Kombat (1995)?,id:movies:movie::44,2
What is the exact title of the movie listed under this document?,id:movies:movie::44,2
What year is shown in the movie title Mortal Kombat (1995)?,id:movies:movie::44,2
What genres are associated with Mortal Kombat (1995)?,id:movies:movie::44,2
Is Mortal Kombat (1995) categorized as action?,id:movies:movie::44,2
Is Adventure among the genres for Mortal Kombat (1995)?,id:movies:movie::44,2
Is Fantasy one of the genres for Mortal Kombat (1995)?,id:movies:movie::44,2
How many genres does Mortal Kombat (1995) have?,id:movies:movie::44,2
What is the title and release year of the film listed as id:movies:movie::46?,id:movies:movie::46,2
Which genres are assigned to How to Make an American Quilt?,id:movies:movie::46,2
In what year did the movie How to Make an American Quilt release?,id:movies:movie::46,2
What genres describe the 1995 film How to Make an American Quilt?,id:movies:movie::46,2
What is the document ID for the film How to Make an American Quilt?,id:movies:movie::46,2
"Is How to Make an American Quilt categorized as a drama, a romance, or both?",id:movies:movie::46,2
What is the full title of the movie with genres Drama and Romance in the dataset?,id:movies:movie::46,2
Which film in the document has the title How to Make an American Quilt?,id:movies:movie::46,2
What genres is Clueless (1995) categorized under?,id:movies:movie::39,2
Is Clueless (1995) considered both a comedy and a romance?,id:movies:movie::39,2
What are the two genres listed for Clueless (1995)?,id:movies:movie::39,2
What is the exact film title used in the record that lists Comedy and Romance?,id:movies:movie::39,2
Which movie entry in this document is titled Clueless (1995)?,id:movies:movie::39,2
How would you classify Clueless (1995) based on its genre tags?,id:movies:movie::39,2
What information does the document provide about the movie 'Clueless (1995)'?,id:movies:movie::39,2
"If I search for Clueless (1995), what genres should I expect to see?",id:movies:movie::39,2
What is the title of the movie with document id id:movies:movie::49?,id:movies:movie::49,2
What genres does When Night Is Falling belong to?,id:movies:movie::49,2
In what year is When Night Is Falling released (as shown in the title)?,id:movies:movie::49,2
What is the document identifier for the movie When Night Is Falling?,id:movies:movie::49,2
"Is When Night Is Falling categorized as drama, romance, or both?",id:movies:movie::49,2
Please provide the title and genres for the movie associated with id id:movies:movie::49.,id:movies:movie::49,2
"What is the exact film title, including the year, as it appears in the record?",id:movies:movie::49,2
"If you were tagging this movie by genres, what two genres would you use?",id:movies:movie::49,2
What is the title of the movie with ID id:movies:movie::34?,id:movies:movie::34,2
What year is included in Babe (1995) title?,id:movies:movie::34,2
Which genres are listed for Babe (1995)?,id:movies:movie::34,2
Is Babe (1995) categorized under both Children and Drama?,id:movies:movie::34,2
What is the document ID for the Babe movie entry?,id:movies:movie::34,2
What genres is Waiting to Exhale listed as?,id:movies:movie::134004,0
What genres is Waiting to Exhale listed as?,id:movies:movie::105037,0
What genres is Waiting to Exhale listed as?,id:movies:movie::5028,0
What year was Waiting to Exhale released?,id:movies:movie::496,0
In what year was Shanghai Triad released?,id:movies:movie::496,0
What year was Waiting to Exhale released?,id:movies:movie::95199,0
In what year was Shanghai Triad released?,id:movies:movie::59421,0
In what year was Shanghai Triad released?,id:movies:movie::115122,0
What year was Waiting to Exhale released?,id:movies:movie::3546,0
What is the document ID for Waiting to Exhale?,id:movies:movie::81191,0
What is the document ID for Waiting to Exhale?,id:movies:movie::1449,0
What is the document ID for Waiting to Exhale?,id:movies:movie::134004,0
What genres are listed for Sense and Sensibility (1995)?,id:movies:movie::3326,0
What genres are listed for Sense and Sensibility (1995)?,id:movies:movie::3420,0
What genres are listed for Sense and Sensibility (1995)?,id:movies:movie::31422,0
Is Pocahontas (1995) an animated film?,id:movies:movie::164,0
Is Pocahontas (1995) an animated film?,id:movies:movie::95193,1
Is Pocahontas (1995) an animated film?,id:movies:movie::7264,0
What genres are listed for Persuasion (1995)?,id:movies:movie::3326,0
What genres are listed for Persuasion (1995)?,id:movies:movie::74508,1
What genres are listed for Persuasion (1995)?,id:movies:movie::31422,0
List all genres associated with Waiting to Exhale.,id:movies:movie::105037,0
List all genres associated with Waiting to Exhale.,id:movies:movie::2123,0
List all genres associated with Waiting to Exhale.,id:movies:movie::164375,0
What is the exact film record ID for Waiting to Exhale in this document?,id:movies:movie::8765,0
What is the exact film record ID for Waiting to Exhale in this document?,id:movies:movie::2008,0
What is the exact film record ID for Waiting to Exhale in this document?,id:movies:movie::102123,0
"Which 1995 film combines comedy, drama, and romance?",id:movies:movie::112749,0
"Which 1995 film combines comedy, drama, and romance?",id:movies:movie::48032,0
"Which 1995 film combines comedy, drama, and romance?",id:movies:movie::103245,0
"Which 1995 film combines comedy, drama, and romance?",id:movies:movie::1235,0
Is Waiting to Exhale a romantic comedy-drama?,id:movies:movie::81949,1
Is Waiting to Exhale a romantic comedy-drama?,id:movies:movie::946,1
Is Waiting to Exhale a romantic comedy-drama?,id:movies:movie::45,0
"Which movie title corresponds to the 1995 release with genres Comedy, Drama, and Romance?",id:movies:movie::50792,0
"Which movie title corresponds to the 1995 release with genres Comedy, Drama, and Romance?",id:movies:movie::195,2
"Which movie title corresponds to the 1995 release with genres Comedy, Drama, and Romance?",id:movies:movie::11,2
"In what year was Toy Story released, and what genres does it include?",id:movies:movie::115122,0
"In what year was Toy Story released, and what genres does it include?",id:movies:movie::477,0
"In what year was Toy Story released, and what genres does it include?",id:movies:movie::496,0
"In what year was Toy Story released, and what genres does it include?",id:movies:movie::27899,0
Is Toy Story (1995) a children's movie?,id:movies:movie::258,0
Is Toy Story (1995) a children's movie?,id:movies:movie::52730,0
Is Toy Story (1995) a children's movie?,id:movies:movie::3400,0
What genres describe Toy Story (1995)?,id:movies:movie::3114,1
What genres describe Toy Story (1995)?,id:movies:movie::78499,1
What genres describe Toy Story (1995)?,id:movies:movie::2253,0
Is Toy Story (1995) an animated film?,id:movies:movie::127180,0
Is Toy Story (1995) an animated film?,id:movies:movie::78499,1
Is Toy Story (1995) an animated film?,id:movies:movie::3114,1
Does Toy Story (1995) belong to the fantasy genre?,id:movies:movie::3114,1
Does Toy Story (1995) belong to the fantasy genre?,id:movies:movie::78499,1
Does Toy Story (1995) belong to the fantasy genre?,id:movies:movie::606,0
What is the complete genre list for Toy Story (1995)?,id:movies:movie::3114,0
What is the complete genre list for Toy Story (1995)?,id:movies:movie::78499,0
What genres are listed for Cutthroat Island (1995)?,id:movies:movie::3326,0
What genres are listed for Cutthroat Island (1995)?,id:movies:movie::880,0
What is the complete genre list for Toy Story (1995)?,id:movies:movie::134004,0
What genres are listed for Cutthroat Island (1995)?,id:movies:movie::34319,0
In which year was the movie Cutthroat Island released?,id:movies:movie::34319,0
In which year was the movie Cutthroat Island released?,id:movies:movie::1652,0
In which year was the movie Cutthroat Island released?,id:movies:movie::7047,0
Would you describe Toy Story (1995) as an animation adventure with comedy and fantasy elements?,id:movies:movie::3114,1
Would you describe Toy Story (1995) as an animation adventure with comedy and fantasy elements?,id:movies:movie::78499,1
Would you describe Toy Story (1995) as an animation adventure with comedy and fantasy elements?,id:movies:movie::3754,0
What is the document ID associated with Cutthroat Island?,id:movies:movie::134004,0
Is Toy Story (1995) a comedy as well as an adventure movie?,id:movies:movie::3114,1
What is the document ID associated with Cutthroat Island?,id:movies:movie::27899,0
"Is Cutthroat Island an action, adventure, and romance film?",id:movies:movie::940,2
Is Toy Story (1995) a comedy as well as an adventure movie?,id:movies:movie::78499,1
What is the document ID associated with Cutthroat Island?,id:movies:movie::5028,0
"Is Cutthroat Island an action, adventure, and romance film?",id:movies:movie::2406,2
Is Toy Story (1995) a comedy as well as an adventure movie?,id:movies:movie::1784,0
"Is Cutthroat Island an action, adventure, and romance film?",id:movies:movie::33681,1
Tell me about Cutthroat Island from 1995.,id:movies:movie::54372,0
Tell me about Cutthroat Island from 1995.,id:movies:movie::34319,0
Tell me about Cutthroat Island from 1995.,id:movies:movie::880,0
What genres does the database assign to Cutthroat Island?,id:movies:movie::27899,0
What genres does the database assign to Cutthroat Island?,id:movies:movie::115122,0
What genres does the database assign to Cutthroat Island?,id:movies:movie::105037,0
What is the exact title of the action-adventure-romance film released in 1995?,id:movies:movie::940,0
What is the exact title of the action-adventure-romance film released in 1995?,id:movies:movie::2405,0
What is the exact title of the action-adventure-romance film released in 1995?,id:movies:movie::78105,0
What is the exact title of the action-adventure-romance film released in 1995?,id:movies:movie::5540,0
"What is the release year of The American President, The (1995)?",id:movies:movie::167772,0
"What is the release year of The American President, The (1995)?",id:movies:movie::7882,0
"What is the release year of The American President, The (1995)?",id:movies:movie::4518,0
"What is the title and document ID for the movie whose genres are Action, Adventure, and Romance?",id:movies:movie::146309,0
"What is the title and document ID for the movie whose genres are Action, Adventure, and Romance?",id:movies:movie::2406,2
"Which movie in the document is associated with the genres Comedy, Drama, and Romance?",id:movies:movie::52668,2
"What is the title and document ID for the movie whose genres are Action, Adventure, and Romance?",id:movies:movie::940,2
"What is the title and document ID for the movie whose genres are Action, Adventure, and Romance?",id:movies:movie::33681,0
"Which movie in the document is associated with the genres Comedy, Drama, and Romance?",id:movies:movie::4061,1
"Which movie in the document is associated with the genres Comedy, Drama, and Romance?",id:movies:movie::111921,1
"Which movie in the document is associated with the genres Comedy, Drama, and Romance?",id:movies:movie::113225,2
"What is the document ID for The American President, The (1995)?",id:movies:movie::173535,0
"What is the document ID for The American President, The (1995)?",id:movies:movie::167772,0
"What is the document ID for The American President, The (1995)?",id:movies:movie::177939,0
"What genres does The American President, The (1995) belong to?",id:movies:movie::27899,0
"What genres does The American President, The (1995) belong to?",id:movies:movie::115122,0
"What genres does The American President, The (1995) belong to?",id:movies:movie::105037,0
What is the full title of the film described in the document that includes the year in parentheses?,id:movies:movie::4061,2
What is the full title of the film described in the document that includes the year in parentheses?,id:movies:movie::111921,2
What is the full title of the film described in the document that includes the year in parentheses?,id:movies:movie::1950,2
What is the full title of the film described in the document that includes the year in parentheses?,id:movies:movie::475,2
"Which entry in the document corresponds to a 1995 film titled The American President, The?",id:movies:movie::117368,0
"Which entry in the document corresponds to a 1995 film titled The American President, The?",id:movies:movie::111743,0
"Which entry in the document corresponds to a 1995 film titled The American President, The?",id:movies:movie::57326,0
What is the exact film title including the year for the entry with ID id:movies:movie::11?,id:movies:movie::173535,0
What is the exact film title including the year for the entry with ID id:movies:movie::11?,id:movies:movie::164367,0
What is the exact film title including the year for the entry with ID id:movies:movie::11?,id:movies:movie::3329,0
What is the exact film title including the year for the entry with ID id:movies:movie::11?,id:movies:movie::160565,0
"How is The American President, The (1995) categorized in terms of genre mix?",id:movies:movie::407,0
"How is The American President, The (1995) categorized in terms of genre mix?",id:movies:movie::167772,0
"How is The American President, The (1995) categorized in terms of genre mix?",id:movies:movie::4061,0
What genres does Heat (1995) belong to?,id:movies:movie::477,0
What genres does Heat (1995) belong to?,id:movies:movie::27899,0
What genres does Heat (1995) belong to?,id:movies:movie::115122,0
What are the genres listed for the movie Heat from 1995?,id:movies:movie::108932,0
What are the genres listed for the movie Heat from 1995?,id:movies:movie::175475,0
What are the genres listed for the movie Heat from 1995?,id:movies:movie::132584,0
What are the genres listed for the movie Heat from 1995?,id:movies:movie::157340,0
Is Heat categorized as an action movie?,id:movies:movie::103372,2
Does Heat (1995) fall under crime and thriller genres as well?,id:movies:movie::3906,2
Is Heat categorized as an action movie?,id:movies:movie::3710,0
Does Heat (1995) fall under crime and thriller genres as well?,id:movies:movie::2973,1
Is Heat categorized as an action movie?,id:movies:movie::5720,0
Does Heat (1995) fall under crime and thriller genres as well?,id:movies:movie::46335,2
In what year was Heat released?,id:movies:movie::496,0
In what year was Heat released?,id:movies:movie::59421,0
In what year was Heat released?,id:movies:movie::115122,0
In what year was Heat released?,id:movies:movie::1950,1
Which genres define the 1995 film Heat?,id:movies:movie::103372,0
Which genres define the 1995 film Heat?,id:movies:movie::8491,0
Which genres define the 1995 film Heat?,id:movies:movie::26701,0
What is Heat (1995)'s genre lineup?,id:movies:movie::134004,0
What is Heat (1995)'s genre lineup?,id:movies:movie::5028,0
What is Heat (1995)'s genre lineup?,id:movies:movie::337,0
What is the title of the movie with document ID id:movies:movie::9?,id:movies:movie::4518,0
What is the title of the movie with document ID id:movies:movie::9?,id:movies:movie::164367,0
What is the title of the movie with document ID id:movies:movie::9?,id:movies:movie::175475,0
What is the title of the movie with document ID id:movies:movie::9?,id:movies:movie::108932,0
Which genre is Sudden Death (1995) categorized as in this record?,id:movies:movie::99117,0
Which genre is Sudden Death (1995) categorized as in this record?,id:movies:movie::102123,0
Which genre is Sudden Death (1995) categorized as in this record?,id:movies:movie::1288,0
"If I reference the movie Sudden Death, which ID would identify its record in this dataset?",id:movies:movie::113604,0
What is the document identifier assigned to Sudden Death (1995)?,id:movies:movie::134004,0
"If I reference the movie Sudden Death, which ID would identify its record in this dataset?",id:movies:movie::142558,0
What is the document identifier assigned to Sudden Death (1995)?,id:movies:movie::27899,0
What is the document identifier assigned to Sudden Death (1995)?,id:movies:movie::5028,0
"If I reference the movie Sudden Death, which ID would identify its record in this dataset?",id:movies:movie::6760,0
What is the exact film title listed for the entry with ID id:movies:movie::9?,id:movies:movie::164367,0
What is the exact film title listed for the entry with ID id:movies:movie::9?,id:movies:movie::173535,0
What is the exact film title listed for the entry with ID id:movies:movie::9?,id:movies:movie::177939,0
What is the exact film title listed for the entry with ID id:movies:movie::9?,id:movies:movie::27899,0
What metadata fields are available for Sudden Death (1995) in this document?,id:movies:movie::103685,2
What metadata fields are available for Sudden Death (1995) in this document?,id:movies:movie::3326,2
What metadata fields are available for Sudden Death (1995) in this document?,id:movies:movie::6760,2
What genres are associated with the 1995 film Tom and Huck?,id:movies:movie::136503,0
What genres are associated with the 1995 film Tom and Huck?,id:movies:movie::131130,0
What genres are associated with the 1995 film Tom and Huck?,id:movies:movie::3326,0
How would you classify Heat (1995) in terms of film genres?,id:movies:movie::6515,0
How would you classify Heat (1995) in terms of film genres?,id:movies:movie::6273,0
How would you classify Heat (1995) in terms of film genres?,id:movies:movie::164,0
How would you classify Heat (1995) in terms of film genres?,id:movies:movie::1950,0
What year is indicated in the movie title Sudden Death (1995)?,id:movies:movie::115122,1
What year is indicated in the movie title Sudden Death (1995)?,id:movies:movie::96,2
What year is indicated in the movie title Sudden Death (1995)?,id:movies:movie::407,2
What is the title and genre combination for the film entry id:movies:movie::9?,id:movies:movie::173535,0
What is the title and genre combination for the film entry id:movies:movie::9?,id:movies:movie::3169,0
What is the title and genre combination for the film entry id:movies:movie::9?,id:movies:movie::126921,0
What is the title and genre combination for the film entry id:movies:movie::9?,id:movies:movie::177939,0
In what year was the movie Tom and Huck released?,id:movies:movie::115122,0
In what year was the movie Tom and Huck released?,id:movies:movie::131130,0
In what year was the movie Tom and Huck released?,id:movies:movie::136503,0
What basic metadata is provided for Tom and Huck released in 1995?,id:movies:movie::136503,0
What basic metadata is provided for Tom and Huck released in 1995?,id:movies:movie::131130,0
What basic metadata is provided for Tom and Huck released in 1995?,id:movies:movie::134004,0
Is Tom and Huck (1995) an adventure film?,id:movies:movie::5076,0
Is Tom and Huck (1995) an adventure film?,id:movies:movie::3754,0
Is Tom and Huck (1995) an adventure film?,id:movies:movie::2846,0
Show me the document entry for Tom and Huck (1995).,id:movies:movie::136503,0
Show me the document entry for Tom and Huck (1995).,id:movies:movie::55620,0
Show me the document entry for Tom and Huck (1995).,id:movies:movie::127202,0
In what year was the film Sabrina released?,id:movies:movie::6273,0
In what year was the film Sabrina released?,id:movies:movie::115122,0
In what year was the film Sabrina released?,id:movies:movie::999,0
In what year was the film Sabrina released?,id:movies:movie::496,0
Which 1995 film combines the Adventure and Children genres?,id:movies:movie::3754,0
Which 1995 film combines the Adventure and Children genres?,id:movies:movie::2846,0
Which 1995 film combines the Adventure and Children genres?,id:movies:movie::33681,0
Which 1995 film combines the Adventure and Children genres?,id:movies:movie::126921,0
What is the exact title of the 1995 movie described as Adventure and Children?,id:movies:movie::3754,0
What is the exact title of the 1995 movie described as Adventure and Children?,id:movies:movie::2846,0
What is the document ID for Sabrina (1995) in the movies dataset?,id:movies:movie::4061,0
What is the exact title of the 1995 movie described as Adventure and Children?,id:movies:movie::33681,0
What is the exact title of the 1995 movie described as Adventure and Children?,id:movies:movie::126142,0
What is the document ID for Sabrina (1995) in the movies dataset?,id:movies:movie::115122,0
What is the document ID for Sabrina (1995) in the movies dataset?,id:movies:movie::96,0
What is the document ID for Sabrina (1995) in the movies dataset?,id:movies:movie::407,0
Would you categorize Tom and Huck (1995) as a children's movie?,id:movies:movie::52730,1
Would you categorize Tom and Huck (1995) as a children's movie?,id:movies:movie::258,1
Would you categorize Tom and Huck (1995) as a children's movie?,id:movies:movie::4896,1
What genres are listed for Sabrina (1995)?,id:movies:movie::3326,0
What genres are listed for Sabrina (1995)?,id:movies:movie::915,0
What genres are listed for Sabrina (1995)?,id:movies:movie::31422,0
Is Sabrina (1995) classified as both a comedy and a romance?,id:movies:movie::146024,0
Is Sabrina (1995) classified as both a comedy and a romance?,id:movies:movie::8738,0
Is Sabrina (1995) classified as both a comedy and a romance?,id:movies:movie::357,0
Which movie has the title Sabrina and was released in 1995?,id:movies:movie::96,0
Which movie has the title Sabrina and was released in 1995?,id:movies:movie::407,0
Which movie has the title Sabrina and was released in 1995?,id:movies:movie::1398,0
What metadata fields are available for Sabrina (1995) in this record?,id:movies:movie::103685,0
What metadata fields are available for Sabrina (1995) in this record?,id:movies:movie::3326,0
What metadata fields are available for Sabrina (1995) in this record?,id:movies:movie::6760,0
"How many genres does Sabrina (1995) have, and what are they?",id:movies:movie::26527,0
"How many genres does Sabrina (1995) have, and what are they?",id:movies:movie::3326,0
"How many genres does Sabrina (1995) have, and what are they?",id:movies:movie::82499,0
What genres does the movie GoldenEye (1995) belong to?,id:movies:movie::27899,0
What genres does the movie GoldenEye (1995) belong to?,id:movies:movie::115122,0
What genres does the movie GoldenEye (1995) belong to?,id:movies:movie::477,0
What genres does the movie GoldenEye (1995) belong to?,id:movies:movie::105037,0
Show the complete record entry for Sabrina (1995) from the dataset.,id:movies:movie::86892,0
Show the complete record entry for Sabrina (1995) from the dataset.,id:movies:movie::165343,0
Show the complete record entry for Sabrina (1995) from the dataset.,id:movies:movie::167772,0
Show the complete record entry for Sabrina (1995) from the dataset.,id:movies:movie::138036,0
How is GoldenEye (1995) categorized genre-wise?,id:movies:movie::46,0
How is GoldenEye (1995) categorized genre-wise?,id:movies:movie::143896,0
How is GoldenEye (1995) categorized genre-wise?,id:movies:movie::148956,0
What is the release year and genres for GoldenEye (1995)?,id:movies:movie::134004,0
What is the release year and genres for GoldenEye (1995)?,id:movies:movie::173535,0
What is the release year and genres for GoldenEye (1995)?,id:movies:movie::27899,0
"Give me information on the 1995 film GoldenEye, including its genre list.",id:movies:movie::113378,0
"Give me information on the 1995 film GoldenEye, including its genre list.",id:movies:movie::109241,0
"Give me information on the 1995 film GoldenEye, including its genre list.",id:movies:movie::175387,0
"Which genres are associated with GoldenEye, the 1995 film?",id:movies:movie::8600,0
"Which genres are associated with GoldenEye, the 1995 film?",id:movies:movie::26701,0
"Which genres are associated with GoldenEye, the 1995 film?",id:movies:movie::164,0
What is the title and genre breakdown for the 1995 movie GoldenEye?,id:movies:movie::173535,0
What is the title and genre breakdown for the 1995 movie GoldenEye?,id:movies:movie::3169,0
What is the title and genre breakdown for the 1995 movie GoldenEye?,id:movies:movie::108932,0
What is the title and genre breakdown for the 1995 movie GoldenEye?,id:movies:movie::175475,0
Tell me details about the film GoldenEye (1995) from the provided document.,id:movies:movie::25940,0
Tell me details about the film GoldenEye (1995) from the provided document.,id:movies:movie::86892,0
Tell me details about the film GoldenEye (1995) from the provided document.,id:movies:movie::167772,0
Tell me details about the film GoldenEye (1995) from the provided document.,id:movies:movie::138036,0
"Is GoldenEye (1995) classified as Action, Adventure, and Thriller?",id:movies:movie::3082,0
"Is GoldenEye (1995) classified as Action, Adventure, and Thriller?",id:movies:movie::33681,0
"Is GoldenEye (1995) classified as Action, Adventure, and Thriller?",id:movies:movie::170,0
What genres is the film Casino (1995) categorized under?,id:movies:movie::134004,0
What genres is the film Casino (1995) categorized under?,id:movies:movie::27899,0
What genres is the film Casino (1995) categorized under?,id:movies:movie::204,0
Could you fetch the document for Casino (1995) from the film database?,id:movies:movie::25940,0
What is the exact title of the 1995 film that is listed as crime and drama?,id:movies:movie::69516,0
Could you fetch the document for Casino (1995) from the film database?,id:movies:movie::86892,0
What is the exact title of the 1995 film that is listed as crime and drama?,id:movies:movie::3169,0
Could you fetch the document for Casino (1995) from the film database?,id:movies:movie::173535,0
What is the exact title of the 1995 film that is listed as crime and drama?,id:movies:movie::26701,0
What is the exact title of the 1995 film that is listed as crime and drama?,id:movies:movie::146028,0
Could you fetch the document for Casino (1995) from the film database?,id:movies:movie::138036,0
What is the document ID for Casino (1995)?,id:movies:movie::134004,0
What is the document ID for Casino (1995)?,id:movies:movie::27899,0
What is the document ID for Casino (1995)?,id:movies:movie::5028,0
How is Casino (1995) categorized in terms of film genres within library classifications?,id:movies:movie::6273,0
How is Casino (1995) categorized in terms of film genres within library classifications?,id:movies:movie::164,0
How is Casino (1995) categorized in terms of film genres within library classifications?,id:movies:movie::1958,0
How is Casino (1995) categorized in terms of film genres within library classifications?,id:movies:movie::407,0
Is Casino (1995) considered a crime drama movie?,id:movies:movie::30,0
Is Casino (1995) considered a crime drama movie?,id:movies:movie::26701,0
Is Casino (1995) considered a crime drama movie?,id:movies:movie::37731,0
Does the film Casino (1995) belong to both crime and drama genres?,id:movies:movie::7926,0
Does the film Casino (1995) belong to both crime and drama genres?,id:movies:movie::47566,0
Does the film Casino (1995) belong to both crime and drama genres?,id:movies:movie::26701,0
What is the Nixon film released in 1995?,id:movies:movie::6273,0
What is the Nixon film released in 1995?,id:movies:movie::164,0
What is the Nixon film released in 1995?,id:movies:movie::115122,0
What is the Nixon film released in 1995?,id:movies:movie::999,0
Tell me about the 1995 movie Nixon.,id:movies:movie::55620,0
Tell me about the 1995 movie Nixon.,id:movies:movie::585,0
Tell me about the 1995 movie Nixon.,id:movies:movie::181,0
What genre does Nixon (1995) belong to?,id:movies:movie::477,0
What genre does Nixon (1995) belong to?,id:movies:movie::27899,0
What genre does Nixon (1995) belong to?,id:movies:movie::115122,0
Is Nixon (1995) categorized as a drama?,id:movies:movie::1784,0
Is Nixon (1995) categorized as a drama?,id:movies:movie::56837,0
Is Nixon (1995) categorized as a drama?,id:movies:movie::4880,0
Which film named Nixon was released in 1995?,id:movies:movie::6273,0
Which film named Nixon was released in 1995?,id:movies:movie::164,0
Which film named Nixon was released in 1995?,id:movies:movie::999,0
What year is specified in the title Casino (1995)?,id:movies:movie::115122,1
What year is specified in the title Casino (1995)?,id:movies:movie::96,2
What year is specified in the title Casino (1995)?,id:movies:movie::407,2
What is the title and genre of the 1995 Nixon movie?,id:movies:movie::146028,0
What is the title and genre of the 1995 Nixon movie?,id:movies:movie::167772,0
What is the title and genre of the 1995 Nixon movie?,id:movies:movie::147286,0
What is the title and genre of the 1995 Nixon movie?,id:movies:movie::173535,0
What is the title and release year of the movie described in this document?,id:movies:movie::146028,2
What is the title and release year of the movie described in this document?,id:movies:movie::147286,2
What is the title and release year of the movie described in this document?,id:movies:movie::173535,2
What is the title and release year of the movie described in this document?,id:movies:movie::131724,2
Give me details on Nixon (1995) in the drama category.,id:movies:movie::96,0
Give me details on Nixon (1995) in the drama category.,id:movies:movie::113378,0
Give me details on Nixon (1995) in the drama category.,id:movies:movie::1950,0
Is Jumanji (1995) categorized as a children's film?,id:movies:movie::258,0
Is Jumanji (1995) categorized as a children's film?,id:movies:movie::164,0
Is Jumanji (1995) categorized as a children's film?,id:movies:movie::953,0
Is there a 1995 Nixon film in the drama genre?,id:movies:movie::6273,0
Is there a 1995 Nixon film in the drama genre?,id:movies:movie::96,0
Is there a 1995 Nixon film in the drama genre?,id:movies:movie::127134,0
Is there a 1995 Nixon film in the drama genre?,id:movies:movie::207,0
Which movie in the document has the title Jumanji (1995)?,id:movies:movie::4061,0
Which movie in the document has the title Jumanji (1995)?,id:movies:movie::96,0
Which movie in the document has the title Jumanji (1995)?,id:movies:movie::407,0
Which movie in the document has the title Jumanji (1995)?,id:movies:movie::108932,0
What year is associated with the movie Jumanji in this document?,id:movies:movie::102123,0
What year is associated with the movie Jumanji in this document?,id:movies:movie::115122,0
What year is associated with the movie Jumanji in this document?,id:movies:movie::179401,2
What year is associated with the movie Jumanji in this document?,id:movies:movie::134004,0
Which three genres does Jumanji (1995) belong to?,id:movies:movie::179401,0
Which three genres does Jumanji (1995) belong to?,id:movies:movie::2978,0
Which three genres does Jumanji (1995) belong to?,id:movies:movie::201,0
What is the internal document ID for Jumanji (1995)?,id:movies:movie::134004,0
What is the internal document ID for Jumanji (1995)?,id:movies:movie::179401,0
What is the internal document ID for Jumanji (1995)?,id:movies:movie::27899,0
In what year was Father of the Bride Part II released?,id:movies:movie::6944,0
In what year was Father of the Bride Part II released?,id:movies:movie::934,0
In what year was Father of the Bride Part II released?,id:movies:movie::475,0
Tell me about the film Father of the Bride Part II (1995).,id:movies:movie::934,0
Tell me about the film Father of the Bride Part II (1995).,id:movies:movie::6944,1
Tell me about the film Father of the Bride Part II (1995).,id:movies:movie::182639,0
"Is the movie Jumanji (1995) listed as an adventure, children, and fantasy film?",id:movies:movie::3754,0
"Is the movie Jumanji (1995) listed as an adventure, children, and fantasy film?",id:movies:movie::33681,0
"Is the movie Jumanji (1995) listed as an adventure, children, and fantasy film?",id:movies:movie::108932,0
What is the document ID for Father of the Bride Part II (1995) in this dataset?,id:movies:movie::6944,0
What is the document ID for Father of the Bride Part II (1995) in this dataset?,id:movies:movie::934,0
What is the document ID for Father of the Bride Part II (1995) in this dataset?,id:movies:movie::475,0
What is the genre of Father of the Bride Part II (1995)?,id:movies:movie::934,1
What is the genre of Father of the Bride Part II (1995)?,id:movies:movie::6944,1
What is the genre of Father of the Bride Part II (1995)?,id:movies:movie::1340,0
What is the exact title of the film listed under id:movies:movie::5?,id:movies:movie::7882,0
What is the exact title of the film listed under id:movies:movie::5?,id:movies:movie::7013,0
What is the exact title of the film listed under id:movies:movie::5?,id:movies:movie::4518,0
What is the exact title of the film listed under id:movies:movie::5?,id:movies:movie::2066,0
Which movie entry corresponds to the title Father of the Bride Part II (1995)?,id:movies:movie::6944,0
What is Balto (1995)?,id:movies:movie::134004,0
What is Balto (1995)?,id:movies:movie::5028,0
Which movie entry corresponds to the title Father of the Bride Part II (1995)?,id:movies:movie::934,0
Which movie entry corresponds to the title Father of the Bride Part II (1995)?,id:movies:movie::182639,0
What is Balto (1995)?,id:movies:movie::90576,0
Could you show the metadata for the film Father of the Bride Part II (1995)?,id:movies:movie::173535,0
Could you show the metadata for the film Father of the Bride Part II (1995)?,id:movies:movie::182639,0
Could you show the metadata for the film Father of the Bride Part II (1995)?,id:movies:movie::934,0
What is the document ID for Balto (1995)?,id:movies:movie::134004,0
Which audience category does Balto (1995) target according to its genres?,id:movies:movie::105037,0
What is the document ID for Balto (1995)?,id:movies:movie::27899,0
Which audience category does Balto (1995) target according to its genres?,id:movies:movie::45,0
What is the document ID for Balto (1995)?,id:movies:movie::5028,0
Which audience category does Balto (1995) target according to its genres?,id:movies:movie::203,0
What genres is Balto (1995) categorized under in the document?,id:movies:movie::115122,0
What genres is Balto (1995) categorized under in the document?,id:movies:movie::96,0
What genres is Balto (1995) categorized under in the document?,id:movies:movie::407,0
Is Father of the Bride Part II categorized as a comedy in the record?,id:movies:movie::934,1
Is Father of the Bride Part II categorized as a comedy in the record?,id:movies:movie::6944,1
Is Father of the Bride Part II categorized as a comedy in the record?,id:movies:movie::117368,0
How many genres are listed for Balto (1995) and what are they?,id:movies:movie::31422,0
How many genres are listed for Balto (1995) and what are they?,id:movies:movie::52279,0
How many genres are listed for Balto (1995) and what are they?,id:movies:movie::59131,0
How many genres are listed for Balto (1995) and what are they?,id:movies:movie::3326,0
What year is indicated in the Balto (1995) title?,id:movies:movie::115122,0
What year is indicated in the Balto (1995) title?,id:movies:movie::96,0
What year is indicated in the Balto (1995) title?,id:movies:movie::407,0
What is the document ID for Dracula: Dead and Loving It?,id:movies:movie::5028,0
What is the document ID for Dracula: Dead and Loving It?,id:movies:movie::173535,0
What is the document ID for Dracula: Dead and Loving It?,id:movies:movie::134004,0
What is the title and release year of the comedy-horror film Dracula: Dead and Loving It?,id:movies:movie::4518,0
What is the title and release year of the comedy-horror film Dracula: Dead and Loving It?,id:movies:movie::44773,0
What is the title and release year of the comedy-horror film Dracula: Dead and Loving It?,id:movies:movie::115122,0
Is Dracula: Dead and Loving It categorized as both a comedy and a horror film?,id:movies:movie::112749,0
Is Dracula: Dead and Loving It categorized as both a comedy and a horror film?,id:movies:movie::27692,0
Is Dracula: Dead and Loving It categorized as both a comedy and a horror film?,id:movies:movie::127172,0
What genres are listed for Dracula: Dead and Loving It?,id:movies:movie::3326,0
What genres are listed for Dracula: Dead and Loving It?,id:movies:movie::5028,0
What genres are listed for Dracula: Dead and Loving It?,id:movies:movie::477,0
Does Balto (1995) fall into both adventure and animation genres?,id:movies:movie::3754,0
Does Balto (1995) fall into both adventure and animation genres?,id:movies:movie::1405,0
Does Balto (1995) fall into both adventure and animation genres?,id:movies:movie::89586,0
What data fields are provided for Dracula: Dead and Loving It in this document?,id:movies:movie::103685,0
What data fields are provided for Dracula: Dead and Loving It in this document?,id:movies:movie::3326,0
What data fields are provided for Dracula: Dead and Loving It in this document?,id:movies:movie::6760,0
What is the exact film title as it appears in the record for Dracula: Dead and Loving It (1995)?,id:movies:movie::6324,0
What is the exact film title as it appears in the record for Dracula: Dead and Loving It (1995)?,id:movies:movie::60487,0
What is the exact film title as it appears in the record for Dracula: Dead and Loving It (1995)?,id:movies:movie::38,0
What genres are listed for Grumpier Old Men (1995)?,id:movies:movie::141820,0
What genres are listed for Grumpier Old Men (1995)?,id:movies:movie::3326,0
What genres are listed for Grumpier Old Men (1995)?,id:movies:movie::147282,0
"What is the exact string used for the film's title in the record, including the year version?",id:movies:movie::4061,2
"What is the exact string used for the film's title in the record, including the year version?",id:movies:movie::173535,2
"What is the exact string used for the film's title in the record, including the year version?",id:movies:movie::3329,2
"What is the exact string used for the film's title in the record, including the year version?",id:movies:movie::160565,2
What is the document ID for Grumpier Old Men in this dataset?,id:movies:movie::3450,0
What is the document ID for Grumpier Old Men in this dataset?,id:movies:movie::102123,0
What is the document ID for Grumpier Old Men in this dataset?,id:movies:movie::115122,0
In what year was Grumpier Old Men released?,id:movies:movie::3450,0
In what year was Grumpier Old Men released?,id:movies:movie::141820,0
In what year was Grumpier Old Men released?,id:movies:movie::496,0
Is Grumpier Old Men described as a romantic comedy?,id:movies:movie::3450,1
Is Grumpier Old Men described as a romantic comedy?,id:movies:movie::141820,0
Is Grumpier Old Men described as a romantic comedy?,id:movies:movie::1580,0
What is the Sense and Sensibility film released in 1995?,id:movies:movie::6273,0
What is the Sense and Sensibility film released in 1995?,id:movies:movie::164,0
What is the Sense and Sensibility film released in 1995?,id:movies:movie::115122,0
Which movie in this collection is titled Grumpier Old Men (1995)?,id:movies:movie::3450,0
Which movie in this collection is titled Grumpier Old Men (1995)?,id:movies:movie::141820,0
Which movie in this collection is titled Grumpier Old Men (1995)?,id:movies:movie::1288,0
What is the document ID for Sense and Sensibility (1995) movie?,id:movies:movie::173535,0
What is the document ID for Sense and Sensibility (1995) movie?,id:movies:movie::134004,0
What is the document ID for Sense and Sensibility (1995) movie?,id:movies:movie::27899,0
What two genres classify Grumpier Old Men?,id:movies:movie::3450,0
What two genres classify Grumpier Old Men?,id:movies:movie::141820,0
What two genres classify Grumpier Old Men?,id:movies:movie::147282,0
How is Grumpier Old Men categorized in this dataset by genre?,id:movies:movie::3450,0
How is Grumpier Old Men categorized in this dataset by genre?,id:movies:movie::141820,0
How is Grumpier Old Men categorized in this dataset by genre?,id:movies:movie::1288,0
What is the title of the movie that has the document id id:movies:movie::3?,id:movies:movie::120478,0
Is Sense and Sensibility (1995) categorized as Drama and Romance?,id:movies:movie::112749,0
What is the title of the movie that has the document id id:movies:movie::3?,id:movies:movie::120827,0
Is Sense and Sensibility (1995) categorized as Drama and Romance?,id:movies:movie::5225,0
What is the title of the movie that has the document id id:movies:movie::3?,id:movies:movie::127114,0
Is Sense and Sensibility (1995) categorized as Drama and Romance?,id:movies:movie::27692,0
What is the title of the movie that has the document id id:movies:movie::3?,id:movies:movie::134326,0
Can you tell me the genres that describe Sense and Sensibility (1995)?,id:movies:movie::3983,0
Can you tell me the genres that describe Sense and Sensibility (1995)?,id:movies:movie::45726,0
Can you tell me the genres that describe Sense and Sensibility (1995)?,id:movies:movie::33880,0
Tell me about Sense and Sensibility (1995) including its genre classification.,id:movies:movie::127202,0
Tell me about Sense and Sensibility (1995) including its genre classification.,id:movies:movie::33880,0
Tell me about Sense and Sensibility (1995) including its genre classification.,id:movies:movie::110330,0
What is the exact title and genres of the movie with ID id:movies:movie::17?,id:movies:movie::146028,0
What is the exact title and genres of the movie with ID id:movies:movie::17?,id:movies:movie::147286,0
What is the exact title and genres of the movie with ID id:movies:movie::17?,id:movies:movie::173535,0
What is the exact title and genres of the movie with ID id:movies:movie::17?,id:movies:movie::131724,0
What is the full title of the 1995 comedy listed in the document?,id:movies:movie::167772,2
What is the full title of the 1995 comedy listed in the document?,id:movies:movie::147936,0
What is the full title of the 1995 comedy listed in the document?,id:movies:movie::117368,0
What is the full title of the 1995 comedy listed in the document?,id:movies:movie::115122,0
When was Ace Ventura: When Nature Calls released?,id:movies:movie::4893,0
When was Ace Ventura: When Nature Calls released?,id:movies:movie::43904,0
When was Ace Ventura: When Nature Calls released?,id:movies:movie::49,0
What is the value in the title field for the document with ID id:movies:movie::19?,id:movies:movie::4061,0
What is the value in the title field for the document with ID id:movies:movie::19?,id:movies:movie::173535,0
What is the value in the title field for the document with ID id:movies:movie::19?,id:movies:movie::164367,0
What is the value in the title field for the document with ID id:movies:movie::19?,id:movies:movie::111921,0
What genre is Ace Ventura: When Nature Calls (1995)?,id:movies:movie::49,0
What genre is Ace Ventura: When Nature Calls (1995)?,id:movies:movie::344,1
What genre is Ace Ventura: When Nature Calls (1995)?,id:movies:movie::98160,0
How many metadata fields are present for Ace Ventura: When Nature Calls in the document?,id:movies:movie::3736,0
How many metadata fields are present for Ace Ventura: When Nature Calls in the document?,id:movies:movie::344,0
How many metadata fields are present for Ace Ventura: When Nature Calls in the document?,id:movies:movie::49917,0
What genres are listed for Get Shorty (1995)?,id:movies:movie::3326,0
What genres are listed for Get Shorty (1995)?,id:movies:movie::31422,0
What genres are listed for Get Shorty (1995)?,id:movies:movie::52279,0
What is the document ID for Ace Ventura: When Nature Calls (1995)?,id:movies:movie::49,0
What is the document ID for Ace Ventura: When Nature Calls (1995)?,id:movies:movie::344,0
What is the document ID for Ace Ventura: When Nature Calls (1995)?,id:movies:movie::98160,0
What is the exact content of the genres field for Ace Ventura: When Nature Calls (1995)?,id:movies:movie::173535,0
What is the exact content of the genres field for Ace Ventura: When Nature Calls (1995)?,id:movies:movie::167772,0
What is the exact content of the genres field for Ace Ventura: When Nature Calls (1995)?,id:movies:movie::2861,0
Which genres define Sense and Sensibility (1995)?,id:movies:movie::27,0
Which genres define Sense and Sensibility (1995)?,id:movies:movie::72,0
Which genres define Sense and Sensibility (1995)?,id:movies:movie::85,0
In what year was the movie Get Shorty released?,id:movies:movie::115122,0
In what year was the movie Get Shorty released?,id:movies:movie::496,0
In what year was the movie Get Shorty released?,id:movies:movie::27899,0
How is Get Shorty (1995) genre-labeled in a database?,id:movies:movie::4605,0
How is Get Shorty (1995) genre-labeled in a database?,id:movies:movie::6155,0
How is Get Shorty (1995) genre-labeled in a database?,id:movies:movie::4357,0
"Is Get Shorty categorized as a comedy, crime, and thriller?",id:movies:movie::2973,0
"Is Get Shorty categorized as a comedy, crime, and thriller?",id:movies:movie::45183,0
"Is Get Shorty categorized as a comedy, crime, and thriller?",id:movies:movie::6387,0
"Which movie is categorized as Comedy, Crime, and Thriller and released in 1995?",id:movies:movie::2973,0
What are the field names included for Ace Ventura: When Nature Calls?,id:movies:movie::344,1
"Which movie is categorized as Comedy, Crime, and Thriller and released in 1995?",id:movies:movie::57669,0
What are the field names included for Ace Ventura: When Nature Calls?,id:movies:movie::98160,1
What are the field names included for Ace Ventura: When Nature Calls?,id:movies:movie::3326,0
"Which movie is categorized as Comedy, Crime, and Thriller and released in 1995?",id:movies:movie::27692,0
Is Get Shorty considered a single-genre film or a multi-genre one?,id:movies:movie::127172,0
"Which movie is categorized as Comedy, Crime, and Thriller and released in 1995?",id:movies:movie::3900,0
Is Get Shorty considered a single-genre film or a multi-genre one?,id:movies:movie::3728,0
Is Get Shorty considered a single-genre film or a multi-genre one?,id:movies:movie::155812,0
Is Get Shorty considered a single-genre film or a multi-genre one?,id:movies:movie::127298,0
"What is the title of the 1995 film that blends comedy, crime, and thriller elements?",id:movies:movie::170875,0
"What is the title of the 1995 film that blends comedy, crime, and thriller elements?",id:movies:movie::3169,0
"What is the title of the 1995 film that blends comedy, crime, and thriller elements?",id:movies:movie::6584,0
"What is the title of the 1995 film that blends comedy, crime, and thriller elements?",id:movies:movie::26701,0
Which genres are listed for Copycat (1995)?,id:movies:movie::31422,0
Which genres are listed for Copycat (1995)?,id:movies:movie::52279,0
Which genres are listed for Copycat (1995)?,id:movies:movie::59131,0
What are the genres of the 1995 film Copycat?,id:movies:movie::167772,0
What are the genres of the 1995 film Copycat?,id:movies:movie::7013,0
What are the genres of the 1995 film Copycat?,id:movies:movie::4518,0
What are the genres of the 1995 film Copycat?,id:movies:movie::2066,0
Is Copycat categorized as a horror film?,id:movies:movie::113780,0
Is Copycat categorized as a horror film?,id:movies:movie::81132,0
Is Copycat categorized as a horror film?,id:movies:movie::3706,0
"How many genres does Copycat (1995) have, and what are they?",id:movies:movie::26527,0
"How many genres does Copycat (1995) have, and what are they?",id:movies:movie::3326,0
"How many genres does Copycat (1995) have, and what are they?",id:movies:movie::82499,0
What year was Copycat released and what genres does it include?,id:movies:movie::477,0
What year was Copycat released and what genres does it include?,id:movies:movie::496,0
What year was Copycat released and what genres does it include?,id:movies:movie::27899,0
What year was Copycat released and what genres does it include?,id:movies:movie::115122,0
"Which movie released in 1995 has Crime, Drama, Horror, Mystery, and Thriller as its genres?",id:movies:movie::6885,0
"Which movie released in 1995 has Crime, Drama, Horror, Mystery, and Thriller as its genres?",id:movies:movie::81132,0
"Which movie released in 1995 has Crime, Drama, Horror, Mystery, and Thriller as its genres?",id:movies:movie::26701,0
Describe Get Shorty (1995) using its genre tags alone.,id:movies:movie::8293,1
Describe Get Shorty (1995) using its genre tags alone.,id:movies:movie::188797,1
Describe Get Shorty (1995) using its genre tags alone.,id:movies:movie::31424,1
What is the title of the 1995 comedy movie described in the document?,id:movies:movie::167772,2
What is the title of the 1995 comedy movie described in the document?,id:movies:movie::175475,0
What is the title of the 1995 comedy movie described in the document?,id:movies:movie::108932,0
What is the title of the 1995 comedy movie described in the document?,id:movies:movie::132584,0
Is Copycat from 1995 considered a multi-genre film?,id:movies:movie::8044,0
Is Copycat from 1995 considered a multi-genre film?,id:movies:movie::164,0
Is Copycat from 1995 considered a multi-genre film?,id:movies:movie::25940,0
Which film released in 1995 is listed as a comedy in this dataset?,id:movies:movie::6273,0
Which film released in 1995 is listed as a comedy in this dataset?,id:movies:movie::96,2
Which film released in 1995 is listed as a comedy in this dataset?,id:movies:movie::104339,0
What is the document ID for the movie Four Rooms (1995)?,id:movies:movie::173535,0
Which film released in 1995 is listed as a comedy in this dataset?,id:movies:movie::473,0
What is the document ID for the movie Four Rooms (1995)?,id:movies:movie::108932,0
What is the document ID for the movie Four Rooms (1995)?,id:movies:movie::175475,0
Give me the basic details for Four Rooms (1995) as shown in the document.,id:movies:movie::4061,0
Give me the basic details for Four Rooms (1995) as shown in the document.,id:movies:movie::55620,0
Give me the basic details for Four Rooms (1995) as shown in the document.,id:movies:movie::96,0
Can you confirm Copycat (1995) belongs to both Mystery and Thriller genres?,id:movies:movie::933,0
Can you confirm Copycat (1995) belongs to both Mystery and Thriller genres?,id:movies:movie::45,0
Can you confirm Copycat (1995) belongs to both Mystery and Thriller genres?,id:movies:movie::7215,0
What genre is Four Rooms (1995) categorized under in the document?,id:movies:movie::115122,0
What genre is Four Rooms (1995) categorized under in the document?,id:movies:movie::96,0
What genre is Four Rooms (1995) categorized under in the document?,id:movies:movie::407,0
What is the title associated with the document ID id:movies:movie::18?,id:movies:movie::164367,0
What is the title associated with the document ID id:movies:movie::18?,id:movies:movie::177939,0
What is the title associated with the document ID id:movies:movie::18?,id:movies:movie::27899,0
What is the title associated with the document ID id:movies:movie::18?,id:movies:movie::115122,0
Describe the movie Four Rooms (1995) using the information provided.,id:movies:movie::175475,0
Describe the movie Four Rooms (1995) using the information provided.,id:movies:movie::108932,0
Describe the movie Four Rooms (1995) using the information provided.,id:movies:movie::157340,0
In what year was The City of Lost Children released?,id:movies:movie::2056,0
In what year was The City of Lost Children released?,id:movies:movie::6009,0
In what year was The City of Lost Children released?,id:movies:movie::62376,0
What is the original French title of The City of Lost Children?,id:movies:movie::126142,0
What is the original French title of The City of Lost Children?,id:movies:movie::183301,0
What is the original French title of The City of Lost Children?,id:movies:movie::6009,0
How many genres are listed for La Cité des enfants perdus?,id:movies:movie::31193,0
How many genres are listed for La Cité des enfants perdus?,id:movies:movie::76093,0
How many genres are listed for La Cité des enfants perdus?,id:movies:movie::82499,0
How many genres are listed for La Cité des enfants perdus?,id:movies:movie::6549,0
What year is included in the title of the film Four Rooms?,id:movies:movie::117466,0
What year is included in the title of the film Four Rooms?,id:movies:movie::475,0
What year is included in the title of the film Four Rooms?,id:movies:movie::30892,0
What year is included in the title of the film Four Rooms?,id:movies:movie::1950,0
Is The City of Lost Children categorized as science fiction?,id:movies:movie::6009,0
Is fantasy one of the genres for The City of Lost Children?,id:movies:movie::126142,0
Is The City of Lost Children categorized as science fiction?,id:movies:movie::62376,0
Is fantasy one of the genres for The City of Lost Children?,id:movies:movie::82169,0
Is The City of Lost Children categorized as science fiction?,id:movies:movie::183301,0
Is fantasy one of the genres for The City of Lost Children?,id:movies:movie::3674,0
What is the English title for the film with the French title La Cité des enfants perdus released in 1995?,id:movies:movie::164367,0
What is the English title for the film with the French title La Cité des enfants perdus released in 1995?,id:movies:movie::177939,0
What is the English title for the film with the French title La Cité des enfants perdus released in 1995?,id:movies:movie::115122,0
What genres define The City of Lost Children?,id:movies:movie::6009,0
What genres define The City of Lost Children?,id:movies:movie::62376,0
What genres define The City of Lost Children?,id:movies:movie::183301,0
In what year was the drama film Othello released?,id:movies:movie::6273,0
In what year was the drama film Othello released?,id:movies:movie::2848,2
In what year was the drama film Othello released?,id:movies:movie::496,0
In what year was the drama film Othello released?,id:movies:movie::27899,0
What can you tell me about the 1995 drama film Othello?,id:movies:movie::3983,0
What can you tell me about the 1995 drama film Othello?,id:movies:movie::2848,0
What can you tell me about the 1995 drama film Othello?,id:movies:movie::7038,0
What basic details are listed for Othello (1995) in this document?,id:movies:movie::3326,0
What basic details are listed for Othello (1995) in this document?,id:movies:movie::6760,0
What basic details are listed for Othello (1995) in this document?,id:movies:movie::8765,0
Is the movie Othello (1995) categorized as drama?,id:movies:movie::2848,1
Is the movie Othello (1995) categorized as drama?,id:movies:movie::1784,0
Is the movie Othello (1995) categorized as drama?,id:movies:movie::56837,0
Could you confirm the title and genre for the 1995 Othello entry?,id:movies:movie::173535,0
Could you confirm the title and genre for the 1995 Othello entry?,id:movies:movie::3169,0
Could you confirm the title and genre for the 1995 Othello entry?,id:movies:movie::167772,0
Could you confirm the title and genre for the 1995 Othello entry?,id:movies:movie::2848,0
Tell me about the 1995 film Persuasion.,id:movies:movie::4426,0
Tell me about the 1995 film Persuasion.,id:movies:movie::55620,0
Tell me about the 1995 film Persuasion.,id:movies:movie::26701,0
What genre is the 1995 film Othello?,id:movies:movie::2848,1
What genre is the 1995 film Othello?,id:movies:movie::134004,0
What genre is the 1995 film Othello?,id:movies:movie::27899,0
How does the document classify the film Othello (1995)?,id:movies:movie::159441,0
How does the document classify the film Othello (1995)?,id:movies:movie::165343,0
How does the document classify the film Othello (1995)?,id:movies:movie::167772,0
How does the document classify the film Othello (1995)?,id:movies:movie::2848,0
"Which 1995 film blends adventure, drama, fantasy, mystery, and sci-fi?",id:movies:movie::6902,0
"Which 1995 film blends adventure, drama, fantasy, mystery, and sci-fi?",id:movies:movie::52462,0
"Which 1995 film blends adventure, drama, fantasy, mystery, and sci-fi?",id:movies:movie::26887,1
What is the exact title used for the 1995 drama film in the dataset?,id:movies:movie::4061,0
What is the exact title used for the 1995 drama film in the dataset?,id:movies:movie::96,2
What is the exact title used for the 1995 drama film in the dataset?,id:movies:movie::4144,0
What is the exact title used for the 1995 drama film in the dataset?,id:movies:movie::27899,0
What is the document ID for Persuasion (1995) in this dataset?,id:movies:movie::102123,0
What is the document ID for Persuasion (1995) in this dataset?,id:movies:movie::115122,0
What is the document ID for Persuasion (1995) in this dataset?,id:movies:movie::96,0
What is the document ID for Persuasion (1995) in this dataset?,id:movies:movie::407,0
What is the title of the movie described as a 1995 drama romance?,id:movies:movie::8667,0
What is the title of the movie described as a 1995 drama romance?,id:movies:movie::95309,0
What is the title of the movie described as a 1995 drama romance?,id:movies:movie::207,2
What is the title of the movie described as a 1995 drama romance?,id:movies:movie::26903,2
"Is Persuasion (1995) classified as drama, romance, or both?",id:movies:movie::1784,0
"Is Persuasion (1995) classified as drama, romance, or both?",id:movies:movie::74508,1
"Is Persuasion (1995) classified as drama, romance, or both?",id:movies:movie::56837,0
Please provide the film details for Persuasion (1995) from the database.,id:movies:movie::25940,0
Please provide the film details for Persuasion (1995) from the database.,id:movies:movie::86892,0
Please provide the film details for Persuasion (1995) from the database.,id:movies:movie::173535,0
Please provide the film details for Persuasion (1995) from the database.,id:movies:movie::138036,0
What alternate title is Twelve Monkeys known by?,id:movies:movie::134004,0
What alternate title is Twelve Monkeys known by?,id:movies:movie::5028,0
What alternate title is Twelve Monkeys known by?,id:movies:movie::3622,0
Which movie title corresponds to a 1995 film with genres Drama and Romance?,id:movies:movie::922,0
Which movie title corresponds to a 1995 film with genres Drama and Romance?,id:movies:movie::6273,0
Which movie title corresponds to a 1995 film with genres Drama and Romance?,id:movies:movie::7215,0
Which movie title corresponds to a 1995 film with genres Drama and Romance?,id:movies:movie::8465,0
What are the genres for the film Persuasion released in 1995?,id:movies:movie::173535,0
What are the genres for the film Persuasion released in 1995?,id:movies:movie::4061,0
What are the genres for the film Persuasion released in 1995?,id:movies:movie::115122,0
What are the genres for the film Persuasion released in 1995?,id:movies:movie::4144,0
What year was the movie Twelve Monkeys released?,id:movies:movie::496,0
What year was the movie Twelve Monkeys released?,id:movies:movie::3622,0
What year was the movie Twelve Monkeys released?,id:movies:movie::27899,0
What genres does Twelve Monkeys (1995) belong to?,id:movies:movie::477,0
What genres does Twelve Monkeys (1995) belong to?,id:movies:movie::27899,0
What genres does Twelve Monkeys (1995) belong to?,id:movies:movie::115122,0
What is the exact full title of the entry as shown in the document?,id:movies:movie::4061,2
What is the exact full title of the entry as shown in the document?,id:movies:movie::7882,2
What is the exact full title of the entry as shown in the document?,id:movies:movie::4518,2
What is the exact full title of the entry as shown in the document?,id:movies:movie::111921,2
What is the document ID for the movie in this dataset?,id:movies:movie::102123,2
What is the document ID for the movie in this dataset?,id:movies:movie::173535,2
What is the document ID for the movie in this dataset?,id:movies:movie::4061,2
What is the document ID for the movie in this dataset?,id:movies:movie::115122,2
How many genres are listed for this film?,id:movies:movie::8765,2
How many genres are listed for this film?,id:movies:movie::2008,2
How many genres are listed for this film?,id:movies:movie::44788,2
How many genres are listed for this film?,id:movies:movie::130482,2
What genres is Now and Then (1995) listed under?,id:movies:movie::6588,0
What genres is Now and Then (1995) listed under?,id:movies:movie::4969,0
What genres is Now and Then (1995) listed under?,id:movies:movie::134004,0
What year was the movie Now and Then released?,id:movies:movie::6588,0
What year was the movie Now and Then released?,id:movies:movie::496,0
What year was the movie Now and Then released?,id:movies:movie::4969,0
Is the film Now and Then intended for children audiences?,id:movies:movie::3674,1
"What is the order of the elements in the title field (main title, alias, then year)?",id:movies:movie::4061,2
"What is the order of the elements in the title field (main title, alias, then year)?",id:movies:movie::4518,2
Is the film Now and Then intended for children audiences?,id:movies:movie::95858,1
"What is the order of the elements in the title field (main title, alias, then year)?",id:movies:movie::111921,2
Is the film Now and Then intended for children audiences?,id:movies:movie::126921,1
"What is the order of the elements in the title field (main title, alias, then year)?",id:movies:movie::3329,2
What is the numeric code at the end of the document ID?,id:movies:movie::127114,2
What is the numeric code at the end of the document ID?,id:movies:movie::120478,2
What is the numeric code at the end of the document ID?,id:movies:movie::120827,2
What is the numeric code at the end of the document ID?,id:movies:movie::170875,2
What is the exact title of the movie described as having the genres Children and Drama?,id:movies:movie::126921,0
What is the exact title of the movie described as having the genres Children and Drama?,id:movies:movie::175475,0
What is the exact title of the movie described as having the genres Children and Drama?,id:movies:movie::108932,0
What is the exact title of the movie described as having the genres Children and Drama?,id:movies:movie::3169,0
What are the genre labels assigned to the Now and Then entry?,id:movies:movie::3169,0
What are the genre labels assigned to the Now and Then entry?,id:movies:movie::103539,0
What are the genre labels assigned to the Now and Then entry?,id:movies:movie::27899,0
Which film in this document has both the Children's and Drama genres?,id:movies:movie::2008,0
Which film in this document has both the Children's and Drama genres?,id:movies:movie::6273,0
Which film in this document has both the Children's and Drama genres?,id:movies:movie::5963,0
Which film in this document has both the Children's and Drama genres?,id:movies:movie::6760,0
What is the document ID for the Now and Then movie?,id:movies:movie::173535,0
What is the document ID for the Now and Then movie?,id:movies:movie::3169,0
What is the document ID for the Now and Then movie?,id:movies:movie::103539,0
What genres is Shanghai Triad (1995) categorized under?,id:movies:movie::134004,0
What genres is Shanghai Triad (1995) categorized under?,id:movies:movie::204,0
What genres is Shanghai Triad (1995) categorized under?,id:movies:movie::5028,0
"How is Now and Then described in the document—title, year, and genres?",id:movies:movie::6588,0
"How is Now and Then described in the document—title, year, and genres?",id:movies:movie::4969,0
"How is Now and Then described in the document—title, year, and genres?",id:movies:movie::2071,0
What is the Chinese subtitle shown in the Shanghai Triad listing?,id:movies:movie::4061,0
What is the Chinese subtitle shown in the Shanghai Triad listing?,id:movies:movie::115122,0
What is the Chinese subtitle shown in the Shanghai Triad listing?,id:movies:movie::111921,0
What is the Chinese subtitle shown in the Shanghai Triad listing?,id:movies:movie::177939,0
What is the exact displayed title including year and subtitle for this movie entry?,id:movies:movie::102123,2
What is the exact displayed title including year and subtitle for this movie entry?,id:movies:movie::134004,2
What is the exact displayed title including year and subtitle for this movie entry?,id:movies:movie::8765,2
What is the exact displayed title including year and subtitle for this movie entry?,id:movies:movie::173535,2
What is the dataset document ID for Shanghai Triad?,id:movies:movie::134004,0
What is the dataset document ID for Shanghai Triad?,id:movies:movie::27899,0
What is the dataset document ID for Shanghai Triad?,id:movies:movie::5028,0
Is Shanghai Triad considered a crime drama film?,id:movies:movie::922,0
Is Shanghai Triad considered a crime drama film?,id:movies:movie::8044,0
Is Shanghai Triad considered a crime drama film?,id:movies:movie::6273,0
Is Shanghai Triad considered a crime drama film?,id:movies:movie::1617,0
What is the document ID for the film Dangerous Minds (1995)?,id:movies:movie::173535,0
What is the document ID for the film Dangerous Minds (1995)?,id:movies:movie::190183,0
What is the document ID for the film Dangerous Minds (1995)?,id:movies:movie::177939,0
What are the two genres assigned to Shanghai Triad in this entry?,id:movies:movie::115122,0
What are the two genres assigned to Shanghai Triad in this entry?,id:movies:movie::26527,0
What are the two genres assigned to Shanghai Triad in this entry?,id:movies:movie::3326,0
What is the title of the 1995 drama film listed in this document?,id:movies:movie::2008,0
What is the title of the 1995 drama film listed in this document?,id:movies:movie::7013,0
What is the title of the 1995 drama film listed in this document?,id:movies:movie::475,0
What is the title of the 1995 drama film listed in this document?,id:movies:movie::1950,0
In what year was Dangerous Minds released?,id:movies:movie::496,0
In what year was Dangerous Minds released?,id:movies:movie::2919,0
In what year was Dangerous Minds released?,id:movies:movie::59421,0
What genre is Dangerous Minds categorized under?,id:movies:movie::134004,0
What genre is Dangerous Minds categorized under?,id:movies:movie::5028,0
What genre is Dangerous Minds categorized under?,id:movies:movie::47404,0
What basic metadata does the document provide for the film Dangerous Minds?,id:movies:movie::27899,0
What basic metadata does the document provide for the film Dangerous Minds?,id:movies:movie::115122,0
What basic metadata does the document provide for the film Dangerous Minds?,id:movies:movie::173535,0
What basic metadata does the document provide for the film Dangerous Minds?,id:movies:movie::159441,0
Which movie in the document is named Dangerous Minds and belongs to the Drama genre?,id:movies:movie::475,0
Which movie in the document is named Dangerous Minds and belongs to the Drama genre?,id:movies:movie::123553,0
Which movie in the document is named Dangerous Minds and belongs to the Drama genre?,id:movies:movie::4061,0
Which movie in the document is named Dangerous Minds and belongs to the Drama genre?,id:movies:movie::3169,0
Is the 1995 film Dangerous Minds classified as a drama?,id:movies:movie::89761,0
Is the 1995 film Dangerous Minds classified as a drama?,id:movies:movie::144606,0
Is the 1995 film Dangerous Minds classified as a drama?,id:movies:movie::6003,0
What is the English title of the film that includes the parenthetical Yao a yao yao dao waipo qiao and was released in 1995?,id:movies:movie::167772,0
What is the English title of the film that includes the parenthetical Yao a yao yao dao waipo qiao and was released in 1995?,id:movies:movie::117368,0
What is the English title of the film that includes the parenthetical Yao a yao yao dao waipo qiao and was released in 1995?,id:movies:movie::57326,0
What are the title and release year for the only film entry in this document?,id:movies:movie::2008,2
What are the title and release year for the only film entry in this document?,id:movies:movie::173535,2
What are the title and release year for the only film entry in this document?,id:movies:movie::8765,2
What are the title and release year for the only film entry in this document?,id:movies:movie::3169,2
What is the full list of genres for the 1995 film Money Train?,id:movies:movie::173535,0
What is the full list of genres for the 1995 film Money Train?,id:movies:movie::167772,0
What is the full list of genres for the 1995 film Money Train?,id:movies:movie::7013,0
What is the full list of genres for the 1995 film Money Train?,id:movies:movie::3674,0
Name a 1995 movie that blends both action and comedy with crime and drama.,id:movies:movie::27692,0
Name a 1995 movie that blends both action and comedy with crime and drama.,id:movies:movie::2973,0
Name a 1995 movie that blends both action and comedy with crime and drama.,id:movies:movie::4879,0
Name a 1995 movie that blends both action and comedy with crime and drama.,id:movies:movie::34450,0
"In what year was Money Train released, and what genres does it include?",id:movies:movie::115122,0
"In what year was Money Train released, and what genres does it include?",id:movies:movie::477,0
"In what year was Money Train released, and what genres does it include?",id:movies:movie::496,0
"In what year was Money Train released, and what genres does it include?",id:movies:movie::27899,0
"Does Money Train combine action, comedy, crime, drama, and thriller in its genre set?",id:movies:movie::57669,0
"Does Money Train combine action, comedy, crime, drama, and thriller in its genre set?",id:movies:movie::3710,0
"Does Money Train combine action, comedy, crime, drama, and thriller in its genre set?",id:movies:movie::7007,0
"If I wanted a 1995 release with both action and thriller, which film fits this document?",id:movies:movie::165,2
"If I wanted a 1995 release with both action and thriller, which film fits this document?",id:movies:movie::8765,0
"If I wanted a 1995 release with both action and thriller, which film fits this document?",id:movies:movie::60072,0
"If I wanted a 1995 release with both action and thriller, which film fits this document?",id:movies:movie::26701,0
How would you describe Money Train in terms of genre variety?,id:movies:movie::1958,0
How would you describe Money Train in terms of genre variety?,id:movies:movie::3003,0
How would you describe Money Train in terms of genre variety?,id:movies:movie::82499,0
What is the document ID for Leaving Las Vegas (1995) in this dataset?,id:movies:movie::114601,0
What is the document ID for Leaving Las Vegas (1995) in this dataset?,id:movies:movie::59421,0
What is the document ID for Leaving Las Vegas (1995) in this dataset?,id:movies:movie::102123,0
"What is the title and release year of the movie whose genres include action, comedy, crime, drama, and thriller?",id:movies:movie::170875,0
"What is the title and release year of the movie whose genres include action, comedy, crime, drama, and thriller?",id:movies:movie::46335,0
"What is the title and release year of the movie whose genres include action, comedy, crime, drama, and thriller?",id:movies:movie::3169,0
"What is the title and release year of the movie whose genres include action, comedy, crime, drama, and thriller?",id:movies:movie::7235,2
When was Leaving Las Vegas released?,id:movies:movie::1461,0
When was Leaving Las Vegas released?,id:movies:movie::1602,0
When was Leaving Las Vegas released?,id:movies:movie::49,0
"Is Leaving Las Vegas a drama film, a romance film, or both?",id:movies:movie::922,2
"Is Leaving Las Vegas a drama film, a romance film, or both?",id:movies:movie::6273,2
"Is Leaving Las Vegas a drama film, a romance film, or both?",id:movies:movie::347,2
Which movie entry has the title Leaving Las Vegas and carries the drama and romance genres?,id:movies:movie::112749,0
Which movie entry has the title Leaving Las Vegas and carries the drama and romance genres?,id:movies:movie::5225,0
Which movie entry has the title Leaving Las Vegas and carries the drama and romance genres?,id:movies:movie::3169,0
What genres are listed for the movie titled Assassins (1995)?,id:movies:movie::3326,0
What genres are listed for the movie titled Assassins (1995)?,id:movies:movie::27899,0
What genres are listed for the movie titled Assassins (1995)?,id:movies:movie::4290,0
How are Leaving Las Vegas's genres described in its record—Drama and Romance or something else?,id:movies:movie::6155,0
How are Leaving Las Vegas's genres described in its record—Drama and Romance or something else?,id:movies:movie::1461,0
How are Leaving Las Vegas's genres described in its record—Drama and Romance or something else?,id:movies:movie::1398,0
What is the film Assassins (1995) and what genres is it categorized under?,id:movies:movie::5028,0
What is the film Assassins (1995) and what genres is it categorized under?,id:movies:movie::134004,0
What is the film Assassins (1995) and what genres is it categorized under?,id:movies:movie::27899,0
What is the film Assassins (1995) and what genres is it categorized under?,id:movies:movie::477,0
"If I search for romance dramas from 1995, would Leaving Las Vegas appear?",id:movies:movie::27246,1
"If I search for romance dramas from 1995, would Leaving Las Vegas appear?",id:movies:movie::51903,1
"If I search for romance dramas from 1995, would Leaving Las Vegas appear?",id:movies:movie::4194,1
What is the document ID associated with the film Assassins (1995)?,id:movies:movie::164367,0
What is the document ID associated with the film Assassins (1995)?,id:movies:movie::177939,0
What is the document ID associated with the film Assassins (1995)?,id:movies:movie::165947,0
What is the document ID associated with the film Assassins (1995)?,id:movies:movie::167772,0
What is the exact title of the 1995 film described as drama and romance?,id:movies:movie::105,2
What is the exact title of the 1995 film described as drama and romance?,id:movies:movie::26903,1
What is the exact title of the 1995 film described as drama and romance?,id:movies:movie::7013,0
What is the exact title of the 1995 film described as drama and romance?,id:movies:movie::69516,0
"Is Assassins (1995) classified as action, crime, and thriller?",id:movies:movie::3710,0
"Is Assassins (1995) classified as action, crime, and thriller?",id:movies:movie::46335,0
"Is Assassins (1995) classified as action, crime, and thriller?",id:movies:movie::72489,0
How would you describe the genre combination for Assassins (1995)?,id:movies:movie::82499,0
How would you describe the genre combination for Assassins (1995)?,id:movies:movie::46,0
How would you describe the genre combination for Assassins (1995)?,id:movies:movie::3988,0
What year is shown in the title of the film in this document?,id:movies:movie::1950,2
What year is shown in the title of the film in this document?,id:movies:movie::30892,2
What year is shown in the title of the film in this document?,id:movies:movie::117466,2
What year is shown in the title of the film in this document?,id:movies:movie::475,2
What is the exact title including the year for the movie listed under document id id:movies:movie::23?,id:movies:movie::3329,0
What is the exact title including the year for the movie listed under document id id:movies:movie::23?,id:movies:movie::160565,0
What is the exact title including the year for the movie listed under document id id:movies:movie::23?,id:movies:movie::175475,0
What is the exact title including the year for the movie listed under document id id:movies:movie::23?,id:movies:movie::108932,0
What genres are listed for Powder (1995)?,id:movies:movie::3326,0
What genres are listed for Powder (1995)?,id:movies:movie::68650,0
What genres are listed for Powder (1995)?,id:movies:movie::31422,0
What year was Powder released according to this record?,id:movies:movie::26527,0
What year was Powder released according to this record?,id:movies:movie::496,0
What year was Powder released according to this record?,id:movies:movie::95199,0
What year was Powder released according to this record?,id:movies:movie::3546,0
Is Powder (1995) classified as both drama and sci-fi?,id:movies:movie::292,0
Is Powder (1995) classified as both drama and sci-fi?,id:movies:movie::26887,0
Is Powder (1995) classified as both drama and sci-fi?,id:movies:movie::56022,0
"If I search for films in the same genre group as Assassins (1995), which genres should I filter by?",id:movies:movie::8044,0
"If I search for films in the same genre group as Assassins (1995), which genres should I filter by?",id:movies:movie::2339,0
"If I search for films in the same genre group as Assassins (1995), which genres should I filter by?",id:movies:movie::3851,0
"If I search for films in the same genre group as Assassins (1995), which genres should I filter by?",id:movies:movie::6086,2
What is the internal document ID for Powder (1995)?,id:movies:movie::134004,0
What is the internal document ID for Powder (1995)?,id:movies:movie::27899,0
What is the internal document ID for Powder (1995)?,id:movies:movie::5028,0
"If I search by title Powder (1995), what genres would be returned?",id:movies:movie::113604,0
"If I search by title Powder (1995), what genres would be returned?",id:movies:movie::142558,0
"If I search by title Powder (1995), what genres would be returned?",id:movies:movie::104863,0
Which two genres apply to Powder (1995) in this dataset?,id:movies:movie::6760,0
Which two genres apply to Powder (1995) in this dataset?,id:movies:movie::618,0
Which two genres apply to Powder (1995) in this dataset?,id:movies:movie::45,0
Which document ID corresponds to Powder (1995) in the dataset?,id:movies:movie::96,0
What is the full title entry for the film Powder (1995) in this record?,id:movies:movie::2008,0
Which document ID corresponds to Powder (1995) in the dataset?,id:movies:movie::407,0
What is the full title entry for the film Powder (1995) in this record?,id:movies:movie::8765,0
Which document ID corresponds to Powder (1995) in the dataset?,id:movies:movie::475,0
What is the full title entry for the film Powder (1995) in this record?,id:movies:movie::102123,0
What is the full title entry for the film Powder (1995) in this record?,id:movies:movie::173535,0
What is the title of the movie for document ID id:movies:movie::40?,id:movies:movie::173535,0
What is the title of the movie for document ID id:movies:movie::40?,id:movies:movie::7882,0
What is the title of the movie for document ID id:movies:movie::40?,id:movies:movie::4518,0
What is the title of the movie for document ID id:movies:movie::40?,id:movies:movie::2861,0
"In what year was Cry, the Beloved Country released?",id:movies:movie::3211,0
"In what year was Cry, the Beloved Country released?",id:movies:movie::115122,0
"In what year was Cry, the Beloved Country released?",id:movies:movie::496,0
"What genre is Cry, the Beloved Country categorized under?",id:movies:movie::3211,0
"What genre is Cry, the Beloved Country categorized under?",id:movies:movie::134004,0
"What genre is Cry, the Beloved Country categorized under?",id:movies:movie::8920,0
"Provide a brief description of Cry, the Beloved Country (1995) based on its metadata.",id:movies:movie::6780,0
"Provide a brief description of Cry, the Beloved Country (1995) based on its metadata.",id:movies:movie::3211,0
"Provide a brief description of Cry, the Beloved Country (1995) based on its metadata.",id:movies:movie::679,0
Does the entry's title include the year 1995 in parentheses?,id:movies:movie::3329,0
Does the entry's title include the year 1995 in parentheses?,id:movies:movie::159441,0
Does the entry's title include the year 1995 in parentheses?,id:movies:movie::4061,0
Does the entry's title include the year 1995 in parentheses?,id:movies:movie::160565,0
"What is the dataset ID for Cry, the Beloved Country (1995)?",id:movies:movie::173535,0
"What is the dataset ID for Cry, the Beloved Country (1995)?",id:movies:movie::177939,0
"What is the dataset ID for Cry, the Beloved Country (1995)?",id:movies:movie::167772,0
"Which metadata fields are present for Cry, the Beloved Country (1995) in this document?",id:movies:movie::3211,0
"Which metadata fields are present for Cry, the Beloved Country (1995) in this document?",id:movies:movie::96,0
"Which metadata fields are present for Cry, the Beloved Country (1995) in this document?",id:movies:movie::407,0
What is the full title of the 1995 action crime drama film listed in the document?,id:movies:movie::170875,0
What is the full title of the 1995 action crime drama film listed in the document?,id:movies:movie::26701,0
What is the full title of the 1995 action crime drama film listed in the document?,id:movies:movie::5064,0
What is the full title of the 1995 action crime drama film listed in the document?,id:movies:movie::117466,0
What is the exact movie title including the release year as shown in the document?,id:movies:movie::4061,2
What is the exact movie title including the release year as shown in the document?,id:movies:movie::3329,2
What is the exact movie title including the release year as shown in the document?,id:movies:movie::160565,2
What is the exact movie title including the release year as shown in the document?,id:movies:movie::175475,2
Which genres are listed for Dead Presidents (1995)?,id:movies:movie::714,0
Which genres are listed for Dead Presidents (1995)?,id:movies:movie::36,0
Which genres are listed for Dead Presidents (1995)?,id:movies:movie::31422,0
In what year was Dead Presidents released according to this entry?,id:movies:movie::26527,0
In what year was Dead Presidents released according to this entry?,id:movies:movie::496,0
In what year was Dead Presidents released according to this entry?,id:movies:movie::59421,0
What is the database ID for the Dead Presidents movie?,id:movies:movie::108932,0
What is the database ID for the Dead Presidents movie?,id:movies:movie::175475,0
What is the database ID for the Dead Presidents movie?,id:movies:movie::167746,0
What is the database ID for the Dead Presidents movie?,id:movies:movie::132584,0
Which movie entry corresponds to the identifier id:movies:movie::42?,id:movies:movie::105037,0
Which movie entry corresponds to the identifier id:movies:movie::42?,id:movies:movie::175475,0
Which movie entry corresponds to the identifier id:movies:movie::42?,id:movies:movie::108932,0
Which movie entry corresponds to the identifier id:movies:movie::42?,id:movies:movie::132584,0
What is the title of the film in this document that has the release year 1995?,id:movies:movie::167772,2
What is the title of the film in this document that has the release year 1995?,id:movies:movie::2008,0
What is the title of the film in this document that has the release year 1995?,id:movies:movie::3329,0
What is the title of the film in this document that has the release year 1995?,id:movies:movie::154358,0
What is the document ID for It Takes Two (1995)?,id:movies:movie::5028,0
What is the document ID for It Takes Two (1995)?,id:movies:movie::38992,0
What is the document ID for It Takes Two (1995)?,id:movies:movie::134004,0
What genres is It Takes Two (1995) listed under?,id:movies:movie::5028,0
What genres is It Takes Two (1995) listed under?,id:movies:movie::134004,0
What genres is It Takes Two (1995) listed under?,id:movies:movie::618,0
"If I filter a catalog to only drama films, would Cry, the Beloved Country (1995) be included?",id:movies:movie::8044,2
"If I filter a catalog to only drama films, would Cry, the Beloved Country (1995) be included?",id:movies:movie::3211,2
"If I filter a catalog to only drama films, would Cry, the Beloved Country (1995) be included?",id:movies:movie::113604,2
What year is included in the title It Takes Two (1995)?,id:movies:movie::6324,0
What year is included in the title It Takes Two (1995)?,id:movies:movie::5028,0
What year is included in the title It Takes Two (1995)?,id:movies:movie::115122,0
What is the exact movie title shown for the ID id:movies:movie::38?,id:movies:movie::173535,0
What is the exact movie title shown for the ID id:movies:movie::38?,id:movies:movie::108932,0
What is the exact movie title shown for the ID id:movies:movie::38?,id:movies:movie::175475,0
What is the exact movie title shown for the ID id:movies:movie::38?,id:movies:movie::167746,0
"Is Dead Presidents categorized under all three genres Action, Crime, and Drama?",id:movies:movie::105954,0
"Is Dead Presidents categorized under all three genres Action, Crime, and Drama?",id:movies:movie::2973,0
"Is Dead Presidents categorized under all three genres Action, Crime, and Drama?",id:movies:movie::46335,0
Is It Takes Two (1995) categorized as a children's film?,id:movies:movie::953,0
Is It Takes Two (1995) categorized as a children's film?,id:movies:movie::52730,0
Is It Takes Two (1995) categorized as a children's film?,id:movies:movie::60487,0
Which movie in the document has the ID id:movies:movie::38?,id:movies:movie::4061,0
Which movie in the document has the ID id:movies:movie::38?,id:movies:movie::108932,0
Which movie in the document has the ID id:movies:movie::38?,id:movies:movie::175475,0
Which movie in the document has the ID id:movies:movie::38?,id:movies:movie::111921,0
Is It Takes Two (1995) categorized as a comedy film?,id:movies:movie::1784,0
Is It Takes Two (1995) categorized as a comedy film?,id:movies:movie::56837,0
Is It Takes Two (1995) categorized as a comedy film?,id:movies:movie::618,0
What genres are listed for Pocahontas (1995)?,id:movies:movie::3326,0
What genres are listed for Pocahontas (1995)?,id:movies:movie::95193,0
What genres are listed for Pocahontas (1995)?,id:movies:movie::31422,0
Which genres of Pocahontas (1995) include romance?,id:movies:movie::222,0
Which genres of Pocahontas (1995) include romance?,id:movies:movie::105,0
Which genres of Pocahontas (1995) include romance?,id:movies:movie::26903,0
Is Pocahontas (1995) categorized as a musical?,id:movies:movie::5560,0
Is Pocahontas (1995) categorized as a musical?,id:movies:movie::8738,0
Is Pocahontas (1995) categorized as a musical?,id:movies:movie::93006,0
How many genres is Pocahontas (1995) classified under?,id:movies:movie::204,0
How many genres is Pocahontas (1995) classified under?,id:movies:movie::46,0
How many genres is Pocahontas (1995) classified under?,id:movies:movie::95193,0
Does It Takes Two (1995) belong to both the Children and Comedy genres?,id:movies:movie::60487,0
Does It Takes Two (1995) belong to both the Children and Comedy genres?,id:movies:movie::126921,0
Does It Takes Two (1995) belong to both the Children and Comedy genres?,id:movies:movie::5863,0
Do the genres for Pocahontas (1995) include both Animation and Romance?,id:movies:movie::72737,0
Do the genres for Pocahontas (1995) include both Animation and Romance?,id:movies:movie::595,0
Do the genres for Pocahontas (1995) include both Animation and Romance?,id:movies:movie::2080,0
"In what year was To Die For released, and which genres does it belong to?",id:movies:movie::7040,0
"In what year was To Die For released, and which genres does it belong to?",id:movies:movie::477,0
"In what year was To Die For released, and which genres does it belong to?",id:movies:movie::105037,0
What year is shown in the film title Pocahontas (1995)?,id:movies:movie::6273,0
What year is shown in the film title Pocahontas (1995)?,id:movies:movie::115122,0
What year is shown in the film title Pocahontas (1995)?,id:movies:movie::999,0
What year is shown in the film title Pocahontas (1995)?,id:movies:movie::164,0
What genres describe the 1995 film To Die For?,id:movies:movie::86068,0
What genres describe the 1995 film To Die For?,id:movies:movie::91483,0
What genres describe the 1995 film To Die For?,id:movies:movie::203,0
Is drama a genre associated with Pocahontas (1995)?,id:movies:movie::4077,0
Is drama a genre associated with Pocahontas (1995)?,id:movies:movie::450,0
Is drama a genre associated with Pocahontas (1995)?,id:movies:movie::8738,0
"Tell me about To Die For (1995) and its genre trio of comedy, drama, and thriller.",id:movies:movie::3420,1
"Tell me about To Die For (1995) and its genre trio of comedy, drama, and thriller.",id:movies:movie::7040,1
"Tell me about To Die For (1995) and its genre trio of comedy, drama, and thriller.",id:movies:movie::33880,1
"Is the movie To Die For categorized as a comedy, a drama, and a thriller?",id:movies:movie::78469,0
"Is the movie To Die For categorized as a comedy, a drama, and a thriller?",id:movies:movie::111743,0
"Is the movie To Die For categorized as a comedy, a drama, and a thriller?",id:movies:movie::127134,0
"Is the movie To Die For categorized as a comedy, a drama, and a thriller?",id:movies:movie::7040,0
How would you classify To Die For (1995) based on its listed genres?,id:movies:movie::46,0
How would you classify To Die For (1995) based on its listed genres?,id:movies:movie::203,0
How would you classify To Die For (1995) based on its listed genres?,id:movies:movie::82499,0
"Could you give a brief overview of the 1995 film Seven, also known as Se7en?",id:movies:movie::6515,0
"Could you give a brief overview of the 1995 film Seven, also known as Se7en?",id:movies:movie::6780,0
"Could you give a brief overview of the 1995 film Seven, also known as Se7en?",id:movies:movie::102823,0
Give me a quick overview of To Die For (1995) focusing on its genre mix.,id:movies:movie::165,1
Give me a quick overview of To Die For (1995) focusing on its genre mix.,id:movies:movie::111743,0
Give me a quick overview of To Die For (1995) focusing on its genre mix.,id:movies:movie::7040,1
What is the title and genre classification for the 1995 film described in the document?,id:movies:movie::173535,0
What is the title and genre classification for the 1995 film described in the document?,id:movies:movie::4061,0
What is the title and genre classification for the 1995 film described in the document?,id:movies:movie::167772,2
What is the title and genre classification for the 1995 film described in the document?,id:movies:movie::177939,0
What year was Seven (Se7en) released and what genres is it listed under?,id:movies:movie::5028,0
What year was Seven (Se7en) released and what genres is it listed under?,id:movies:movie::496,0
What year was Seven (Se7en) released and what genres is it listed under?,id:movies:movie::134004,0
What year was Seven (Se7en) released and what genres is it listed under?,id:movies:movie::477,0
What is the alternate title of the 1995 film Seven?,id:movies:movie::167772,0
What is the alternate title of the 1995 film Seven?,id:movies:movie::7013,0
What is the alternate title of the 1995 film Seven?,id:movies:movie::2066,0
What is the alternate title of the 1995 film Seven?,id:movies:movie::69516,0
"I’m searching for the movie To Die For and want to know its genre labels: comedy, drama, and thriller.",id:movies:movie::7040,0
"I’m searching for the movie To Die For and want to know its genre labels: comedy, drama, and thriller.",id:movies:movie::3420,0
"I’m searching for the movie To Die For and want to know its genre labels: comedy, drama, and thriller.",id:movies:movie::7215,0
Which film from 1995 is Seven also known as Se7en?,id:movies:movie::25940,0
Which film from 1995 is Seven also known as Se7en?,id:movies:movie::164,0
Which film from 1995 is Seven also known as Se7en?,id:movies:movie::8044,0
What are the genres associated with the 1995 movie Seven?,id:movies:movie::164367,0
What are the genres associated with the 1995 movie Seven?,id:movies:movie::162350,0
What are the genres associated with the 1995 movie Seven?,id:movies:movie::175475,0
What are the genres associated with the 1995 movie Seven?,id:movies:movie::108932,0
What genre is Restoration (1995)?,id:movies:movie::134004,0
What genre is Restoration (1995)?,id:movies:movie::5028,0
What genre is Restoration (1995)?,id:movies:movie::337,0
"Please provide basic information for the film Seven (Se7en), including its release year and genres.",id:movies:movie::4359,0
"Please provide basic information for the film Seven (Se7en), including its release year and genres.",id:movies:movie::173535,0
"Please provide basic information for the film Seven (Se7en), including its release year and genres.",id:movies:movie::6785,0
How would you classify the 1995 movie Seven in terms of its genre categories?,id:movies:movie::407,0
How would you classify the 1995 movie Seven in terms of its genre categories?,id:movies:movie::96,0
How would you classify the 1995 movie Seven in terms of its genre categories?,id:movies:movie::1958,0
How would you classify the 1995 movie Seven in terms of its genre categories?,id:movies:movie::1950,0
Is Seven from 1995 categorized as both a mystery and a thriller?,id:movies:movie::32,0
Is Seven from 1995 categorized as both a mystery and a thriller?,id:movies:movie::4517,0
Is Seven from 1995 categorized as both a mystery and a thriller?,id:movies:movie::164,0
In what year was Restoration released?,id:movies:movie::496,0
In what year was Restoration released?,id:movies:movie::59421,0
In what year was Restoration released?,id:movies:movie::115122,0
What is the genre for Restoration (1995)?,id:movies:movie::134004,0
What is the genre for Restoration (1995)?,id:movies:movie::27899,0
What is the genre for Restoration (1995)?,id:movies:movie::5028,0
Is Restoration (1995) a drama film?,id:movies:movie::922,0
Is Restoration (1995) a drama film?,id:movies:movie::8044,0
Is Restoration (1995) a drama film?,id:movies:movie::6273,0
What is the release year of Restoration?,id:movies:movie::1652,0
What is the release year of Restoration?,id:movies:movie::7047,0
What is the release year of Restoration?,id:movies:movie::2919,0
What is the release year of Restoration?,id:movies:movie::134004,0
Tell me about the 1995 film Restoration.,id:movies:movie::4426,0
Tell me about the 1995 film Restoration.,id:movies:movie::55620,0
Tell me about the 1995 film Restoration.,id:movies:movie::26701,0
What is the title of the movie with the document ID id:movies:movie::41?,id:movies:movie::7882,0
What is the title of the movie with the document ID id:movies:movie::41?,id:movies:movie::120478,0
What is the title of the movie with the document ID id:movies:movie::41?,id:movies:movie::120827,0
What is the title of the movie with the document ID id:movies:movie::41?,id:movies:movie::127114,0
Which movie released in 1995 is named Restoration?,id:movies:movie::475,0
Which movie released in 1995 is named Restoration?,id:movies:movie::123553,0
Which movie released in 1995 is named Restoration?,id:movies:movie::96,0
What is the title and year of the drama film Restoration?,id:movies:movie::7047,0
What is the title and year of the drama film Restoration?,id:movies:movie::2919,0
What is the title and year of the drama film Restoration?,id:movies:movie::7013,0
What is the title and year of the drama film Restoration?,id:movies:movie::3169,0
What is the dataset ID for the film titled Richard III (1995)?,id:movies:movie::173535,0
What is the dataset ID for the film titled Richard III (1995)?,id:movies:movie::177939,0
What is the dataset ID for the film titled Richard III (1995)?,id:movies:movie::27899,0
"When was Richard III released, according to the document?",id:movies:movie::4280,0
"When was Richard III released, according to the document?",id:movies:movie::6122,0
"When was Richard III released, according to the document?",id:movies:movie::6609,0
Do the genres of Richard III (1995) include both drama and war?,id:movies:movie::5975,2
Do the genres of Richard III (1995) include both drama and war?,id:movies:movie::340,2
Do the genres of Richard III (1995) include both drama and war?,id:movies:movie::7303,2
What genres are associated with Richard III (1995)?,id:movies:movie::3326,0
What genres are associated with Richard III (1995)?,id:movies:movie::477,0
What genres are associated with Richard III (1995)?,id:movies:movie::6122,0
Which film in the dataset has the title Richard III (1995) and is categorized as Drama and War?,id:movies:movie::27692,0
Which film in the dataset has the title Richard III (1995) and is categorized as Drama and War?,id:movies:movie::5975,0
Which film in the dataset has the title Richard III (1995) and is categorized as Drama and War?,id:movies:movie::2897,0
How would you describe the film Richard III (1995) based on its genre tags?,id:movies:movie::6515,0
How would you describe the film Richard III (1995) based on its genre tags?,id:movies:movie::6122,0
How would you describe the film Richard III (1995) based on its genre tags?,id:movies:movie::86068,0
Can you confirm the exact title and year for the movie referenced by id:movies:movie::41?,id:movies:movie::173535,0
Can you confirm the exact title and year for the movie referenced by id:movies:movie::41?,id:movies:movie::3169,0
Can you confirm the exact title and year for the movie referenced by id:movies:movie::41?,id:movies:movie::141646,0
Can you confirm the exact title and year for the movie referenced by id:movies:movie::41?,id:movies:movie::3329,0
What genres are listed for The Usual Suspects (1995)?,id:movies:movie::3326,0
What genres are listed for The Usual Suspects (1995)?,id:movies:movie::27899,0
What genres are listed for The Usual Suspects (1995)?,id:movies:movie::3674,0
In what year was The Usual Suspects released?,id:movies:movie::115122,0
In what year was The Usual Suspects released?,id:movies:movie::496,0
In what year was The Usual Suspects released?,id:movies:movie::27899,0
What is the internal document ID for The Usual Suspects (1995) in the movie database?,id:movies:movie::4061,0
What is the internal document ID for The Usual Suspects (1995) in the movie database?,id:movies:movie::173535,0
What is the internal document ID for The Usual Suspects (1995) in the movie database?,id:movies:movie::108932,0
Which three genres classify The Usual Suspects?,id:movies:movie::25946,0
"What is the exact catalog entry name for the 1995 crime, mystery, thriller film The Usual Suspects?",id:movies:movie::158238,0
Which three genres classify The Usual Suspects?,id:movies:movie::552,0
"What is the exact catalog entry name for the 1995 crime, mystery, thriller film The Usual Suspects?",id:movies:movie::183011,0
Which three genres classify The Usual Suspects?,id:movies:movie::31923,0
"What is the exact catalog entry name for the 1995 crime, mystery, thriller film The Usual Suspects?",id:movies:movie::2467,0
Is The Usual Suspects categorized as a thriller in this dataset?,id:movies:movie::90528,0
Is The Usual Suspects categorized as a thriller in this dataset?,id:movies:movie::407,0
Is The Usual Suspects categorized as a thriller in this dataset?,id:movies:movie::474,0
What is the catalog entry for the movie with the document ID id:movies:movie::50?,id:movies:movie::164367,0
What is the catalog entry for the movie with the document ID id:movies:movie::50?,id:movies:movie::108932,0
What is the catalog entry for the movie with the document ID id:movies:movie::50?,id:movies:movie::175475,0
What is the catalog entry for the movie with the document ID id:movies:movie::50?,id:movies:movie::167746,0
What genres does Mighty Aphrodite (1995) fall under?,id:movies:movie::27899,0
What genres does Mighty Aphrodite (1995) fall under?,id:movies:movie::115122,0
What genres does Mighty Aphrodite (1995) fall under?,id:movies:movie::181,0
In what year was Mighty Aphrodite released?,id:movies:movie::496,0
In what year was Mighty Aphrodite released?,id:movies:movie::59421,0
In what year was Mighty Aphrodite released?,id:movies:movie::115122,0
"How is The Usual Suspects’ title formatted in the catalog, including the release year?",id:movies:movie::4061,1
"How is The Usual Suspects’ title formatted in the catalog, including the release year?",id:movies:movie::3329,1
"How is The Usual Suspects’ title formatted in the catalog, including the release year?",id:movies:movie::160565,1
Which genres are associated with the movie Mighty Aphrodite released in 1995?,id:movies:movie::181,0
Which genres are associated with the movie Mighty Aphrodite released in 1995?,id:movies:movie::96,0
Which genres are associated with the movie Mighty Aphrodite released in 1995?,id:movies:movie::407,0
What is the internal document ID for Mighty Aphrodite in the dataset?,id:movies:movie::4061,0
What is the internal document ID for Mighty Aphrodite in the dataset?,id:movies:movie::115122,0
What is the internal document ID for Mighty Aphrodite in the dataset?,id:movies:movie::4144,0
What is the internal document ID for Mighty Aphrodite in the dataset?,id:movies:movie::111921,0
What are the genres listed for the film Mighty Aphrodite (1995)?,id:movies:movie::173535,0
What are the genres listed for the film Mighty Aphrodite (1995)?,id:movies:movie::181,0
What are the genres listed for the film Mighty Aphrodite (1995)?,id:movies:movie::167772,0
How is Mighty Aphrodite identified in the data set (title and year)?,id:movies:movie::2310,2
How is Mighty Aphrodite identified in the data set (title and year)?,id:movies:movie::2082,0
How is Mighty Aphrodite identified in the data set (title and year)?,id:movies:movie::4605,0
Is Dead Man Walking a crime drama film released in 1995?,id:movies:movie::6273,0
Is Dead Man Walking a crime drama film released in 1995?,id:movies:movie::164,0
Is Dead Man Walking a crime drama film released in 1995?,id:movies:movie::42,0
"What is the official title and year of the film that combines comedy, drama, and romance?",id:movies:movie::112749,2
"What is the official title and year of the film that combines comedy, drama, and romance?",id:movies:movie::48032,2
"What is the official title and year of the film that combines comedy, drama, and romance?",id:movies:movie::41769,2
"What is the official title and year of the film that combines comedy, drama, and romance?",id:movies:movie::78174,2
What genres is Dead Man Walking (1995) classified under in the catalog?,id:movies:movie::336,2
What genres is Dead Man Walking (1995) classified under in the catalog?,id:movies:movie::714,0
What genres is Dead Man Walking (1995) classified under in the catalog?,id:movies:movie::115122,0
"What year did Dead Man Walking come out, and what genres does it belong to?",id:movies:movie::477,0
"What year did Dead Man Walking come out, and what genres does it belong to?",id:movies:movie::27899,0
"What year did Dead Man Walking come out, and what genres does it belong to?",id:movies:movie::2297,0
"What year did Dead Man Walking come out, and what genres does it belong to?",id:movies:movie::115122,0
Tell me about the 1995 film Dead Man Walking and its genre tags.,id:movies:movie::336,0
Tell me about the 1995 film Dead Man Walking and its genre tags.,id:movies:movie::714,0
Tell me about the 1995 film Dead Man Walking and its genre tags.,id:movies:movie::303,0
How is Dead Man Walking (1995) categorized in terms of genre in this dataset?,id:movies:movie::407,0
Which genres are associated with the film Dead Man Walking from 1995?,id:movies:movie::336,0
How is Dead Man Walking (1995) categorized in terms of genre in this dataset?,id:movies:movie::6760,0
Which genres are associated with the film Dead Man Walking from 1995?,id:movies:movie::714,0
Which genres are associated with the film Dead Man Walking from 1995?,id:movies:movie::97950,0
How is Dead Man Walking (1995) categorized in terms of genre in this dataset?,id:movies:movie::2056,0
"If I’m looking for Crime and Drama titles, does Dead Man Walking (1995) fit that category?",id:movies:movie::42,2
"If I’m looking for Crime and Drama titles, does Dead Man Walking (1995) fit that category?",id:movies:movie::2973,2
"If I’m looking for Crime and Drama titles, does Dead Man Walking (1995) fit that category?",id:movies:movie::336,0
"Is Mighty Aphrodite categorized as a comedy, a drama, and a romance?",id:movies:movie::166291,0
"Is Mighty Aphrodite categorized as a comedy, a drama, and a romance?",id:movies:movie::146024,0
"Is Mighty Aphrodite categorized as a comedy, a drama, and a romance?",id:movies:movie::8667,0
What is the exact title of the movie listed under this document?,id:movies:movie::102123,2
What is the exact title of the movie listed under this document?,id:movies:movie::7882,2
What is the exact title of the movie listed under this document?,id:movies:movie::4518,2
What is the exact title of the movie listed under this document?,id:movies:movie::108932,2
What year is shown in the movie title Mortal Kombat (1995)?,id:movies:movie::136297,2
What year is shown in the movie title Mortal Kombat (1995)?,id:movies:movie::115122,0
What year is shown in the movie title Mortal Kombat (1995)?,id:movies:movie::1681,1
What is the document ID for Mortal Kombat (1995)?,id:movies:movie::136297,1
What is the document ID for Mortal Kombat (1995)?,id:movies:movie::1681,0
What is the document ID for Mortal Kombat (1995)?,id:movies:movie::134004,0
"Provide the basic identification for Dead Man Walking including its title, year, and genres.",id:movies:movie::336,2
"Provide the basic identification for Dead Man Walking including its title, year, and genres.",id:movies:movie::137,0
"Provide the basic identification for Dead Man Walking including its title, year, and genres.",id:movies:movie::48593,0
What is the title and release year of the film listed as id:movies:movie::46?,id:movies:movie::146028,0
What is the title and release year of the film listed as id:movies:movie::46?,id:movies:movie::147286,0
What is the title and release year of the film listed as id:movies:movie::46?,id:movies:movie::173535,0
What is the title and release year of the film listed as id:movies:movie::46?,id:movies:movie::131724,0
In what year did the movie How to Make an American Quilt release?,id:movies:movie::139915,0
In what year did the movie How to Make an American Quilt release?,id:movies:movie::98908,0
In what year did the movie How to Make an American Quilt release?,id:movies:movie::143896,0
Is Mortal Kombat (1995) categorized as action?,id:movies:movie::136297,2
Is Mortal Kombat (1995) categorized as action?,id:movies:movie::1681,0
Is Mortal Kombat (1995) categorized as action?,id:movies:movie::5720,0
Which genres are assigned to How to Make an American Quilt?,id:movies:movie::139915,0
Which genres are assigned to How to Make an American Quilt?,id:movies:movie::98908,0
Which genres are assigned to How to Make an American Quilt?,id:movies:movie::6549,0
How many genres does Mortal Kombat (1995) have?,id:movies:movie::136297,2
How many genres does Mortal Kombat (1995) have?,id:movies:movie::1681,0
How many genres does Mortal Kombat (1995) have?,id:movies:movie::82499,0
What genres describe the 1995 film How to Make an American Quilt?,id:movies:movie::139915,0
What genres describe the 1995 film How to Make an American Quilt?,id:movies:movie::98908,0
What genres describe the 1995 film How to Make an American Quilt?,id:movies:movie::143896,0
What genres are associated with Mortal Kombat (1995)?,id:movies:movie::136297,1
What genres are associated with Mortal Kombat (1995)?,id:movies:movie::1681,0
What genres are associated with Mortal Kombat (1995)?,id:movies:movie::3326,0
Is Adventure among the genres for Mortal Kombat (1995)?,id:movies:movie::1681,0
Is Adventure among the genres for Mortal Kombat (1995)?,id:movies:movie::136297,1
Is Adventure among the genres for Mortal Kombat (1995)?,id:movies:movie::3674,0
What is the document ID for the film How to Make an American Quilt?,id:movies:movie::139915,0
What is the document ID for the film How to Make an American Quilt?,id:movies:movie::143896,0
What is the document ID for the film How to Make an American Quilt?,id:movies:movie::98908,0
Is Fantasy one of the genres for Mortal Kombat (1995)?,id:movies:movie::1681,0
Is Fantasy one of the genres for Mortal Kombat (1995)?,id:movies:movie::136297,1
Is Fantasy one of the genres for Mortal Kombat (1995)?,id:movies:movie::126142,0
Which film in the document has the title How to Make an American Quilt?,id:movies:movie::139915,0
Which film in the document has the title How to Make an American Quilt?,id:movies:movie::143896,0
Which film in the document has the title How to Make an American Quilt?,id:movies:movie::4061,0
What is the full title of the movie with genres Drama and Romance in the dataset?,id:movies:movie::4061,2
What is the full title of the movie with genres Drama and Romance in the dataset?,id:movies:movie::111921,2
What is the full title of the movie with genres Drama and Romance in the dataset?,id:movies:movie::52668,2
What is the full title of the movie with genres Drama and Romance in the dataset?,id:movies:movie::164367,0
What are the two genres listed for Clueless (1995)?,id:movies:movie::38992,0
What are the two genres listed for Clueless (1995)?,id:movies:movie::3326,0
What are the two genres listed for Clueless (1995)?,id:movies:movie::27899,0
"Is How to Make an American Quilt categorized as a drama, a romance, or both?",id:movies:movie::4357,0
"Is How to Make an American Quilt categorized as a drama, a romance, or both?",id:movies:movie::98908,0
"Is How to Make an American Quilt categorized as a drama, a romance, or both?",id:movies:movie::139915,0
What genres is Clueless (1995) categorized under?,id:movies:movie::134004,0
What genres is Clueless (1995) categorized under?,id:movies:movie::204,0
What genres is Clueless (1995) categorized under?,id:movies:movie::5028,0
Which movie entry in this document is titled Clueless (1995)?,id:movies:movie::1288,0
Which movie entry in this document is titled Clueless (1995)?,id:movies:movie::2620,0
Which movie entry in this document is titled Clueless (1995)?,id:movies:movie::52952,0
Is Clueless (1995) considered both a comedy and a romance?,id:movies:movie::146024,0
Is Clueless (1995) considered both a comedy and a romance?,id:movies:movie::8738,0
Is Clueless (1995) considered both a comedy and a romance?,id:movies:movie::357,0
What information does the document provide about the movie 'Clueless (1995)'?,id:movies:movie::27899,0
What information does the document provide about the movie 'Clueless (1995)'?,id:movies:movie::115122,0
What information does the document provide about the movie 'Clueless (1995)'?,id:movies:movie::159441,0
What information does the document provide about the movie 'Clueless (1995)'?,id:movies:movie::165343,0
What genres does When Night Is Falling belong to?,id:movies:movie::95199,0
What genres does When Night Is Falling belong to?,id:movies:movie::477,0
What genres does When Night Is Falling belong to?,id:movies:movie::27899,0
What is the exact film title used in the record that lists Comedy and Romance?,id:movies:movie::52668,2
What is the exact film title used in the record that lists Comedy and Romance?,id:movies:movie::134004,2
What is the exact film title used in the record that lists Comedy and Romance?,id:movies:movie::59421,2
What is the exact film title used in the record that lists Comedy and Romance?,id:movies:movie::4061,0
What is the title of the movie with document id id:movies:movie::49?,id:movies:movie::4518,0
What is the title of the movie with document id id:movies:movie::49?,id:movies:movie::164367,0
What is the title of the movie with document id id:movies:movie::49?,id:movies:movie::175475,0
What is the title of the movie with document id id:movies:movie::49?,id:movies:movie::108932,0
In what year is When Night Is Falling released (as shown in the title)?,id:movies:movie::1950,0
In what year is When Night Is Falling released (as shown in the title)?,id:movies:movie::475,0
In what year is When Night Is Falling released (as shown in the title)?,id:movies:movie::96,0
"If I search for Clueless (1995), what genres should I expect to see?",id:movies:movie::2856,0
What is the document identifier for the movie When Night Is Falling?,id:movies:movie::177939,0
"If I search for Clueless (1995), what genres should I expect to see?",id:movies:movie::5384,0
What is the document identifier for the movie When Night Is Falling?,id:movies:movie::108932,0
"If I search for Clueless (1995), what genres should I expect to see?",id:movies:movie::6614,0
What is the document identifier for the movie When Night Is Falling?,id:movies:movie::175475,0
"If I search for Clueless (1995), what genres should I expect to see?",id:movies:movie::1644,0
How would you classify Clueless (1995) based on its genre tags?,id:movies:movie::82499,2
How would you classify Clueless (1995) based on its genre tags?,id:movies:movie::46,1
How would you classify Clueless (1995) based on its genre tags?,id:movies:movie::3983,1
Please provide the title and genres for the movie associated with id id:movies:movie::49.,id:movies:movie::173535,0
Please provide the title and genres for the movie associated with id id:movies:movie::49.,id:movies:movie::3169,0
Please provide the title and genres for the movie associated with id id:movies:movie::49.,id:movies:movie::164367,0
Please provide the title and genres for the movie associated with id id:movies:movie::49.,id:movies:movie::108932,0
What is the title of the movie with ID id:movies:movie::34?,id:movies:movie::4518,0
What is the title of the movie with ID id:movies:movie::34?,id:movies:movie::164367,0
What is the title of the movie with ID id:movies:movie::34?,id:movies:movie::175475,0
What is the title of the movie with ID id:movies:movie::34?,id:movies:movie::108932,0
"What is the exact film title, including the year, as it appears in the record?",id:movies:movie::4061,2
"What is the exact film title, including the year, as it appears in the record?",id:movies:movie::3329,2
"What is the exact film title, including the year, as it appears in the record?",id:movies:movie::160565,2
"If you were tagging this movie by genres, what two genres would you use?",id:movies:movie::1934,2
"What is the exact film title, including the year, as it appears in the record?",id:movies:movie::111921,2
"If you were tagging this movie by genres, what two genres would you use?",id:movies:movie::7569,2
"If you were tagging this movie by genres, what two genres would you use?",id:movies:movie::6515,2
"If you were tagging this movie by genres, what two genres would you use?",id:movies:movie::80858,1
"Is When Night Is Falling categorized as drama, romance, or both?",id:movies:movie::1784,0
"Is When Night Is Falling categorized as drama, romance, or both?",id:movies:movie::56837,0
"Is When Night Is Falling categorized as drama, romance, or both?",id:movies:movie::381,0
What is the document ID for the Babe movie entry?,id:movies:movie::173535,0
What is the document ID for the Babe movie entry?,id:movies:movie::108932,0
What is the document ID for the Babe movie entry?,id:movies:movie::175475,0
What is the document ID for the Babe movie entry?,id:movies:movie::132584,0
Which genres are listed for Babe (1995)?,id:movies:movie::2017,0
Which genres are listed for Babe (1995)?,id:movies:movie::2384,0
Which genres are listed for Babe (1995)?,id:movies:movie::3086,0
What year is included in Babe (1995) title?,id:movies:movie::2017,0
What year is included in Babe (1995) title?,id:movies:movie::3086,0
What year is included in Babe (1995) title?,id:movies:movie::2384,1
Is Babe (1995) categorized under both Children and Drama?,id:movies:movie::2384,0
Is Babe (1995) categorized under both Children and Drama?,id:movies:movie::27,0
Is Babe (1995) categorized under both Children and Drama?,id:movies:movie::48,0
When was Waiting to Exhale released?,id:movies:movie::4,2
List all genres assigned to Waiting to Exhale.,id:movies:movie::4,2
Which three genres define Waiting to Exhale?,id:movies:movie::4,2
"What is the year and title of the movie that blends comedy, drama, and romance?",id:movies:movie::4,2
What is the document ID for Waiting to Exhale in this dataset?,id:movies:movie::4,2
"Which film released in 1995 has the genres comedy, drama, and romance?",id:movies:movie::4,2
How is Waiting to Exhale categorized in the genre taxonomy?,id:movies:movie::4,2
What is the title of the movie described by the ID id:movies:movie::4?,id:movies:movie::4,2
In what year was Toy Story released?,id:movies:movie::1,2
What are the genres listed for Toy Story (1995)?,id:movies:movie::1,2
Is Toy Story (1995) categorized as Animation?,id:movies:movie::1,2
Is Adventure one of the genres for Toy Story (1995)?,id:movies:movie::1,2
Is Comedy included in the genres of Toy Story (1995)?,id:movies:movie::1,2
Is Fantasy among the genres assigned to Toy Story (1995)?,id:movies:movie::1,2
Is the Children genre part of Toy Story (1995)'s classifications?,id:movies:movie::1,2
What is the exact movie title for the entry identified by id:movies:movie::1?,id:movies:movie::1,2
What genres does the film Cutthroat Island (1995) belong to?,id:movies:movie::15,2
"In what year was Cutthroat Island released, and what genres is it categorized under?",id:movies:movie::15,2
What are the three genres listed for Cutthroat Island in the document?,id:movies:movie::15,2
Which movie corresponds to the internal document ID id:movies:movie::15?,id:movies:movie::15,2
"Is Cutthroat Island an action, adventure, or romance film?",id:movies:movie::15,2
What is the exact order of the genres for Cutthroat Island?,id:movies:movie::15,2
What is the title of the movie with document ID id:movies:movie::15 along with its release year?,id:movies:movie::15,2
What categories apply to Cutthroat Island in the dataset?,id:movies:movie::15,2
What year was The American President released?,id:movies:movie::11,2
What genres are listed for The American President (1995)?,id:movies:movie::11,2
Is The American President considered a romantic comedy based on its genres?,id:movies:movie::11,2
"What is the exact catalog title for the 1995 film with genres Comedy, Drama, and Romance?",id:movies:movie::11,2
What is the document ID for The American President (1995)?,id:movies:movie::11,2
Which movie has the document ID id:movies:movie::11?,id:movies:movie::11,2
"If I’m searching for a 1995 film that blends comedy, drama, and romance, is The American President a good match?",id:movies:movie::11,2
What three genres describe The American President (1995)?,id:movies:movie::11,2
What genres are listed for Heat (1995)?,id:movies:movie::6,2
"Is Heat (1995) categorized as action, crime, and thriller?",id:movies:movie::6,2
What year does the title Heat (1995) indicate?,id:movies:movie::6,2
"Are Action, Crime, and Thriller the only genres listed for Heat (1995)?",id:movies:movie::6,2
Which film in this dataset has the title Heat released in 1995?,id:movies:movie::6,2
How would you classify Heat (1995) by its genres?,id:movies:movie::6,2
What is the document ID for the Heat (1995) movie?,id:movies:movie::6,2
Could Heat (1995) be described as a crime thriller with action elements?,id:movies:movie::6,2
What is the document ID for the film Sudden Death (1995)?,id:movies:movie::9,2
What is the title of the movie with the document identifier id:movies:movie::9?,id:movies:movie::9,2
What year is associated with Sudden Death in the document?,id:movies:movie::9,2
What genre is Sudden Death (1995) listed as?,id:movies:movie::9,2
Is Sudden Death (1995) an action movie?,id:movies:movie::9,2
Can you pull the basic metadata for Sudden Death (1995) from this record?,id:movies:movie::9,2
Which document entry describes Sudden Death (1995) as an action film?,id:movies:movie::9,2
What fields are available for Sudden Death (1995) in the dataset?,id:movies:movie::9,2
What genres does the 1995 movie Tom and Huck belong to?,id:movies:movie::8,2
When was the Tom and Huck film released?,id:movies:movie::8,2
Is Tom and Huck (1995) a children's movie?,id:movies:movie::8,2
What is the full title of the 1995 adventure film listed in this document?,id:movies:movie::8,2
Which film is titled Tom and Huck and released in 1995?,id:movies:movie::8,2
How is the movie Tom and Huck (1995) classified by genre?,id:movies:movie::8,2
"Could you provide details for the entry with ID id:movies:movie::8, Tom and Huck?",id:movies:movie::8,2
What are the two genres associated with the Tom and Huck (1995) entry?,id:movies:movie::8,2
What year was the movie Sabrina released?,id:movies:movie::7,2
Is Sabrina (1995) considered a romantic comedy based on its genres?,id:movies:movie::7,2
What is the document ID for Sabrina (1995)?,id:movies:movie::7,2
What is the exact film title for the entry id:movies:movie::7?,id:movies:movie::7,2
Which two genres are associated with the 1995 Sabrina movie?,id:movies:movie::7,2
What is the title of the 1995 film described in this document?,id:movies:movie::7,2
What is the year and title of the Sabrina entry in this dataset?,id:movies:movie::7,2
What genres is GoldenEye (1995) categorized under?,id:movies:movie::10,2
What year does the title GoldenEye (1995) indicate?,id:movies:movie::10,2
"Is GoldenEye (1995) classified as action, adventure, and thriller?",id:movies:movie::10,2
What is the internal document ID for the GoldenEye movie?,id:movies:movie::10,2
What is the exact title of the movie listed with the document ID id:movies:movie::10?,id:movies:movie::10,2
Can you list all genres associated with GoldenEye (1995)?,id:movies:movie::10,2
What are the data fields present for GoldenEye (1995) in this document (title and genres)?,id:movies:movie::10,2
"Which film in this dataset has the title GoldenEye (1995) and belongs to Action, Adventure, and Thriller genres?",id:movies:movie::10,2
What genres are listed for Casino (1995)?,id:movies:movie::16,2
Is Casino (1995) categorized as a crime drama?,id:movies:movie::16,2
"What year was Casino released, and what genres is it associated with?",id:movies:movie::16,2
How is the 1995 film Casino categorized in terms of genre?,id:movies:movie::16,2
What genre labels apply to the movie Casino released in 1995?,id:movies:movie::16,2
"Can you tell me the genres for the 1995 movie Casino, which includes Crime and Drama?",id:movies:movie::16,2
What is the genre classification of Casino (1995)?,id:movies:movie::16,2
Tell me about Casino (1995) and its Crime and Drama genres.,id:movies:movie::16,2
What genre is the film Nixon (1995)?,id:movies:movie::14,2
Is Nixon (1995) a drama movie?,id:movies:movie::14,2
How is Nixon (1995) categorized in film metadata?,id:movies:movie::14,2
What year and genre describe the Nixon film from 1995?,id:movies:movie::14,2
"In a movie catalog, how would Nixon (1995) be listed by genre?",id:movies:movie::14,2
What drama classification does the Nixon film released in 1995 fall under?,id:movies:movie::14,2
Tell me about the Nixon movie that came out in 1995.,id:movies:movie::14,2
Which film titled Nixon released in 1995 is categorized as drama?,id:movies:movie::14,2
What genres is Jumanji (1995) categorized under?,id:movies:movie::2,2
What year is shown in the title Jumanji (1995)?,id:movies:movie::2,2
What is the document ID for the Jumanji entry?,id:movies:movie::2,2
What are the genres listed for the film with document ID id:movies:movie::2?,id:movies:movie::2,2
What is the exact movie title associated with document ID id:movies:movie::2?,id:movies:movie::2,2
Is fantasy one of the genres in Jumanji (1995)?,id:movies:movie::2,2
"How many genres are listed for Jumanji (1995), and what are they?",id:movies:movie::2,2
Is Father of the Bride Part II a comedy?,id:movies:movie::5,2
What is the exact film title listed as a 1995 comedy in this document?,id:movies:movie::5,2
What is the full title of the 1995 movie under id:movies:movie::5?,id:movies:movie::5,2
Which movie in the dataset has the title Father of the Bride Part II (1995)?,id:movies:movie::5,2
What is the title and year of the comedy film described in the document?,id:movies:movie::5,2
Is Balto (1995) a children's movie?,id:movies:movie::13,2
"What year is Balto (1995) from, based on its title?",id:movies:movie::13,2
What adventure genre does Balto (1995) belong to?,id:movies:movie::13,2
What type of film is Balto (1995) according to its genres?,id:movies:movie::13,2
Under which genres is Balto (1995) categorized?,id:movies:movie::13,2
Does Balto (1995) fall into an animated adventure for children?,id:movies:movie::13,2
What genres classify Dracula: Dead and Loving It?,id:movies:movie::12,2
What is the movie entry for Dracula: Dead and Loving It in the dataset?,id:movies:movie::12,2
"Which genres apply to Dracula: Dead and Loving It, the 1995 film?",id:movies:movie::12,2
Show me the film Dracula: Dead and Loving It by its exact title.,id:movies:movie::12,2
Find Dracula: Dead and Loving It in the records using its unique id.,id:movies:movie::12,2
"Is Dracula: Dead and Loving It considered a comedy film, a horror film, or both?",id:movies:movie::12,2
"Please provide the title, year, and genres for Dracula: Dead and Loving It.",id:movies:movie::12,2
Tell me about Grumpier Old Men (1995).,id:movies:movie::3,2
Is Grumpier Old Men (1995) a romantic comedy?,id:movies:movie::3,2
What is the full title of the 1995 comedy romance film in this document?,id:movies:movie::3,2
What is the document ID for Grumpier Old Men (1995)?,id:movies:movie::3,2
Which genres define Grumpier Old Men (1995)?,id:movies:movie::3,2
What is the title of the 1995 movie categorized as comedy and romance?,id:movies:movie::3,2
"Is Sense and Sensibility (1995) a drama, a romance, or both?",id:movies:movie::17,2
What is the genre classification of the 1995 film Sense and Sensibility?,id:movies:movie::17,2
Tell me about Sense and Sensibility (1995) and its genres.,id:movies:movie::17,2
What are the genres associated with the movie Sense and Sensibility (1995)?,id:movies:movie::17,2
Which movie entry has the ID id:movies:movie::17 and what are its genres?,id:movies:movie::17,2
What is the title of the film released in 1995 that has Drama and Romance as genres?,id:movies:movie::17,2
How is Sense and Sensibility (1995) categorized in terms of genre?,id:movies:movie::17,2
What is the title of the 1995 comedy movie described in the document?,id:movies:movie::19,2
What genre does Ace Ventura: When Nature Calls belong to?,id:movies:movie::19,2
What is the document ID for Ace Ventura: When Nature Calls?,id:movies:movie::19,2
What is the exact title including the year for this film?,id:movies:movie::19,2
Which film entry is identified as id:movies:movie::19?,id:movies:movie::19,2
What is the combined title and release year of the movie in the record?,id:movies:movie::19,2
What is the genre and release year of Ace Ventura: When Nature Calls?,id:movies:movie::19,2
What genres is Get Shorty (1995) categorized under?,id:movies:movie::21,2
What year was the movie Get Shorty released?,id:movies:movie::21,2
What are the genre tags for Get Shorty (1995)?,id:movies:movie::21,2
"Provide information about the 1995 film Get Shorty in the Comedy, Crime, and Thriller categories.",id:movies:movie::21,2
"Does Get Shorty (1995) fall into the comedy, crime, and thriller genres?",id:movies:movie::21,2
Search for Get Shorty (1995) and confirm its title and genres.,id:movies:movie::21,2
List the genres associated with the film titled Get Shorty released in 1995.,id:movies:movie::21,2
Give me details for Get Shorty (1995) focusing on its genre classifications.,id:movies:movie::21,2
What is the 1995 film Copycat about?,id:movies:movie::22,2
Is Copycat released in 1995 considered a horror movie?,id:movies:movie::22,2
"How would you categorize Copycat (1995) across crime, drama, mystery, and thriller?",id:movies:movie::22,2
When was Copycat released and what genres does it include?,id:movies:movie::22,2
Does Copycat (1995) fit into both mystery and thriller genres?,id:movies:movie::22,2
What are the five genres associated with Copycat (1995)?,id:movies:movie::22,2
Are there other 1995 films with the same genres as Copycat?,id:movies:movie::22,2
What genre is the movie Four Rooms (1995)?,id:movies:movie::18,2
What year is associated with Four Rooms in this document?,id:movies:movie::18,2
Is Four Rooms (1995) categorized as a comedy?,id:movies:movie::18,2
What is the exact title of the film described in this record?,id:movies:movie::18,2
What genres are listed for Four Rooms (1995)?,id:movies:movie::18,2
What data fields are provided for Four Rooms (1995) in the document?,id:movies:movie::18,2
Are there any other genres listed for Four Rooms (1995) besides comedy?,id:movies:movie::18,2
What genres are listed for The City of Lost Children (1995)?,id:movies:movie::29,2
What is the original French title for The City of Lost Children released in 1995?,id:movies:movie::29,2
Is The City of Lost Children considered a fantasy adventure film from 1995?,id:movies:movie::29,2
What are the English and French titles for the 1995 film that includes mystery and sci-fi?,id:movies:movie::29,2
"Which film from 1995 combines Adventure, Drama, Fantasy, Mystery, and Sci-Fi?",id:movies:movie::29,2
"How would you refer to La Cité des enfants perdus, La in English, and when was it released?",id:movies:movie::29,2
Provide details for The City of Lost Children that include its alternate French name and release year.,id:movies:movie::29,2
What is the title of the 1995 drama movie in this dataset?,id:movies:movie::26,2
What genre is the film Othello (1995) classified as?,id:movies:movie::26,2
Is Othello (1995) a drama film?,id:movies:movie::26,2
What year is included in the movie title Othello (1995)?,id:movies:movie::26,2
What is the internal document ID for the movie Othello (1995)?,id:movies:movie::26,2
How many genres is Othello (1995) listed under?,id:movies:movie::26,2
What is the exact movie title associated with the record ID id:movies:movie::26?,id:movies:movie::26,2
What is the title that includes a year in parentheses in this dataset?,id:movies:movie::26,2
What genres is the movie Persuasion (1995) categorized under?,id:movies:movie::28,2
In what year was Persuasion released?,id:movies:movie::28,2
Is Persuasion (1995) classified as both a drama and a romance film?,id:movies:movie::28,2
What is the internal document ID for the Persuasion (1995) movie?,id:movies:movie::28,2
What is the exact title of the film associated with document ID id:movies:movie::28?,id:movies:movie::28,2
What is the complete metadata for Persuasion (1995) provided in this document (title and genres)?,id:movies:movie::28,2
What format is Persuasion (1995) described as in this data entry?,id:movies:movie::28,2
What are the two genres listed for Persuasion (1995)?,id:movies:movie::28,2
What genres is Twelve Monkeys (1995) categorized under?,id:movies:movie::32,2
Does Twelve Monkeys have an alternative title like '12 Monkeys'?,id:movies:movie::32,2
In which year was Twelve Monkeys released?,id:movies:movie::32,2
What is the document ID for the movie titled 'Twelve Monkeys'?,id:movies:movie::32,2
Which three genres describe the film Twelve Monkeys?,id:movies:movie::32,2
"Is the film Twelve Monkeys classified as Mystery, Sci-Fi, and Thriller?",id:movies:movie::32,2
"What is the full title of the movie as shown in the document, including its alias and year?",id:movies:movie::32,2
Which movie in the dataset is also known as 12 Monkeys and released in 1995?,id:movies:movie::32,2
What is the title and release year of the movie listed under document ID id:movies:movie::27?,id:movies:movie::27,2
Which genres are assigned to Now and Then (1995)?,id:movies:movie::27,2
In what year was Now and Then released?,id:movies:movie::27,2
Is Now and Then categorized as both a Children's film and a Drama?,id:movies:movie::27,2
What is the document ID for the film Now and Then (1995) in this dataset?,id:movies:movie::27,2
What is the exact title of the 1995 movie that has the genres Children and Drama?,id:movies:movie::27,2
Could you provide details for the movie Now and Then released in 1995?,id:movies:movie::27,2
Which movie in this entry has the title Now and Then and the year 1995?,id:movies:movie::27,2
What is the genre of the 1995 film Shanghai Triad (Yao a yao yao dao waipo qiao)?,id:movies:movie::30,2
What genres are listed for Shanghai Triad in the document?,id:movies:movie::30,2
What is the Chinese title listed for Shanghai Triad (1995)?,id:movies:movie::30,2
Is Shanghai Triad categorized as a crime drama film?,id:movies:movie::30,2
What is the internal document ID for Shanghai Triad?,id:movies:movie::30,2
What is the English title of the 1995 film described as a crime drama?,id:movies:movie::30,2
Which film in the document has the genres Crime and Drama and is from 1995?,id:movies:movie::30,2
What genre is Dangerous Minds (1995)?,id:movies:movie::31,2
Is Dangerous Minds categorized as a drama?,id:movies:movie::31,2
What is the title of the movie that has the document ID id:movies:movie::31?,id:movies:movie::31,2
Which film corresponds to the document entry id:movies:movie::31?,id:movies:movie::31,2
What year is associated with the movie Dangerous Minds in the document?,id:movies:movie::31,2
What is the exact title listed for the movie with the ID id:movies:movie::31?,id:movies:movie::31,2
How is Dangerous Minds described in the document?,id:movies:movie::31,2
"What year was Money Train released, and what genres does it have?",id:movies:movie::20,2
Name the film Money Train and its genre categories.,id:movies:movie::20,2
"Is Money Train (1995) categorized under Action, Comedy, Crime, Drama, and Thriller?",id:movies:movie::20,2
"Which 1995 film includes Action, Comedy, Crime, Drama, and Thriller genres?",id:movies:movie::20,2
List all genres for the movie Money Train released in 1995.,id:movies:movie::20,2
Tell me about the 1995 film Money Train’s genre mix.,id:movies:movie::20,2
Find information about Money Train (1995) and its genre tags.,id:movies:movie::20,2
What genres are listed for Leaving Las Vegas (1995)?,id:movies:movie::25,2
What year is included in the film's title Leaving Las Vegas (1995)?,id:movies:movie::25,2
Does Leaving Las Vegas (1995) belong to more than one genre?,id:movies:movie::25,2
Is Leaving Las Vegas categorized as both drama and romance?,id:movies:movie::25,2
What is the title of the 1995 movie described as drama and romance?,id:movies:movie::25,2
What are the genres assigned to the movie with the title Leaving Las Vegas (1995)?,id:movies:movie::25,2
Which film in this record has the genres Drama and Romance and is from 1995?,id:movies:movie::25,2
What genres is Assassins (1995) categorized under?,id:movies:movie::23,2
Is Assassins (1995) an action film?,id:movies:movie::23,2
Is Assassins (1995) a thriller?,id:movies:movie::23,2
What are the genres for the movie Assassins (1995)?,id:movies:movie::23,2
In what year was the film Assassins released?,id:movies:movie::23,2
"What is the exact title of the 1995 film that combines Action, Crime, and Thriller?",id:movies:movie::23,2
Which movie in this dataset has the title Assassins (1995) and what are its genres?,id:movies:movie::23,2
What genres are associated with Powder (1995)?,id:movies:movie::24,2
Which film released in 1995 is titled Powder?,id:movies:movie::24,2
"Does Powder fall under Drama, Sci-Fi, or both?",id:movies:movie::24,2
What is the internal document ID for the Powder movie entry?,id:movies:movie::24,2
How many genres are listed for Powder?,id:movies:movie::24,2
What is the exact title and year of the movie described by the document as Drama and Sci-Fi?,id:movies:movie::24,2
"If I search for a film with the title Powder and the genres Drama and Sci-Fi, what movie is that?",id:movies:movie::24,2
"What genre is Cry, the Beloved Country (1995) listed as in this document?",id:movies:movie::40,2
"In what year is Cry, the Beloved Country released according to the entry?",id:movies:movie::40,2
"What genres are associated with Cry, the Beloved Country (1995)?",id:movies:movie::40,2
"What is the document ID for Cry, the Beloved Country (1995)?",id:movies:movie::40,2
"What fields are present in the Cry, the Beloved Country entry?",id:movies:movie::40,2
"What is the exact title string used for Cry, the Beloved Country in this record?",id:movies:movie::40,2
"Is the year 1995 part of the title for Cry, the Beloved Country in this dataset?",id:movies:movie::40,2
How would you locate this movie in the dataset by its title and year?,id:movies:movie::40,2
What genres are listed for Dead Presidents (1995)?,id:movies:movie::42,2
When was Dead Presidents released?,id:movies:movie::42,2
What is the document ID for the movie Dead Presidents (1995)?,id:movies:movie::42,2
What type of work is Dead Presidents (1995)?,id:movies:movie::42,2
What is the exact title of the film in the entry with ID id:movies:movie::42?,id:movies:movie::42,2
"Are Action, Crime, and Drama the genres assigned to Dead Presidents (1995)?",id:movies:movie::42,2
Which film corresponds to the document entry id:movies:movie::42?,id:movies:movie::42,2
What year and title are given for the movie in this document?,id:movies:movie::42,2
In what year was It Takes Two released?,id:movies:movie::38,2
What genres is It Takes Two (1995) categorized under?,id:movies:movie::38,2
Is It Takes Two considered a children's film?,id:movies:movie::38,2
What is the exact title of the 1995 movie described as a children's comedy?,id:movies:movie::38,2
What is the database entry ID for It Takes Two (1995)?,id:movies:movie::38,2
Can you confirm that It Takes Two belongs to both the children's and comedy genres?,id:movies:movie::38,2
Which film in this dataset has the title It Takes Two (1995)?,id:movies:movie::38,2
Give me the basic metadata for It Takes Two (1995) from the document.,id:movies:movie::38,2
What genres is Pocahontas (1995) categorized under?,id:movies:movie::48,2
"What year was Pocahontas released, and what genres does it include?",id:movies:movie::48,2
Is Pocahontas (1995) considered a children's film?,id:movies:movie::48,2
Is Pocahontas (1995) an animated movie?,id:movies:movie::48,2
Is Pocahontas (1995) a musical film?,id:movies:movie::48,2
Does Pocahontas (1995) include romance as a genre?,id:movies:movie::48,2
Would you classify Pocahontas (1995) as a drama?,id:movies:movie::48,2
Which 1995 film blends animation with drama and romance?,id:movies:movie::48,2
"What genres is the 1995 film ""To Die For"" categorized under?",id:movies:movie::45,2
"In what year was ""To Die For"" released?",id:movies:movie::45,2
"Is ""To Die For"" classified as a comedy, a drama, and a thriller?",id:movies:movie::45,2
"What are the genres listed for the movie titled ""To Die For"" (1995)?",id:movies:movie::45,2
"What is the document ID for the movie ""To Die For""?",id:movies:movie::45,2
"Which three genres describe the movie ""To Die For""?",id:movies:movie::45,2
"Name the movie in the document that has the genres Comedy, Drama, and Thriller.",id:movies:movie::45,2
What is the exact title of the film associated with the document ID id:movies:movie::45?,id:movies:movie::45,2
What is the 1995 mystery thriller film Seven also known as Se7en?,id:movies:movie::47,2
Which genres are listed for the film Seven (Se7en) released in 1995?,id:movies:movie::47,2
What is the alternate title for the 1995 movie Seven?,id:movies:movie::47,2
When was Seven (a.k.a. Se7en) released?,id:movies:movie::47,2
Is Seven categorized under Mystery and Thriller in this record?,id:movies:movie::47,2
What is the document ID for the film Seven (Se7en)?,id:movies:movie::47,2
"How is the film title Seven displayed in this record, including its alias and year?",id:movies:movie::47,2
What is the relationship or connection between the name Seven and Se7en in this dataset entry?,id:movies:movie::47,2
What is the 1995 drama film titled Restoration?,id:movies:movie::43,2
Is Restoration (1995) classified as a drama movie?,id:movies:movie::43,2
Tell me about Restoration from the year 1995 in the drama genre.,id:movies:movie::43,2
Which movie named Restoration was released in 1995 and is a drama?,id:movies:movie::43,2
I’m looking for the drama film Restoration released in 1995.,id:movies:movie::43,2
In what year was the drama film Restoration released?,id:movies:movie::43,2
"Give me basic details for Restoration (1995), the drama film.",id:movies:movie::43,2
How is Restoration (1995) listed in the database in terms of title and genre?,id:movies:movie::43,2
What genres is the 1995 film Richard III categorized under?,id:movies:movie::41,2
"When was Richard III released, and what genres describe it?",id:movies:movie::41,2
Is Richard III (1995) a drama and war film?,id:movies:movie::41,2
What genre tags are applied to Richard III (1995) in the database?,id:movies:movie::41,2
Which genres describe the movie Richard III released in 1995?,id:movies:movie::41,2
How would you categorize Richard III (1995) by genre?,id:movies:movie::41,2
Which two genres identify the film Richard III (1995)?,id:movies:movie::41,2
List the genres associated with Richard III (1995).,id:movies:movie::41,2
What are the genres of The Usual Suspects (1995)?,id:movies:movie::50,2
Tell me about The Usual Suspects released in 1995.,id:movies:movie::50,2
"Is The Usual Suspects a crime, mystery, or thriller film?",id:movies:movie::50,2
How would you classify The Usual Suspects (1995) by genre?,id:movies:movie::50,2
Which genres apply to The Usual Suspects from 1995?,id:movies:movie::50,2
Give me the genre list for The Usual Suspects (1995).,id:movies:movie::50,2
"What 1995 movie is The Usual Suspects, and what genres does it belong to?",id:movies:movie::50,2
"Describe The Usual Suspects (1995) in terms of its Crime, Mystery, and Thriller genres.",id:movies:movie::50,2
"What is the title of the 1995 movie that lists Comedy, Drama, and Romance as its genres?",id:movies:movie::52,2
What genres are associated with Mighty Aphrodite (1995)?,id:movies:movie::52,2
In what year did Mighty Aphrodite release?,id:movies:movie::52,2
How many genres are assigned to Mighty Aphrodite?,id:movies:movie::52,2
What is the document ID for Mighty Aphrodite (1995) in this record?,id:movies:movie::52,2
Is Mighty Aphrodite categorized as a comedy in this entry?,id:movies:movie::52,2
"Based on its genres, could Mighty Aphrodite be described as a romance film?",id:movies:movie::52,2
What is the title of the film described by the record with ID id:movies:movie::52?,id:movies:movie::52,2
What genres is the film Dead Man Walking (1995) classified under?,id:movies:movie::36,2
Is Dead Man Walking (1995) a crime drama?,id:movies:movie::36,2
What year was Dead Man Walking released?,id:movies:movie::36,2
Could you list the genres for Dead Man Walking (1995)?,id:movies:movie::36,2
What is the full title and genre list for the 1995 film Dead Man Walking?,id:movies:movie::36,2
What two genres are associated with Dead Man Walking (1995)?,id:movies:movie::36,2
"Please provide a data snippet for Dead Man Walking, including its title and genres.",id:movies:movie::36,2
Which 1995 movie is titled Dead Man Walking and categorized as Crime and Drama?,id:movies:movie::36,2
What genres is Mortal Kombat (1995) listed under?,id:movies:movie::44,2
In what year was Mortal Kombat released according to the document?,id:movies:movie::44,2
What is the exact title of the movie with document ID id:movies:movie::44?,id:movies:movie::44,2
What are the genres associated with Mortal Kombat (1995) in this entry?,id:movies:movie::44,2
Does the entry for Mortal Kombat (1995) include Fantasy as a genre?,id:movies:movie::44,2
How many genres are listed for Mortal Kombat (1995)?,id:movies:movie::44,2
What is the document ID for the Mortal Kombat entry in this dataset?,id:movies:movie::44,2
Which three genres are linked to Mortal Kombat (1995) in this record?,id:movies:movie::44,2
What genres are listed for the film How to Make an American Quilt (1995)?,id:movies:movie::46,2
In what year was How to Make an American Quilt released?,id:movies:movie::46,2
Is How to Make an American Quilt categorized as both Drama and Romance?,id:movies:movie::46,2
What is the internal document ID for How to Make an American Quilt in this dataset?,id:movies:movie::46,2
Which movie title corresponds to the 1995 release that includes the word Quilt?,id:movies:movie::46,2
What is the exact title of the 1995 film described in the record?,id:movies:movie::46,2
"What are the two genres attached to this movie, How to Make an American Quilt?",id:movies:movie::46,2
How would you classify How to Make an American Quilt based on its listed genres?,id:movies:movie::46,2
What genres are listed for Clueless (1995)?,id:movies:movie::39,2
What is the document ID for Clueless (1995)?,id:movies:movie::39,2
"Is Clueless (1995) categorized as Comedy, Romance, or both?",id:movies:movie::39,2
What is the exact title of the movie associated with document id id:movies:movie::39?,id:movies:movie::39,2
Which film in this dataset has the title Clueless (1995)?,id:movies:movie::39,2
What year is indicated in the title Clueless (1995)?,id:movies:movie::39,2
How would you describe the genre for Clueless (1995) in one phrase?,id:movies:movie::39,2
Which entry corresponds to the movie Clueless (1995) and what genres does it include?,id:movies:movie::39,2
What genres does When Night Is Falling (1995) belong to?,id:movies:movie::49,2
Is When Night Is Falling categorized as a drama romance film?,id:movies:movie::49,2
What is the title of the 1995 drama romance film mentioned in the document?,id:movies:movie::49,2
How would you classify When Night Is Falling (1995) in a film library by its genres?,id:movies:movie::49,2
"If you were describing the film using only its genres, what would you say about When Night Is Falling?",id:movies:movie::49,2
Which film from 1995 is described as drama and romance in the document?,id:movies:movie::49,2
What are the two genres listed for When Night Is Falling in the document?,id:movies:movie::49,2
What genres is Babe (1995) categorized under?,id:movies:movie::34,2
What year was the film Babe released?,id:movies:movie::34,2
What is the exact title of the film with the ID id:movies:movie::34?,id:movies:movie::34,2
Is Babe (1995) listed as a children's movie?,id:movies:movie::34,2
List all genres assigned to Waiting to Exhale.,id:movies:movie::105037,0
List all genres assigned to Waiting to Exhale.,id:movies:movie::8730,0
List all genres assigned to Waiting to Exhale.,id:movies:movie::946,0
What is the document ID for Father of the Bride Part II?,id:movies:movie::6944,0
In what year was When Night Is Falling released?,id:movies:movie::496,0
What is the document ID for Father of the Bride Part II?,id:movies:movie::934,0
In what year was When Night Is Falling released?,id:movies:movie::59421,0
What is the document ID for Father of the Bride Part II?,id:movies:movie::182639,0
In what year was When Night Is Falling released?,id:movies:movie::134004,0
What is the document ID for Waiting to Exhale in this dataset?,id:movies:movie::102123,0
What is the document ID for Waiting to Exhale in this dataset?,id:movies:movie::115122,0
What is the document ID for Waiting to Exhale in this dataset?,id:movies:movie::26527,0
When was Waiting to Exhale released?,id:movies:movie::37384,0
When was Waiting to Exhale released?,id:movies:movie::6639,0
When was Waiting to Exhale released?,id:movies:movie::81191,0
"What is the year and title of the movie that blends comedy, drama, and romance?",id:movies:movie::112749,2
"What is the year and title of the movie that blends comedy, drama, and romance?",id:movies:movie::48032,2
"What is the year and title of the movie that blends comedy, drama, and romance?",id:movies:movie::41769,2
"What is the year and title of the movie that blends comedy, drama, and romance?",id:movies:movie::78174,2
Which three genres define Waiting to Exhale?,id:movies:movie::2978,1
Which three genres define Waiting to Exhale?,id:movies:movie::1449,0
Which three genres define Waiting to Exhale?,id:movies:movie::6639,0
"Which film released in 1995 has the genres comedy, drama, and romance?",id:movies:movie::52668,0
"Which film released in 1995 has the genres comedy, drama, and romance?",id:movies:movie::6273,0
"Which film released in 1995 has the genres comedy, drama, and romance?",id:movies:movie::50792,0
"Which film released in 1995 has the genres comedy, drama, and romance?",id:movies:movie::96,1
What is the title of the movie described by the ID id:movies:movie::4?,id:movies:movie::170875,0
What is the title of the movie described by the ID id:movies:movie::4?,id:movies:movie::120478,0
What is the title of the movie described by the ID id:movies:movie::4?,id:movies:movie::120827,0
What is the title of the movie described by the ID id:movies:movie::4?,id:movies:movie::127114,0
How is Waiting to Exhale categorized in the genre taxonomy?,id:movies:movie::4605,0
In what year was Toy Story released?,id:movies:movie::78499,2
How is Waiting to Exhale categorized in the genre taxonomy?,id:movies:movie::7888,0
In what year was Toy Story released?,id:movies:movie::3114,2
How is Waiting to Exhale categorized in the genre taxonomy?,id:movies:movie::6155,0
In what year was Toy Story released?,id:movies:movie::496,0
Is Toy Story (1995) categorized as Animation?,id:movies:movie::3114,0
Is Toy Story (1995) categorized as Animation?,id:movies:movie::78499,0
Is Toy Story (1995) categorized as Animation?,id:movies:movie::87834,0
What genres does the film Cutthroat Island (1995) belong to?,id:movies:movie::27899,0
What genres does the film Cutthroat Island (1995) belong to?,id:movies:movie::115122,0
What genres does the film Cutthroat Island (1995) belong to?,id:movies:movie::477,0
What is the exact movie title for the entry identified by id:movies:movie::1?,id:movies:movie::173535,0
What is the exact movie title for the entry identified by id:movies:movie::1?,id:movies:movie::141646,0
What is the exact movie title for the entry identified by id:movies:movie::1?,id:movies:movie::108932,0
What is the exact movie title for the entry identified by id:movies:movie::1?,id:movies:movie::175475,0
What are the genres listed for Toy Story (1995)?,id:movies:movie::3114,1
What are the genres listed for Toy Story (1995)?,id:movies:movie::78499,1
What are the genres listed for Toy Story (1995)?,id:movies:movie::3326,0
Is Adventure one of the genres for Toy Story (1995)?,id:movies:movie::3674,0
Is Adventure one of the genres for Toy Story (1995)?,id:movies:movie::828,0
Is Adventure one of the genres for Toy Story (1995)?,id:movies:movie::78499,0
Is Fantasy among the genres assigned to Toy Story (1995)?,id:movies:movie::3114,0
Is Fantasy among the genres assigned to Toy Story (1995)?,id:movies:movie::78499,0
Is Fantasy among the genres assigned to Toy Story (1995)?,id:movies:movie::606,0
Is Comedy included in the genres of Toy Story (1995)?,id:movies:movie::52668,0
Is Comedy included in the genres of Toy Story (1995)?,id:movies:movie::1594,0
Is Comedy included in the genres of Toy Story (1995)?,id:movies:movie::2961,0
Is the Children genre part of Toy Story (1995)'s classifications?,id:movies:movie::3114,0
Is the Children genre part of Toy Story (1995)'s classifications?,id:movies:movie::78499,0
Is the Children genre part of Toy Story (1995)'s classifications?,id:movies:movie::95738,0
Which movie corresponds to the internal document ID id:movies:movie::15?,id:movies:movie::105037,0
Which movie corresponds to the internal document ID id:movies:movie::15?,id:movies:movie::175475,0
Which movie corresponds to the internal document ID id:movies:movie::15?,id:movies:movie::108932,0
Which movie corresponds to the internal document ID id:movies:movie::15?,id:movies:movie::132584,0
"In what year was Cutthroat Island released, and what genres is it categorized under?",id:movies:movie::5028,0
"In what year was Cutthroat Island released, and what genres is it categorized under?",id:movies:movie::496,0
"In what year was Cutthroat Island released, and what genres is it categorized under?",id:movies:movie::134004,0
"In what year was Cutthroat Island released, and what genres is it categorized under?",id:movies:movie::59421,0
What are the three genres listed for Cutthroat Island in the document?,id:movies:movie::4061,0
What are the three genres listed for Cutthroat Island in the document?,id:movies:movie::115122,0
What are the three genres listed for Cutthroat Island in the document?,id:movies:movie::63515,0
What are the three genres listed for Cutthroat Island in the document?,id:movies:movie::4144,0
What is the exact order of the genres for Cutthroat Island?,id:movies:movie::173535,0
What is the exact order of the genres for Cutthroat Island?,id:movies:movie::7882,0
What is the exact order of the genres for Cutthroat Island?,id:movies:movie::4518,0
What is the exact order of the genres for Cutthroat Island?,id:movies:movie::880,0
What year was The American President released?,id:movies:movie::496,0
What year was The American President released?,id:movies:movie::27899,0
What year was The American President released?,id:movies:movie::1652,0
What is the title of the movie with document ID id:movies:movie::15 along with its release year?,id:movies:movie::102852,0
What is the title of the movie with document ID id:movies:movie::15 along with its release year?,id:movies:movie::164367,0
What is the title of the movie with document ID id:movies:movie::15 along with its release year?,id:movies:movie::4518,0
What is the title of the movie with document ID id:movies:movie::15 along with its release year?,id:movies:movie::6433,0
"Is Cutthroat Island an action, adventure, or romance film?",id:movies:movie::940,0
"Is Cutthroat Island an action, adventure, or romance film?",id:movies:movie::2406,0
"Is Cutthroat Island an action, adventure, or romance film?",id:movies:movie::81132,0
What genres are listed for The American President (1995)?,id:movies:movie::3326,0
What genres are listed for The American President (1995)?,id:movies:movie::27899,0
What genres are listed for The American President (1995)?,id:movies:movie::80126,0
What categories apply to Cutthroat Island in the dataset?,id:movies:movie::115122,0
What categories apply to Cutthroat Island in the dataset?,id:movies:movie::34319,0
What categories apply to Cutthroat Island in the dataset?,id:movies:movie::27899,0
Is The American President considered a romantic comedy based on its genres?,id:movies:movie::81949,0
Is The American President considered a romantic comedy based on its genres?,id:movies:movie::86290,0
Is The American President considered a romantic comedy based on its genres?,id:movies:movie::50189,0
Which movie has the document ID id:movies:movie::11?,id:movies:movie::175475,0
What is the document ID for The American President (1995)?,id:movies:movie::173535,0
Which movie has the document ID id:movies:movie::11?,id:movies:movie::108932,0
Which movie has the document ID id:movies:movie::11?,id:movies:movie::132584,0
What is the document ID for The American President (1995)?,id:movies:movie::177939,0
Which movie has the document ID id:movies:movie::11?,id:movies:movie::157340,0
What is the document ID for The American President (1995)?,id:movies:movie::167772,0
What three genres describe The American President (1995)?,id:movies:movie::27899,0
What three genres describe The American President (1995)?,id:movies:movie::201,0
What three genres describe The American President (1995)?,id:movies:movie::80126,0
What genres are listed for Heat (1995)?,id:movies:movie::3326,0
What genres are listed for Heat (1995)?,id:movies:movie::103372,0
What genres are listed for Heat (1995)?,id:movies:movie::31422,0
"Is Heat (1995) categorized as action, crime, and thriller?",id:movies:movie::3710,0
"Is Heat (1995) categorized as action, crime, and thriller?",id:movies:movie::46335,0
"Is Heat (1995) categorized as action, crime, and thriller?",id:movies:movie::23,0
"What is the exact catalog title for the 1995 film with genres Comedy, Drama, and Romance?",id:movies:movie::95309,0
"What is the exact catalog title for the 1995 film with genres Comedy, Drama, and Romance?",id:movies:movie::48032,0
"What is the exact catalog title for the 1995 film with genres Comedy, Drama, and Romance?",id:movies:movie::27899,0
"Are Action, Crime, and Thriller the only genres listed for Heat (1995)?",id:movies:movie::46335,0
"Are Action, Crime, and Thriller the only genres listed for Heat (1995)?",id:movies:movie::4369,0
"Are Action, Crime, and Thriller the only genres listed for Heat (1995)?",id:movies:movie::67923,0
What is the document ID for the Heat (1995) movie?,id:movies:movie::173535,0
What is the document ID for the Heat (1995) movie?,id:movies:movie::175475,0
What is the document ID for the Heat (1995) movie?,id:movies:movie::108932,0
What is the document ID for the Heat (1995) movie?,id:movies:movie::132584,0
"If I’m searching for a 1995 film that blends comedy, drama, and romance, is The American President a good match?",id:movies:movie::53161,0
"If I’m searching for a 1995 film that blends comedy, drama, and romance, is The American President a good match?",id:movies:movie::92665,0
"If I’m searching for a 1995 film that blends comedy, drama, and romance, is The American President a good match?",id:movies:movie::49130,0
Which film in this dataset has the title Heat released in 1995?,id:movies:movie::6273,0
Which film in this dataset has the title Heat released in 1995?,id:movies:movie::1950,0
Which film in this dataset has the title Heat released in 1995?,id:movies:movie::96,0
Which film in this dataset has the title Heat released in 1995?,id:movies:movie::407,0
What year does the title Heat (1995) indicate?,id:movies:movie::27899,0
What year does the title Heat (1995) indicate?,id:movies:movie::115122,0
What year does the title Heat (1995) indicate?,id:movies:movie::3424,0
What is the document ID for the film Sudden Death (1995)?,id:movies:movie::173535,0
What is the document ID for the film Sudden Death (1995)?,id:movies:movie::8410,0
What is the document ID for the film Sudden Death (1995)?,id:movies:movie::171701,0
Could Heat (1995) be described as a crime thriller with action elements?,id:movies:movie::165,2
What is the title of the movie with the document identifier id:movies:movie::9?,id:movies:movie::7882,0
Could Heat (1995) be described as a crime thriller with action elements?,id:movies:movie::3710,2
Could Heat (1995) be described as a crime thriller with action elements?,id:movies:movie::85796,2
What is the title of the movie with the document identifier id:movies:movie::9?,id:movies:movie::120478,0
What is the title of the movie with the document identifier id:movies:movie::9?,id:movies:movie::120827,0
What is the title of the movie with the document identifier id:movies:movie::9?,id:movies:movie::127114,0
How would you classify Heat (1995) by its genres?,id:movies:movie::82499,0
How would you classify Heat (1995) by its genres?,id:movies:movie::46,0
How would you classify Heat (1995) by its genres?,id:movies:movie::103372,0
What genre is Sudden Death (1995) listed as?,id:movies:movie::134004,0
What genre is Sudden Death (1995) listed as?,id:movies:movie::5028,0
What genre is Sudden Death (1995) listed as?,id:movies:movie::1784,0
What year is associated with Sudden Death in the document?,id:movies:movie::115122,0
What year is associated with Sudden Death in the document?,id:movies:movie::134004,0
What year is associated with Sudden Death in the document?,id:movies:movie::6684,0
Can you pull the basic metadata for Sudden Death (1995) from this record?,id:movies:movie::1934,0
Can you pull the basic metadata for Sudden Death (1995) from this record?,id:movies:movie::3983,0
Can you pull the basic metadata for Sudden Death (1995) from this record?,id:movies:movie::8765,0
Which document entry describes Sudden Death (1995) as an action film?,id:movies:movie::8410,0
Which document entry describes Sudden Death (1995) as an action film?,id:movies:movie::3434,0
Which document entry describes Sudden Death (1995) as an action film?,id:movies:movie::3431,0
When was the Tom and Huck film released?,id:movies:movie::131130,0
When was the Tom and Huck film released?,id:movies:movie::136503,0
When was the Tom and Huck film released?,id:movies:movie::1571,0
Is Sudden Death (1995) an action movie?,id:movies:movie::3434,0
Is Sudden Death (1995) an action movie?,id:movies:movie::3431,0
Is Sudden Death (1995) an action movie?,id:movies:movie::3433,0
What genres does the 1995 movie Tom and Huck belong to?,id:movies:movie::27899,0
What genres does the 1995 movie Tom and Huck belong to?,id:movies:movie::115122,0
What genres does the 1995 movie Tom and Huck belong to?,id:movies:movie::477,0
Is Tom and Huck (1995) a children's movie?,id:movies:movie::258,0
Is Tom and Huck (1995) a children's movie?,id:movies:movie::52730,0
Is Tom and Huck (1995) a children's movie?,id:movies:movie::4896,0
Which film is titled Tom and Huck and released in 1995?,id:movies:movie::131130,0
Which film is titled Tom and Huck and released in 1995?,id:movies:movie::136503,0
Which film is titled Tom and Huck and released in 1995?,id:movies:movie::6588,0
What fields are available for Sudden Death (1995) in the dataset?,id:movies:movie::115122,1
What fields are available for Sudden Death (1995) in the dataset?,id:movies:movie::96,1
What fields are available for Sudden Death (1995) in the dataset?,id:movies:movie::407,1
What is the full title of the 1995 adventure film listed in this document?,id:movies:movie::117466,0
What is the full title of the 1995 adventure film listed in this document?,id:movies:movie::57326,0
What is the full title of the 1995 adventure film listed in this document?,id:movies:movie::123553,0
What is the full title of the 1995 adventure film listed in this document?,id:movies:movie::2056,0
What year was the movie Sabrina released?,id:movies:movie::496,0
What year was the movie Sabrina released?,id:movies:movie::27899,0
What year was the movie Sabrina released?,id:movies:movie::1652,0
What year was the movie Sabrina released?,id:movies:movie::7047,0
"Could you provide details for the entry with ID id:movies:movie::8, Tom and Huck?",id:movies:movie::59900,0
"Could you provide details for the entry with ID id:movies:movie::8, Tom and Huck?",id:movies:movie::173535,0
"Could you provide details for the entry with ID id:movies:movie::8, Tom and Huck?",id:movies:movie::131130,0
How is the movie Tom and Huck (1995) classified by genre?,id:movies:movie::131130,0
How is the movie Tom and Huck (1995) classified by genre?,id:movies:movie::136503,0
How is the movie Tom and Huck (1995) classified by genre?,id:movies:movie::3988,0
What is the document ID for Sabrina (1995)?,id:movies:movie::134004,0
What is the document ID for Sabrina (1995)?,id:movies:movie::27899,0
What is the document ID for Sabrina (1995)?,id:movies:movie::5028,0
What are the two genres associated with the Tom and Huck (1995) entry?,id:movies:movie::164367,0
What are the two genres associated with the Tom and Huck (1995) entry?,id:movies:movie::3169,0
What are the two genres associated with the Tom and Huck (1995) entry?,id:movies:movie::167772,0
What is the exact film title for the entry id:movies:movie::7?,id:movies:movie::173535,0
What is the exact film title for the entry id:movies:movie::7?,id:movies:movie::177939,0
What is the exact film title for the entry id:movies:movie::7?,id:movies:movie::27899,0
What is the exact film title for the entry id:movies:movie::7?,id:movies:movie::26701,0
Is Sabrina (1995) considered a romantic comedy based on its genres?,id:movies:movie::127298,0
Is Sabrina (1995) considered a romantic comedy based on its genres?,id:movies:movie::81949,1
Is Sabrina (1995) considered a romantic comedy based on its genres?,id:movies:movie::915,1
What genres is GoldenEye (1995) categorized under?,id:movies:movie::134004,0
What genres is GoldenEye (1995) categorized under?,id:movies:movie::204,0
What genres is GoldenEye (1995) categorized under?,id:movies:movie::5028,0
What year does the title GoldenEye (1995) indicate?,id:movies:movie::27899,0
What year does the title GoldenEye (1995) indicate?,id:movies:movie::115122,0
What year does the title GoldenEye (1995) indicate?,id:movies:movie::3424,0
What is the year and title of the Sabrina entry in this dataset?,id:movies:movie::146028,0
What is the year and title of the Sabrina entry in this dataset?,id:movies:movie::147286,0
What is the year and title of the Sabrina entry in this dataset?,id:movies:movie::173535,0
What is the year and title of the Sabrina entry in this dataset?,id:movies:movie::131724,0
Which two genres are associated with the 1995 Sabrina movie?,id:movies:movie::618,2
Which two genres are associated with the 1995 Sabrina movie?,id:movies:movie::3141,0
Which two genres are associated with the 1995 Sabrina movie?,id:movies:movie::38992,0
What is the title of the 1995 film described in this document?,id:movies:movie::2008,0
What is the title of the 1995 film described in this document?,id:movies:movie::407,2
What is the title of the 1995 film described in this document?,id:movies:movie::167772,2
What is the title of the 1995 film described in this document?,id:movies:movie::7013,0
What is the internal document ID for the GoldenEye movie?,id:movies:movie::173535,0
What is the internal document ID for the GoldenEye movie?,id:movies:movie::108932,0
What is the internal document ID for the GoldenEye movie?,id:movies:movie::175475,0
What is the internal document ID for the GoldenEye movie?,id:movies:movie::167746,0
Can you list all genres associated with GoldenEye (1995)?,id:movies:movie::1934,0
Can you list all genres associated with GoldenEye (1995)?,id:movies:movie::3983,0
Can you list all genres associated with GoldenEye (1995)?,id:movies:movie::32862,0
What is the exact title of the movie listed with the document ID id:movies:movie::10?,id:movies:movie::120478,0
What is the exact title of the movie listed with the document ID id:movies:movie::10?,id:movies:movie::120827,0
What is the exact title of the movie listed with the document ID id:movies:movie::10?,id:movies:movie::135937,0
What is the exact title of the movie listed with the document ID id:movies:movie::10?,id:movies:movie::134326,0
"Which film in this dataset has the title GoldenEye (1995) and belongs to Action, Adventure, and Thriller genres?",id:movies:movie::7040,0
"Which film in this dataset has the title GoldenEye (1995) and belongs to Action, Adventure, and Thriller genres?",id:movies:movie::33681,0
"Which film in this dataset has the title GoldenEye (1995) and belongs to Action, Adventure, and Thriller genres?",id:movies:movie::81132,0
What are the data fields present for GoldenEye (1995) in this document (title and genres)?,id:movies:movie::115122,0
What are the data fields present for GoldenEye (1995) in this document (title and genres)?,id:movies:movie::96,0
What are the data fields present for GoldenEye (1995) in this document (title and genres)?,id:movies:movie::407,0
"Is GoldenEye (1995) classified as action, adventure, and thriller?",id:movies:movie::3082,0
"Is GoldenEye (1995) classified as action, adventure, and thriller?",id:movies:movie::33681,0
"Is GoldenEye (1995) classified as action, adventure, and thriller?",id:movies:movie::170,0
"What year was Casino released, and what genres is it associated with?",id:movies:movie::5028,0
"What year was Casino released, and what genres is it associated with?",id:movies:movie::477,0
"What year was Casino released, and what genres is it associated with?",id:movies:movie::496,0
"What year was Casino released, and what genres is it associated with?",id:movies:movie::134004,0
What genres are listed for Casino (1995)?,id:movies:movie::3326,0
What genres are listed for Casino (1995)?,id:movies:movie::5796,0
What genres are listed for Casino (1995)?,id:movies:movie::49272,0
How is the 1995 film Casino categorized in terms of genre?,id:movies:movie::407,0
How is the 1995 film Casino categorized in terms of genre?,id:movies:movie::6273,0
How is the 1995 film Casino categorized in terms of genre?,id:movies:movie::164,0
How is the 1995 film Casino categorized in terms of genre?,id:movies:movie::7013,0
Is Casino (1995) categorized as a crime drama?,id:movies:movie::30,0
Is Casino (1995) categorized as a crime drama?,id:movies:movie::37731,0
Is Casino (1995) categorized as a crime drama?,id:movies:movie::159,0
What genre labels apply to the movie Casino released in 1995?,id:movies:movie::115122,0
What genre labels apply to the movie Casino released in 1995?,id:movies:movie::96,0
What genre labels apply to the movie Casino released in 1995?,id:movies:movie::407,0
"Can you tell me the genres for the 1995 movie Casino, which includes Crime and Drama?",id:movies:movie::3169,0
"Can you tell me the genres for the 1995 movie Casino, which includes Crime and Drama?",id:movies:movie::5989,0
"Can you tell me the genres for the 1995 movie Casino, which includes Crime and Drama?",id:movies:movie::2973,0
What is the genre classification of Casino (1995)?,id:movies:movie::167772,0
What is the genre classification of Casino (1995)?,id:movies:movie::134004,0
What is the genre classification of Casino (1995)?,id:movies:movie::27899,0
What genre is the film Nixon (1995)?,id:movies:movie::134004,0
What genre is the film Nixon (1995)?,id:movies:movie::27899,0
What genre is the film Nixon (1995)?,id:movies:movie::5028,0
How is Nixon (1995) categorized in film metadata?,id:movies:movie::6273,0
How is Nixon (1995) categorized in film metadata?,id:movies:movie::164,0
How is Nixon (1995) categorized in film metadata?,id:movies:movie::46,0
Is Nixon (1995) a drama movie?,id:movies:movie::8738,0
Is Nixon (1995) a drama movie?,id:movies:movie::49,0
Is Nixon (1995) a drama movie?,id:movies:movie::262,0
"In a movie catalog, how would Nixon (1995) be listed by genre?",id:movies:movie::6155,0
"In a movie catalog, how would Nixon (1995) be listed by genre?",id:movies:movie::148956,0
"In a movie catalog, how would Nixon (1995) be listed by genre?",id:movies:movie::4357,0
What year and genre describe the Nixon film from 1995?,id:movies:movie::25940,0
What year and genre describe the Nixon film from 1995?,id:movies:movie::27899,0
What year and genre describe the Nixon film from 1995?,id:movies:movie::3326,0
Tell me about Casino (1995) and its Crime and Drama genres.,id:movies:movie::2973,0
Tell me about Casino (1995) and its Crime and Drama genres.,id:movies:movie::54372,1
Tell me about Casino (1995) and its Crime and Drama genres.,id:movies:movie::33880,0
Which film titled Nixon released in 1995 is categorized as drama?,id:movies:movie::6273,0
Which film titled Nixon released in 1995 is categorized as drama?,id:movies:movie::96,0
Which film titled Nixon released in 1995 is categorized as drama?,id:movies:movie::1784,0
What genres is Jumanji (1995) categorized under?,id:movies:movie::134004,0
What genres is Jumanji (1995) categorized under?,id:movies:movie::204,0
What genres is Jumanji (1995) categorized under?,id:movies:movie::5028,0
What drama classification does the Nixon film released in 1995 fall under?,id:movies:movie::27899,0
What drama classification does the Nixon film released in 1995 fall under?,id:movies:movie::6273,0
What drama classification does the Nixon film released in 1995 fall under?,id:movies:movie::6064,0
What drama classification does the Nixon film released in 1995 fall under?,id:movies:movie::96,0
What are the genres listed for the film with document ID id:movies:movie::2?,id:movies:movie::173535,0
What are the genres listed for the film with document ID id:movies:movie::2?,id:movies:movie::164367,0
What are the genres listed for the film with document ID id:movies:movie::2?,id:movies:movie::27899,0
What are the genres listed for the film with document ID id:movies:movie::2?,id:movies:movie::95858,0
Tell me about the Nixon movie that came out in 1995.,id:movies:movie::96,0
Tell me about the Nixon movie that came out in 1995.,id:movies:movie::407,0
Tell me about the Nixon movie that came out in 1995.,id:movies:movie::1614,0
What is the exact movie title associated with document ID id:movies:movie::2?,id:movies:movie::134004,0
What is the exact movie title associated with document ID id:movies:movie::2?,id:movies:movie::27899,0
What is the exact movie title associated with document ID id:movies:movie::2?,id:movies:movie::5028,0
What is the exact movie title associated with document ID id:movies:movie::2?,id:movies:movie::477,0
What is the document ID for the Jumanji entry?,id:movies:movie::173535,0
What is the document ID for the Jumanji entry?,id:movies:movie::177939,0
What is the document ID for the Jumanji entry?,id:movies:movie::27899,0
What is the document ID for the Jumanji entry?,id:movies:movie::179401,2
What year is shown in the title Jumanji (1995)?,id:movies:movie::115122,0
What year is shown in the title Jumanji (1995)?,id:movies:movie::96,0
What year is shown in the title Jumanji (1995)?,id:movies:movie::407,0
Is fantasy one of the genres in Jumanji (1995)?,id:movies:movie::123553,0
Is fantasy one of the genres in Jumanji (1995)?,id:movies:movie::57326,0
Is fantasy one of the genres in Jumanji (1995)?,id:movies:movie::175397,0
"How many genres are listed for Jumanji (1995), and what are they?",id:movies:movie::31422,0
"How many genres are listed for Jumanji (1995), and what are they?",id:movies:movie::52279,0
"How many genres are listed for Jumanji (1995), and what are they?",id:movies:movie::59131,0
"How many genres are listed for Jumanji (1995), and what are they?",id:movies:movie::3326,0
What is the exact film title listed as a 1995 comedy in this document?,id:movies:movie::102123,0
What is the exact film title listed as a 1995 comedy in this document?,id:movies:movie::27899,0
What is the exact film title listed as a 1995 comedy in this document?,id:movies:movie::115122,0
What is the exact film title listed as a 1995 comedy in this document?,id:movies:movie::96,2
Is Balto (1995) a children's movie?,id:movies:movie::258,0
Is Balto (1995) a children's movie?,id:movies:movie::52730,0
Is Balto (1995) a children's movie?,id:movies:movie::2566,0
Is Balto (1995) a children's movie?,id:movies:movie::6251,0
What is the title and year of the comedy film described in the document?,id:movies:movie::146028,0
What is the title and year of the comedy film described in the document?,id:movies:movie::115122,2
What is the title and year of the comedy film described in the document?,id:movies:movie::173535,0
What is the title and year of the comedy film described in the document?,id:movies:movie::147286,0
What is the full title of the 1995 movie under id:movies:movie::5?,id:movies:movie::167772,2
What is the full title of the 1995 movie under id:movies:movie::5?,id:movies:movie::175475,0
What is the full title of the 1995 movie under id:movies:movie::5?,id:movies:movie::108932,0
What is the full title of the 1995 movie under id:movies:movie::5?,id:movies:movie::167746,0
Which movie in the dataset has the title Father of the Bride Part II (1995)?,id:movies:movie::182639,0
Which movie in the dataset has the title Father of the Bride Part II (1995)?,id:movies:movie::934,0
Which movie in the dataset has the title Father of the Bride Part II (1995)?,id:movies:movie::6944,0
Is Father of the Bride Part II a comedy?,id:movies:movie::934,1
Is Father of the Bride Part II a comedy?,id:movies:movie::6944,2
Is Father of the Bride Part II a comedy?,id:movies:movie::3013,0
What type of film is Balto (1995) according to its genres?,id:movies:movie::134004,0
What type of film is Balto (1995) according to its genres?,id:movies:movie::95199,0
What type of film is Balto (1995) according to its genres?,id:movies:movie::5028,0
What adventure genre does Balto (1995) belong to?,id:movies:movie::2297,2
What adventure genre does Balto (1995) belong to?,id:movies:movie::6584,2
What adventure genre does Balto (1995) belong to?,id:movies:movie::477,0
What is the movie entry for Dracula: Dead and Loving It in the dataset?,id:movies:movie::173535,0
What is the movie entry for Dracula: Dead and Loving It in the dataset?,id:movies:movie::6324,0
What is the movie entry for Dracula: Dead and Loving It in the dataset?,id:movies:movie::4061,0
"What year is Balto (1995) from, based on its title?",id:movies:movie::134004,0
"What year is Balto (1995) from, based on its title?",id:movies:movie::3326,0
"What year is Balto (1995) from, based on its title?",id:movies:movie::5028,0
Under which genres is Balto (1995) categorized?,id:movies:movie::204,0
Under which genres is Balto (1995) categorized?,id:movies:movie::109848,0
Under which genres is Balto (1995) categorized?,id:movies:movie::1385,0
What genres classify Dracula: Dead and Loving It?,id:movies:movie::5028,0
What genres classify Dracula: Dead and Loving It?,id:movies:movie::477,0
What genres classify Dracula: Dead and Loving It?,id:movies:movie::112749,0
"Please provide the title, year, and genres for Dracula: Dead and Loving It.",id:movies:movie::3420,0
"Please provide the title, year, and genres for Dracula: Dead and Loving It.",id:movies:movie::112749,0
"Please provide the title, year, and genres for Dracula: Dead and Loving It.",id:movies:movie::2071,0
Does Balto (1995) fall into an animated adventure for children?,id:movies:movie::3674,0
Does Balto (1995) fall into an animated adventure for children?,id:movies:movie::26510,0
Does Balto (1995) fall into an animated adventure for children?,id:movies:movie::828,0
"Which genres apply to Dracula: Dead and Loving It, the 1995 film?",id:movies:movie::7926,0
"Which genres apply to Dracula: Dead and Loving It, the 1995 film?",id:movies:movie::303,0
"Which genres apply to Dracula: Dead and Loving It, the 1995 film?",id:movies:movie::91483,0
Find Dracula: Dead and Loving It in the records using its unique id.,id:movies:movie::6324,0
Find Dracula: Dead and Loving It in the records using its unique id.,id:movies:movie::44773,0
Find Dracula: Dead and Loving It in the records using its unique id.,id:movies:movie::475,0
"Is Dracula: Dead and Loving It considered a comedy film, a horror film, or both?",id:movies:movie::81132,0
"Is Dracula: Dead and Loving It considered a comedy film, a horror film, or both?",id:movies:movie::127172,0
"Is Dracula: Dead and Loving It considered a comedy film, a horror film, or both?",id:movies:movie::79251,0
Show me the film Dracula: Dead and Loving It by its exact title.,id:movies:movie::127202,0
Show me the film Dracula: Dead and Loving It by its exact title.,id:movies:movie::7034,0
Show me the film Dracula: Dead and Loving It by its exact title.,id:movies:movie::1273,0
What is the document ID for Grumpier Old Men (1995)?,id:movies:movie::3450,0
What is the document ID for Grumpier Old Men (1995)?,id:movies:movie::141820,0
What is the document ID for Grumpier Old Men (1995)?,id:movies:movie::134004,0
Is Grumpier Old Men (1995) a romantic comedy?,id:movies:movie::3450,0
Is Grumpier Old Men (1995) a romantic comedy?,id:movies:movie::141820,0
Is Grumpier Old Men (1995) a romantic comedy?,id:movies:movie::1580,0
Tell me about Grumpier Old Men (1995).,id:movies:movie::3450,1
Tell me about Grumpier Old Men (1995).,id:movies:movie::141820,0
Tell me about Grumpier Old Men (1995).,id:movies:movie::54372,0
Which genres define Grumpier Old Men (1995)?,id:movies:movie::3450,1
Which genres define Grumpier Old Men (1995)?,id:movies:movie::141820,0
Which genres define Grumpier Old Men (1995)?,id:movies:movie::1012,0
What is the genre classification of the 1995 film Sense and Sensibility?,id:movies:movie::146028,0
What is the genre classification of the 1995 film Sense and Sensibility?,id:movies:movie::167772,0
What is the genre classification of the 1995 film Sense and Sensibility?,id:movies:movie::173535,0
"Is Sense and Sensibility (1995) a drama, a romance, or both?",id:movies:movie::166291,0
"Is Sense and Sensibility (1995) a drama, a romance, or both?",id:movies:movie::8667,0
"Is Sense and Sensibility (1995) a drama, a romance, or both?",id:movies:movie::8738,0
What is the full title of the 1995 comedy romance film in this document?,id:movies:movie::52668,0
What is the full title of the 1995 comedy romance film in this document?,id:movies:movie::5470,0
What is the full title of the 1995 comedy romance film in this document?,id:movies:movie::3046,2
What is the full title of the 1995 comedy romance film in this document?,id:movies:movie::167772,0
What is the title of the 1995 movie categorized as comedy and romance?,id:movies:movie::5470,0
What is the title of the 1995 movie categorized as comedy and romance?,id:movies:movie::167772,0
What is the title of the 1995 movie categorized as comedy and romance?,id:movies:movie::134004,0
What is the title of the 1995 movie categorized as comedy and romance?,id:movies:movie::1064,0
Which movie entry has the ID id:movies:movie::17 and what are its genres?,id:movies:movie::3326,0
Which movie entry has the ID id:movies:movie::17 and what are its genres?,id:movies:movie::27899,0
Which movie entry has the ID id:movies:movie::17 and what are its genres?,id:movies:movie::115122,0
Which movie entry has the ID id:movies:movie::17 and what are its genres?,id:movies:movie::3169,0
What are the genres associated with the movie Sense and Sensibility (1995)?,id:movies:movie::164367,0
What are the genres associated with the movie Sense and Sensibility (1995)?,id:movies:movie::3169,0
What are the genres associated with the movie Sense and Sensibility (1995)?,id:movies:movie::175475,0
Tell me about Sense and Sensibility (1995) and its genres.,id:movies:movie::6588,0
Tell me about Sense and Sensibility (1995) and its genres.,id:movies:movie::33880,0
Tell me about Sense and Sensibility (1995) and its genres.,id:movies:movie::127202,0
Which film entry is identified as id:movies:movie::19?,id:movies:movie::1784,0
Which film entry is identified as id:movies:movie::19?,id:movies:movie::113780,0
Which film entry is identified as id:movies:movie::19?,id:movies:movie::56837,0
Which film entry is identified as id:movies:movie::19?,id:movies:movie::102823,0
What is the exact title including the year for this film?,id:movies:movie::2008,2
What is the exact title including the year for this film?,id:movies:movie::8765,2
What is the exact title including the year for this film?,id:movies:movie::102123,2
What is the exact title including the year for this film?,id:movies:movie::3329,2
What is the title of the film released in 1995 that has Drama and Romance as genres?,id:movies:movie::4061,0
What is the title of the film released in 1995 that has Drama and Romance as genres?,id:movies:movie::52668,0
What is the title of the film released in 1995 that has Drama and Romance as genres?,id:movies:movie::111921,0
What is the title of the film released in 1995 that has Drama and Romance as genres?,id:movies:movie::6273,0
How is Sense and Sensibility (1995) categorized in terms of genre?,id:movies:movie::1958,0
How is Sense and Sensibility (1995) categorized in terms of genre?,id:movies:movie::407,0
How is Sense and Sensibility (1995) categorized in terms of genre?,id:movies:movie::46,0
What genre does Ace Ventura: When Nature Calls belong to?,id:movies:movie::95199,0
What genre does Ace Ventura: When Nature Calls belong to?,id:movies:movie::477,0
What genre does Ace Ventura: When Nature Calls belong to?,id:movies:movie::344,1
What is the genre and release year of Ace Ventura: When Nature Calls?,id:movies:movie::7047,0
What is the genre and release year of Ace Ventura: When Nature Calls?,id:movies:movie::1652,0
What is the genre and release year of Ace Ventura: When Nature Calls?,id:movies:movie::2919,0
What genres is Get Shorty (1995) categorized under?,id:movies:movie::134004,0
What genres is Get Shorty (1995) categorized under?,id:movies:movie::204,0
What genres is Get Shorty (1995) categorized under?,id:movies:movie::5028,0
What year was the movie Get Shorty released?,id:movies:movie::496,0
What year was the movie Get Shorty released?,id:movies:movie::27899,0
What year was the movie Get Shorty released?,id:movies:movie::94985,0
What are the genre tags for Get Shorty (1995)?,id:movies:movie::3326,0
What are the genre tags for Get Shorty (1995)?,id:movies:movie::27899,0
What are the genre tags for Get Shorty (1995)?,id:movies:movie::94985,0
"Provide information about the 1995 film Get Shorty in the Comedy, Crime, and Thriller categories.",id:movies:movie::3169,0
"Provide information about the 1995 film Get Shorty in the Comedy, Crime, and Thriller categories.",id:movies:movie::94985,0
"Provide information about the 1995 film Get Shorty in the Comedy, Crime, and Thriller categories.",id:movies:movie::81132,0
What is the combined title and release year of the movie in the record?,id:movies:movie::146028,2
What is the combined title and release year of the movie in the record?,id:movies:movie::173535,2
What is the combined title and release year of the movie in the record?,id:movies:movie::131724,2
What is the combined title and release year of the movie in the record?,id:movies:movie::147286,2
Search for Get Shorty (1995) and confirm its title and genres.,id:movies:movie::3420,0
Search for Get Shorty (1995) and confirm its title and genres.,id:movies:movie::6588,0
Search for Get Shorty (1995) and confirm its title and genres.,id:movies:movie::4969,0
List the genres associated with the film titled Get Shorty released in 1995.,id:movies:movie::164367,0
List the genres associated with the film titled Get Shorty released in 1995.,id:movies:movie::4061,0
What is the document ID for Ace Ventura: When Nature Calls?,id:movies:movie::344,0
List the genres associated with the film titled Get Shorty released in 1995.,id:movies:movie::999,0
What is the document ID for Ace Ventura: When Nature Calls?,id:movies:movie::98160,1
What is the document ID for Ace Ventura: When Nature Calls?,id:movies:movie::4893,0
Give me details for Get Shorty (1995) focusing on its genre classifications.,id:movies:movie::172461,0
Give me details for Get Shorty (1995) focusing on its genre classifications.,id:movies:movie::113207,0
Give me details for Get Shorty (1995) focusing on its genre classifications.,id:movies:movie::1054,0
"Does Get Shorty (1995) fall into the comedy, crime, and thriller genres?",id:movies:movie::37853,1
"Does Get Shorty (1995) fall into the comedy, crime, and thriller genres?",id:movies:movie::94985,1
What is the 1995 film Copycat about?,id:movies:movie::134004,0
"Does Get Shorty (1995) fall into the comedy, crime, and thriller genres?",id:movies:movie::2973,1
What is the 1995 film Copycat about?,id:movies:movie::27899,0
What is the 1995 film Copycat about?,id:movies:movie::5028,0
What are the five genres associated with Copycat (1995)?,id:movies:movie::3326,0
What are the five genres associated with Copycat (1995)?,id:movies:movie::27899,0
What are the five genres associated with Copycat (1995)?,id:movies:movie::3795,0
Does Copycat (1995) fit into both mystery and thriller genres?,id:movies:movie::335,2
Does Copycat (1995) fit into both mystery and thriller genres?,id:movies:movie::1269,2
Does Copycat (1995) fit into both mystery and thriller genres?,id:movies:movie::31427,2
"How would you categorize Copycat (1995) across crime, drama, mystery, and thriller?",id:movies:movie::198,0
"How would you categorize Copycat (1995) across crime, drama, mystery, and thriller?",id:movies:movie::1406,0
"How would you categorize Copycat (1995) across crime, drama, mystery, and thriller?",id:movies:movie::8860,0
When was Copycat released and what genres does it include?,id:movies:movie::477,0
When was Copycat released and what genres does it include?,id:movies:movie::27899,0
When was Copycat released and what genres does it include?,id:movies:movie::496,0
When was Copycat released and what genres does it include?,id:movies:movie::115122,0
What genre is the movie Four Rooms (1995)?,id:movies:movie::134004,0
What genre is the movie Four Rooms (1995)?,id:movies:movie::27899,0
What genre is the movie Four Rooms (1995)?,id:movies:movie::5028,0
What year is associated with Four Rooms in this document?,id:movies:movie::134004,0
What year is associated with Four Rooms in this document?,id:movies:movie::52952,0
What year is associated with Four Rooms in this document?,id:movies:movie::99117,0
Are there other 1995 films with the same genres as Copycat?,id:movies:movie::31422,0
Are there other 1995 films with the same genres as Copycat?,id:movies:movie::4720,0
Are there other 1995 films with the same genres as Copycat?,id:movies:movie::110771,0
Is Copycat released in 1995 considered a horror movie?,id:movies:movie::407,1
Is Copycat released in 1995 considered a horror movie?,id:movies:movie::2446,0
Is Copycat released in 1995 considered a horror movie?,id:movies:movie::4517,0
Is Four Rooms (1995) categorized as a comedy?,id:movies:movie::357,0
Is Four Rooms (1995) categorized as a comedy?,id:movies:movie::1784,0
Is Four Rooms (1995) categorized as a comedy?,id:movies:movie::56837,0
What is the exact title of the film described in this record?,id:movies:movie::2008,2
What is the exact title of the film described in this record?,id:movies:movie::102123,2
What is the exact title of the film described in this record?,id:movies:movie::117466,2
What is the exact title of the film described in this record?,id:movies:movie::475,2
What genres are listed for Four Rooms (1995)?,id:movies:movie::3326,0
What genres are listed for Four Rooms (1995)?,id:movies:movie::357,0
What genres are listed for Four Rooms (1995)?,id:movies:movie::5611,0
What data fields are provided for Four Rooms (1995) in the document?,id:movies:movie::115122,0
What data fields are provided for Four Rooms (1995) in the document?,id:movies:movie::96,0
What data fields are provided for Four Rooms (1995) in the document?,id:movies:movie::407,0
Are there any other genres listed for Four Rooms (1995) besides comedy?,id:movies:movie::31422,0
Are there any other genres listed for Four Rooms (1995) besides comedy?,id:movies:movie::4714,0
Are there any other genres listed for Four Rooms (1995) besides comedy?,id:movies:movie::170777,0
What is the original French title for The City of Lost Children released in 1995?,id:movies:movie::3674,0
What is the original French title for The City of Lost Children released in 1995?,id:movies:movie::2056,0
What is the original French title for The City of Lost Children released in 1995?,id:movies:movie::6009,0
Is The City of Lost Children considered a fantasy adventure film from 1995?,id:movies:movie::3754,0
Is The City of Lost Children considered a fantasy adventure film from 1995?,id:movies:movie::33681,0
Is The City of Lost Children considered a fantasy adventure film from 1995?,id:movies:movie::26510,0
What genres are listed for The City of Lost Children (1995)?,id:movies:movie::3674,0
What genres are listed for The City of Lost Children (1995)?,id:movies:movie::6009,0
What genres are listed for The City of Lost Children (1995)?,id:movies:movie::62376,0
"Which film from 1995 combines Adventure, Drama, Fantasy, Mystery, and Sci-Fi?",id:movies:movie::6902,0
"Which film from 1995 combines Adventure, Drama, Fantasy, Mystery, and Sci-Fi?",id:movies:movie::52462,0
"Which film from 1995 combines Adventure, Drama, Fantasy, Mystery, and Sci-Fi?",id:movies:movie::26887,1
Provide details for The City of Lost Children that include its alternate French name and release year.,id:movies:movie::3674,0
Provide details for The City of Lost Children that include its alternate French name and release year.,id:movies:movie::6009,0
Provide details for The City of Lost Children that include its alternate French name and release year.,id:movies:movie::62376,0
"How would you refer to La Cité des enfants perdus, La in English, and when was it released?",id:movies:movie::164909,0
What are the English and French titles for the 1995 film that includes mystery and sci-fi?,id:movies:movie::26701,0
"How would you refer to La Cité des enfants perdus, La in English, and when was it released?",id:movies:movie::114335,0
What are the English and French titles for the 1995 film that includes mystery and sci-fi?,id:movies:movie::26887,2
"How would you refer to La Cité des enfants perdus, La in English, and when was it released?",id:movies:movie::1406,0
What are the English and French titles for the 1995 film that includes mystery and sci-fi?,id:movies:movie::146028,0
What are the English and French titles for the 1995 film that includes mystery and sci-fi?,id:movies:movie::147286,0
What is the title of the 1995 drama movie in this dataset?,id:movies:movie::475,0
What is the title of the 1995 drama movie in this dataset?,id:movies:movie::117466,0
What is the title of the 1995 drama movie in this dataset?,id:movies:movie::1950,0
What is the title of the 1995 drama movie in this dataset?,id:movies:movie::123553,0
What is the title that includes a year in parentheses in this dataset?,id:movies:movie::57326,2
What is the title that includes a year in parentheses in this dataset?,id:movies:movie::6760,2
What is the title that includes a year in parentheses in this dataset?,id:movies:movie::175397,2
What is the title that includes a year in parentheses in this dataset?,id:movies:movie::6273,2
What genre is the film Othello (1995) classified as?,id:movies:movie::2848,1
What is the internal document ID for the movie Othello (1995)?,id:movies:movie::173535,0
What genre is the film Othello (1995) classified as?,id:movies:movie::134004,0
What is the internal document ID for the movie Othello (1995)?,id:movies:movie::175475,0
What is the internal document ID for the movie Othello (1995)?,id:movies:movie::108932,0
What genre is the film Othello (1995) classified as?,id:movies:movie::27899,0
What is the internal document ID for the movie Othello (1995)?,id:movies:movie::167746,0
What is the exact movie title associated with the record ID id:movies:movie::26?,id:movies:movie::164367,0
What is the exact movie title associated with the record ID id:movies:movie::26?,id:movies:movie::108932,0
What is the exact movie title associated with the record ID id:movies:movie::26?,id:movies:movie::175475,0
What is the exact movie title associated with the record ID id:movies:movie::26?,id:movies:movie::157340,0
Is Othello (1995) a drama film?,id:movies:movie::922,0
Is Othello (1995) a drama film?,id:movies:movie::8044,0
Is Othello (1995) a drama film?,id:movies:movie::6273,0
What genres is the movie Persuasion (1995) categorized under?,id:movies:movie::134004,0
What genres is the movie Persuasion (1995) categorized under?,id:movies:movie::27899,0
What genres is the movie Persuasion (1995) categorized under?,id:movies:movie::204,0
In what year was Persuasion released?,id:movies:movie::496,0
In what year was Persuasion released?,id:movies:movie::59421,0
In what year was Persuasion released?,id:movies:movie::115122,0
How many genres is Othello (1995) listed under?,id:movies:movie::204,0
How many genres is Othello (1995) listed under?,id:movies:movie::46,0
How many genres is Othello (1995) listed under?,id:movies:movie::2848,1
What year is included in the movie title Othello (1995)?,id:movies:movie::115122,1
What year is included in the movie title Othello (1995)?,id:movies:movie::96,2
What year is included in the movie title Othello (1995)?,id:movies:movie::407,2
What is the internal document ID for the Persuasion (1995) movie?,id:movies:movie::173535,0
What is the internal document ID for the Persuasion (1995) movie?,id:movies:movie::175475,0
What is the internal document ID for the Persuasion (1995) movie?,id:movies:movie::108932,0
What is the internal document ID for the Persuasion (1995) movie?,id:movies:movie::167746,0
What is the exact title of the film associated with document ID id:movies:movie::28?,id:movies:movie::7882,0
What is the exact title of the film associated with document ID id:movies:movie::28?,id:movies:movie::7013,0
What is the exact title of the film associated with document ID id:movies:movie::28?,id:movies:movie::4518,0
What is the exact title of the film associated with document ID id:movies:movie::28?,id:movies:movie::2066,0
Is Persuasion (1995) classified as both a drama and a romance film?,id:movies:movie::922,0
Is Persuasion (1995) classified as both a drama and a romance film?,id:movies:movie::166291,0
Is Persuasion (1995) classified as both a drama and a romance film?,id:movies:movie::6273,0
Is Persuasion (1995) classified as both a drama and a romance film?,id:movies:movie::8667,0
What are the two genres listed for Persuasion (1995)?,id:movies:movie::38992,0
What are the two genres listed for Persuasion (1995)?,id:movies:movie::3326,0
What is the complete metadata for Persuasion (1995) provided in this document (title and genres)?,id:movies:movie::102123,0
What are the two genres listed for Persuasion (1995)?,id:movies:movie::27899,0
What is the complete metadata for Persuasion (1995) provided in this document (title and genres)?,id:movies:movie::115122,0
What is the complete metadata for Persuasion (1995) provided in this document (title and genres)?,id:movies:movie::96,0
What is the complete metadata for Persuasion (1995) provided in this document (title and genres)?,id:movies:movie::407,0
What format is Persuasion (1995) described as in this data entry?,id:movies:movie::134004,2
What format is Persuasion (1995) described as in this data entry?,id:movies:movie::99117,2
What format is Persuasion (1995) described as in this data entry?,id:movies:movie::102123,2
What genres is Twelve Monkeys (1995) categorized under?,id:movies:movie::134004,0
What genres is Twelve Monkeys (1995) categorized under?,id:movies:movie::204,0
What genres is Twelve Monkeys (1995) categorized under?,id:movies:movie::5028,0
Does Twelve Monkeys have an alternative title like '12 Monkeys'?,id:movies:movie::5591,0
Does Twelve Monkeys have an alternative title like '12 Monkeys'?,id:movies:movie::5397,0
Does Twelve Monkeys have an alternative title like '12 Monkeys'?,id:movies:movie::2900,0
What is the document ID for the movie titled 'Twelve Monkeys'?,id:movies:movie::173535,0
What is the document ID for the movie titled 'Twelve Monkeys'?,id:movies:movie::175475,0
What is the document ID for the movie titled 'Twelve Monkeys'?,id:movies:movie::108932,0
What is the document ID for the movie titled 'Twelve Monkeys'?,id:movies:movie::134019,0
"Is the film Twelve Monkeys classified as Mystery, Sci-Fi, and Thriller?",id:movies:movie::26701,2
In which year was Twelve Monkeys released?,id:movies:movie::4338,0
"Is the film Twelve Monkeys classified as Mystery, Sci-Fi, and Thriller?",id:movies:movie::184253,2
In which year was Twelve Monkeys released?,id:movies:movie::3622,0
"Is the film Twelve Monkeys classified as Mystery, Sci-Fi, and Thriller?",id:movies:movie::1909,2
In which year was Twelve Monkeys released?,id:movies:movie::5397,0
Which three genres describe the film Twelve Monkeys?,id:movies:movie::3622,0
Which three genres describe the film Twelve Monkeys?,id:movies:movie::26340,0
Which three genres describe the film Twelve Monkeys?,id:movies:movie::552,0
What is the title and release year of the movie listed under document ID id:movies:movie::27?,id:movies:movie::146028,0
What is the title and release year of the movie listed under document ID id:movies:movie::27?,id:movies:movie::147286,0
What is the title and release year of the movie listed under document ID id:movies:movie::27?,id:movies:movie::173535,0
What is the title and release year of the movie listed under document ID id:movies:movie::27?,id:movies:movie::131724,0
Which movie in the dataset is also known as 12 Monkeys and released in 1995?,id:movies:movie::96,0
Which movie in the dataset is also known as 12 Monkeys and released in 1995?,id:movies:movie::407,0
Which movie in the dataset is also known as 12 Monkeys and released in 1995?,id:movies:movie::175397,0
Which movie in the dataset is also known as 12 Monkeys and released in 1995?,id:movies:movie::475,0
"What is the full title of the movie as shown in the document, including its alias and year?",id:movies:movie::146028,2
"What is the full title of the movie as shown in the document, including its alias and year?",id:movies:movie::173535,2
"What is the full title of the movie as shown in the document, including its alias and year?",id:movies:movie::147286,2
"What is the full title of the movie as shown in the document, including its alias and year?",id:movies:movie::131724,2
Which genres are assigned to Now and Then (1995)?,id:movies:movie::6588,0
Which genres are assigned to Now and Then (1995)?,id:movies:movie::4969,0
Which genres are assigned to Now and Then (1995)?,id:movies:movie::6772,0
What is the document ID for the film Now and Then (1995) in this dataset?,id:movies:movie::2008,0
What is the document ID for the film Now and Then (1995) in this dataset?,id:movies:movie::173535,0
What is the document ID for the film Now and Then (1995) in this dataset?,id:movies:movie::8765,0
What is the exact title of the 1995 movie that has the genres Children and Drama?,id:movies:movie::126921,0
What is the exact title of the 1995 movie that has the genres Children and Drama?,id:movies:movie::3169,0
What is the exact title of the 1995 movie that has the genres Children and Drama?,id:movies:movie::108932,0
What is the exact title of the 1995 movie that has the genres Children and Drama?,id:movies:movie::175475,0
Which movie in this entry has the title Now and Then and the year 1995?,id:movies:movie::146309,0
Which movie in this entry has the title Now and Then and the year 1995?,id:movies:movie::3169,0
Which movie in this entry has the title Now and Then and the year 1995?,id:movies:movie::2071,0
Could you provide details for the movie Now and Then released in 1995?,id:movies:movie::473,0
Could you provide details for the movie Now and Then released in 1995?,id:movies:movie::96,0
Could you provide details for the movie Now and Then released in 1995?,id:movies:movie::407,0
In what year was Now and Then released?,id:movies:movie::6588,0
In what year was Now and Then released?,id:movies:movie::496,0
In what year was Now and Then released?,id:movies:movie::4969,0
What genres are listed for Shanghai Triad in the document?,id:movies:movie::115122,0
What genres are listed for Shanghai Triad in the document?,id:movies:movie::4144,0
What genres are listed for Shanghai Triad in the document?,id:movies:movie::3326,0
What is the Chinese title listed for Shanghai Triad (1995)?,id:movies:movie::134004,0
What is the Chinese title listed for Shanghai Triad (1995)?,id:movies:movie::27899,0
What is the Chinese title listed for Shanghai Triad (1995)?,id:movies:movie::5028,0
What is the genre of the 1995 film Shanghai Triad (Yao a yao yao dao waipo qiao)?,id:movies:movie::167772,0
What is the genre of the 1995 film Shanghai Triad (Yao a yao yao dao waipo qiao)?,id:movies:movie::27899,0
What is the genre of the 1995 film Shanghai Triad (Yao a yao yao dao waipo qiao)?,id:movies:movie::7013,0
Is Now and Then categorized as both a Children's film and a Drama?,id:movies:movie::27692,0
Is Now and Then categorized as both a Children's film and a Drama?,id:movies:movie::127172,0
Is Now and Then categorized as both a Children's film and a Drama?,id:movies:movie::4896,1
What is the internal document ID for Shanghai Triad?,id:movies:movie::134004,0
What is the internal document ID for Shanghai Triad?,id:movies:movie::27899,0
What is the internal document ID for Shanghai Triad?,id:movies:movie::5028,0
Is Shanghai Triad categorized as a crime drama film?,id:movies:movie::922,0
Is Shanghai Triad categorized as a crime drama film?,id:movies:movie::8044,0
Is Shanghai Triad categorized as a crime drama film?,id:movies:movie::1617,0
Is Shanghai Triad categorized as a crime drama film?,id:movies:movie::6273,0
What is the English title of the 1995 film described as a crime drama?,id:movies:movie::69516,0
What is the English title of the 1995 film described as a crime drama?,id:movies:movie::26701,0
What is the English title of the 1995 film described as a crime drama?,id:movies:movie::1179,0
What is the English title of the 1995 film described as a crime drama?,id:movies:movie::2008,0
What is the title of the movie that has the document ID id:movies:movie::31?,id:movies:movie::120478,0
What is the title of the movie that has the document ID id:movies:movie::31?,id:movies:movie::120827,0
What is the title of the movie that has the document ID id:movies:movie::31?,id:movies:movie::127114,0
What is the title of the movie that has the document ID id:movies:movie::31?,id:movies:movie::134326,0
Which film corresponds to the document entry id:movies:movie::31?,id:movies:movie::91483,0
Which film corresponds to the document entry id:movies:movie::31?,id:movies:movie::86068,0
Which film corresponds to the document entry id:movies:movie::31?,id:movies:movie::47566,0
Which film corresponds to the document entry id:movies:movie::31?,id:movies:movie::26701,0
Which film in the document has the genres Crime and Drama and is from 1995?,id:movies:movie::3169,0
Which film in the document has the genres Crime and Drama and is from 1995?,id:movies:movie::1711,0
What genre is Dangerous Minds (1995)?,id:movies:movie::134004,0
Which film in the document has the genres Crime and Drama and is from 1995?,id:movies:movie::46335,0
What genre is Dangerous Minds (1995)?,id:movies:movie::5028,0
Which film in the document has the genres Crime and Drama and is from 1995?,id:movies:movie::26701,0
What genre is Dangerous Minds (1995)?,id:movies:movie::47404,0
Is Dangerous Minds categorized as a drama?,id:movies:movie::89761,0
Is Dangerous Minds categorized as a drama?,id:movies:movie::144606,0
Is Dangerous Minds categorized as a drama?,id:movies:movie::6003,0
How is Dangerous Minds described in the document?,id:movies:movie::175397,0
How is Dangerous Minds described in the document?,id:movies:movie::4605,0
How is Dangerous Minds described in the document?,id:movies:movie::3988,0
What is the exact title listed for the movie with the ID id:movies:movie::31?,id:movies:movie::164367,0
What is the exact title listed for the movie with the ID id:movies:movie::31?,id:movies:movie::175475,0
What is the exact title listed for the movie with the ID id:movies:movie::31?,id:movies:movie::108932,0
What is the exact title listed for the movie with the ID id:movies:movie::31?,id:movies:movie::167746,0
"What year was Money Train released, and what genres does it have?",id:movies:movie::477,0
"What year was Money Train released, and what genres does it have?",id:movies:movie::496,0
"What year was Money Train released, and what genres does it have?",id:movies:movie::27899,0
"What year was Money Train released, and what genres does it have?",id:movies:movie::115122,0
What year is associated with the movie Dangerous Minds in the document?,id:movies:movie::2919,0
What year is associated with the movie Dangerous Minds in the document?,id:movies:movie::4061,0
What year is associated with the movie Dangerous Minds in the document?,id:movies:movie::164367,0
What year is associated with the movie Dangerous Minds in the document?,id:movies:movie::115122,0
Name the film Money Train and its genre categories.,id:movies:movie::2467,0
Name the film Money Train and its genre categories.,id:movies:movie::2375,0
Name the film Money Train and its genre categories.,id:movies:movie::2186,0
"Which 1995 film includes Action, Comedy, Crime, Drama, and Thriller genres?",id:movies:movie::81132,0
"Which 1995 film includes Action, Comedy, Crime, Drama, and Thriller genres?",id:movies:movie::145,2
"Which 1995 film includes Action, Comedy, Crime, Drama, and Thriller genres?",id:movies:movie::26701,0
"Is Money Train (1995) categorized under Action, Comedy, Crime, Drama, and Thriller?",id:movies:movie::145,0
"Is Money Train (1995) categorized under Action, Comedy, Crime, Drama, and Thriller?",id:movies:movie::3710,0
"Is Money Train (1995) categorized under Action, Comedy, Crime, Drama, and Thriller?",id:movies:movie::1432,0
List all genres for the movie Money Train released in 1995.,id:movies:movie::3531,0
List all genres for the movie Money Train released in 1995.,id:movies:movie::96,0
List all genres for the movie Money Train released in 1995.,id:movies:movie::407,0
Find information about Money Train (1995) and its genre tags.,id:movies:movie::188797,0
Find information about Money Train (1995) and its genre tags.,id:movies:movie::44197,0
Find information about Money Train (1995) and its genre tags.,id:movies:movie::98697,0
What genres are listed for Leaving Las Vegas (1995)?,id:movies:movie::1461,0
What genres are listed for Leaving Las Vegas (1995)?,id:movies:movie::3326,0
What genres are listed for Leaving Las Vegas (1995)?,id:movies:movie::59421,0
Tell me about the 1995 film Money Train’s genre mix.,id:movies:movie::2375,0
Tell me about the 1995 film Money Train’s genre mix.,id:movies:movie::4426,0
Tell me about the 1995 film Money Train’s genre mix.,id:movies:movie::26701,0
Does Leaving Las Vegas (1995) belong to more than one genre?,id:movies:movie::1461,0
Does Leaving Las Vegas (1995) belong to more than one genre?,id:movies:movie::1602,0
Does Leaving Las Vegas (1995) belong to more than one genre?,id:movies:movie::105037,0
Is Leaving Las Vegas categorized as both drama and romance?,id:movies:movie::1784,0
Is Leaving Las Vegas categorized as both drama and romance?,id:movies:movie::56837,0
Is Leaving Las Vegas categorized as both drama and romance?,id:movies:movie::112749,0
What are the genres assigned to the movie with the title Leaving Las Vegas (1995)?,id:movies:movie::164367,0
What are the genres assigned to the movie with the title Leaving Las Vegas (1995)?,id:movies:movie::108932,0
What are the genres assigned to the movie with the title Leaving Las Vegas (1995)?,id:movies:movie::175475,0
What year is included in the film's title Leaving Las Vegas (1995)?,id:movies:movie::59421,2
Is Assassins (1995) an action film?,id:movies:movie::167370,0
What year is included in the film's title Leaving Las Vegas (1995)?,id:movies:movie::115122,2
Is Assassins (1995) an action film?,id:movies:movie::26701,0
What year is included in the film's title Leaving Las Vegas (1995)?,id:movies:movie::96,2
Is Assassins (1995) an action film?,id:movies:movie::32587,0
Which film in this record has the genres Drama and Romance and is from 1995?,id:movies:movie::6273,0
Which film in this record has the genres Drama and Romance and is from 1995?,id:movies:movie::112749,0
Which film in this record has the genres Drama and Romance and is from 1995?,id:movies:movie::5225,0
Which film in this record has the genres Drama and Romance and is from 1995?,id:movies:movie::2008,0
What genres is Assassins (1995) categorized under?,id:movies:movie::134004,0
What genres is Assassins (1995) categorized under?,id:movies:movie::204,0
What genres is Assassins (1995) categorized under?,id:movies:movie::5028,0
What is the title of the 1995 movie described as drama and romance?,id:movies:movie::105,2
What is the title of the 1995 movie described as drama and romance?,id:movies:movie::26903,2
What is the title of the 1995 movie described as drama and romance?,id:movies:movie::30816,0
What is the title of the 1995 movie described as drama and romance?,id:movies:movie::469,0
What are the genres for the movie Assassins (1995)?,id:movies:movie::173535,0
What are the genres for the movie Assassins (1995)?,id:movies:movie::175475,0
What are the genres for the movie Assassins (1995)?,id:movies:movie::108932,0
What are the genres for the movie Assassins (1995)?,id:movies:movie::132584,0
Is Assassins (1995) a thriller?,id:movies:movie::78469,0
Is Assassins (1995) a thriller?,id:movies:movie::47,0
Is Assassins (1995) a thriller?,id:movies:movie::165,0
Which movie in this dataset has the title Assassins (1995) and what are its genres?,id:movies:movie::115122,0
Which movie in this dataset has the title Assassins (1995) and what are its genres?,id:movies:movie::96,0
In what year was the film Assassins released?,id:movies:movie::6273,0
Which movie in this dataset has the title Assassins (1995) and what are its genres?,id:movies:movie::407,0
In what year was the film Assassins released?,id:movies:movie::115122,0
In what year was the film Assassins released?,id:movies:movie::999,0
In what year was the film Assassins released?,id:movies:movie::496,0
What genres are associated with Powder (1995)?,id:movies:movie::3326,0
What genres are associated with Powder (1995)?,id:movies:movie::477,0
What genres are associated with Powder (1995)?,id:movies:movie::68650,0
"What is the exact title of the 1995 film that combines Action, Crime, and Thriller?",id:movies:movie::170875,0
"What is the exact title of the 1995 film that combines Action, Crime, and Thriller?",id:movies:movie::26701,0
"What is the exact title of the 1995 film that combines Action, Crime, and Thriller?",id:movies:movie::46335,0
"What is the exact title of the 1995 film that combines Action, Crime, and Thriller?",id:movies:movie::3169,0
Which film released in 1995 is titled Powder?,id:movies:movie::6273,0
Which film released in 1995 is titled Powder?,id:movies:movie::164,0
Which film released in 1995 is titled Powder?,id:movies:movie::999,0
What is the internal document ID for the Powder movie entry?,id:movies:movie::173535,0
What is the internal document ID for the Powder movie entry?,id:movies:movie::175475,0
What is the internal document ID for the Powder movie entry?,id:movies:movie::108932,0
What is the internal document ID for the Powder movie entry?,id:movies:movie::167746,0
How many genres are listed for Powder?,id:movies:movie::68650,0
How many genres are listed for Powder?,id:movies:movie::31193,0
How many genres are listed for Powder?,id:movies:movie::82499,0
"What genre is Cry, the Beloved Country (1995) listed as in this document?",id:movies:movie::3211,0
"What genre is Cry, the Beloved Country (1995) listed as in this document?",id:movies:movie::102123,0
"What genre is Cry, the Beloved Country (1995) listed as in this document?",id:movies:movie::115122,0
"Does Powder fall under Drama, Sci-Fi, or both?",id:movies:movie::27549,0
"Does Powder fall under Drama, Sci-Fi, or both?",id:movies:movie::1019,0
"Does Powder fall under Drama, Sci-Fi, or both?",id:movies:movie::109848,0
"In what year is Cry, the Beloved Country released according to the entry?",id:movies:movie::3211,0
"In what year is Cry, the Beloved Country released according to the entry?",id:movies:movie::115122,0
"In what year is Cry, the Beloved Country released according to the entry?",id:movies:movie::4061,0
"If I search for a film with the title Powder and the genres Drama and Sci-Fi, what movie is that?",id:movies:movie::26701,0
"If I search for a film with the title Powder and the genres Drama and Sci-Fi, what movie is that?",id:movies:movie::164367,0
"If I search for a film with the title Powder and the genres Drama and Sci-Fi, what movie is that?",id:movies:movie::53161,0
"If I search for a film with the title Powder and the genres Drama and Sci-Fi, what movie is that?",id:movies:movie::3169,0
"What is the document ID for Cry, the Beloved Country (1995)?",id:movies:movie::173535,0
"What is the document ID for Cry, the Beloved Country (1995)?",id:movies:movie::177939,0
"What is the document ID for Cry, the Beloved Country (1995)?",id:movies:movie::167772,0
What is the exact title and year of the movie described by the document as Drama and Sci-Fi?,id:movies:movie::160565,0
What is the exact title and year of the movie described by the document as Drama and Sci-Fi?,id:movies:movie::3169,0
What is the exact title and year of the movie described by the document as Drama and Sci-Fi?,id:movies:movie::148775,2
What is the exact title and year of the movie described by the document as Drama and Sci-Fi?,id:movies:movie::26701,2
"What genres are associated with Cry, the Beloved Country (1995)?",id:movies:movie::3211,0
"What genres are associated with Cry, the Beloved Country (1995)?",id:movies:movie::3326,0
"What genres are associated with Cry, the Beloved Country (1995)?",id:movies:movie::8920,0
What is the document ID for the movie Dead Presidents (1995)?,id:movies:movie::175475,0
What is the document ID for the movie Dead Presidents (1995)?,id:movies:movie::108932,0
What is the document ID for the movie Dead Presidents (1995)?,id:movies:movie::157340,0
"What is the exact title string used for Cry, the Beloved Country in this record?",id:movies:movie::3211,0
"What is the exact title string used for Cry, the Beloved Country in this record?",id:movies:movie::102123,0
"What is the exact title string used for Cry, the Beloved Country in this record?",id:movies:movie::4061,0
"Is the year 1995 part of the title for Cry, the Beloved Country in this dataset?",id:movies:movie::173535,0
"Is the year 1995 part of the title for Cry, the Beloved Country in this dataset?",id:movies:movie::167772,0
"Is the year 1995 part of the title for Cry, the Beloved Country in this dataset?",id:movies:movie::3329,0
"What fields are present in the Cry, the Beloved Country entry?",id:movies:movie::3211,0
"What fields are present in the Cry, the Beloved Country entry?",id:movies:movie::4061,0
"What fields are present in the Cry, the Beloved Country entry?",id:movies:movie::115122,0
What genres are listed for Dead Presidents (1995)?,id:movies:movie::3326,0
What genres are listed for Dead Presidents (1995)?,id:movies:movie::714,0
What genres are listed for Dead Presidents (1995)?,id:movies:movie::36,0
How would you locate this movie in the dataset by its title and year?,id:movies:movie::82499,2
How would you locate this movie in the dataset by its title and year?,id:movies:movie::114601,2
How would you locate this movie in the dataset by its title and year?,id:movies:movie::4605,2
How would you locate this movie in the dataset by its title and year?,id:movies:movie::118326,2
When was Dead Presidents released?,id:movies:movie::4813,0
When was Dead Presidents released?,id:movies:movie::184015,0
When was Dead Presidents released?,id:movies:movie::43904,0
"Are Action, Crime, and Drama the genres assigned to Dead Presidents (1995)?",id:movies:movie::7040,0
"Are Action, Crime, and Drama the genres assigned to Dead Presidents (1995)?",id:movies:movie::46335,0
"Are Action, Crime, and Drama the genres assigned to Dead Presidents (1995)?",id:movies:movie::67923,0
What is the exact title of the film in the entry with ID id:movies:movie::42?,id:movies:movie::4061,0
What is the exact title of the film in the entry with ID id:movies:movie::42?,id:movies:movie::4518,0
What is the exact title of the film in the entry with ID id:movies:movie::42?,id:movies:movie::164367,0
What is the exact title of the film in the entry with ID id:movies:movie::42?,id:movies:movie::111921,0
What type of work is Dead Presidents (1995)?,id:movies:movie::134004,0
Which film corresponds to the document entry id:movies:movie::42?,id:movies:movie::91483,0
What type of work is Dead Presidents (1995)?,id:movies:movie::714,0
Which film corresponds to the document entry id:movies:movie::42?,id:movies:movie::86068,0
Which film corresponds to the document entry id:movies:movie::42?,id:movies:movie::47566,0
What type of work is Dead Presidents (1995)?,id:movies:movie::36,0
Which film corresponds to the document entry id:movies:movie::42?,id:movies:movie::26701,0
In what year was It Takes Two released?,id:movies:movie::496,0
In what year was It Takes Two released?,id:movies:movie::5863,0
In what year was It Takes Two released?,id:movies:movie::59421,0
What year and title are given for the movie in this document?,id:movies:movie::115122,2
What year and title are given for the movie in this document?,id:movies:movie::4144,2
What year and title are given for the movie in this document?,id:movies:movie::173535,2
What year and title are given for the movie in this document?,id:movies:movie::3326,2
What genres is It Takes Two (1995) categorized under?,id:movies:movie::5028,0
What genres is It Takes Two (1995) categorized under?,id:movies:movie::134004,0
What genres is It Takes Two (1995) categorized under?,id:movies:movie::618,0
Is It Takes Two considered a children's film?,id:movies:movie::953,0
Is It Takes Two considered a children's film?,id:movies:movie::52730,0
Is It Takes Two considered a children's film?,id:movies:movie::60487,0
Which film in this dataset has the title It Takes Two (1995)?,id:movies:movie::2008,0
Which film in this dataset has the title It Takes Two (1995)?,id:movies:movie::8765,0
Which film in this dataset has the title It Takes Two (1995)?,id:movies:movie::5863,0
Give me the basic metadata for It Takes Two (1995) from the document.,id:movies:movie::38992,0
Give me the basic metadata for It Takes Two (1995) from the document.,id:movies:movie::55620,0
Give me the basic metadata for It Takes Two (1995) from the document.,id:movies:movie::86892,0
What is the database entry ID for It Takes Two (1995)?,id:movies:movie::5028,0
What is the database entry ID for It Takes Two (1995)?,id:movies:movie::38992,0
What is the database entry ID for It Takes Two (1995)?,id:movies:movie::134004,0
What genres is Pocahontas (1995) categorized under?,id:movies:movie::134004,0
What genres is Pocahontas (1995) categorized under?,id:movies:movie::204,0
What genres is Pocahontas (1995) categorized under?,id:movies:movie::5028,0
"What year was Pocahontas released, and what genres does it include?",id:movies:movie::477,0
"What year was Pocahontas released, and what genres does it include?",id:movies:movie::496,0
"What year was Pocahontas released, and what genres does it include?",id:movies:movie::27899,0
"What year was Pocahontas released, and what genres does it include?",id:movies:movie::115122,0
What is the exact title of the 1995 movie described as a children's comedy?,id:movies:movie::167772,2
What is the exact title of the 1995 movie described as a children's comedy?,id:movies:movie::27899,0
What is the exact title of the 1995 movie described as a children's comedy?,id:movies:movie::52730,0
What is the exact title of the 1995 movie described as a children's comedy?,id:movies:movie::108932,0
Which 1995 film blends animation with drama and romance?,id:movies:movie::26903,2
Which 1995 film blends animation with drama and romance?,id:movies:movie::26701,0
Which 1995 film blends animation with drama and romance?,id:movies:movie::922,0
Is Pocahontas (1995) a musical film?,id:movies:movie::8738,0
Is Pocahontas (1995) a musical film?,id:movies:movie::164,0
Is Pocahontas (1995) a musical film?,id:movies:movie::5560,0
Can you confirm that It Takes Two belongs to both the children's and comedy genres?,id:movies:movie::60487,2
Can you confirm that It Takes Two belongs to both the children's and comedy genres?,id:movies:movie::1934,1
Can you confirm that It Takes Two belongs to both the children's and comedy genres?,id:movies:movie::52730,2
Can you confirm that It Takes Two belongs to both the children's and comedy genres?,id:movies:movie::121097,2
"What genres is the 1995 film ""To Die For"" categorized under?",id:movies:movie::134004,0
"What genres is the 1995 film ""To Die For"" categorized under?",id:movies:movie::27899,0
"What genres is the 1995 film ""To Die For"" categorized under?",id:movies:movie::204,0
Does Pocahontas (1995) include romance as a genre?,id:movies:movie::1784,0
Does Pocahontas (1995) include romance as a genre?,id:movies:movie::56837,0
Does Pocahontas (1995) include romance as a genre?,id:movies:movie::5856,0
Is Pocahontas (1995) an animated movie?,id:movies:movie::95193,2
Is Pocahontas (1995) an animated movie?,id:movies:movie::7264,0
Is Pocahontas (1995) an animated movie?,id:movies:movie::94160,0
Is Pocahontas (1995) considered a children's film?,id:movies:movie::258,1
Is Pocahontas (1995) considered a children's film?,id:movies:movie::164,0
Is Pocahontas (1995) considered a children's film?,id:movies:movie::953,1
"In what year was ""To Die For"" released?",id:movies:movie::496,0
"In what year was ""To Die For"" released?",id:movies:movie::59421,0
"In what year was ""To Die For"" released?",id:movies:movie::115122,0
"In what year was ""To Die For"" released?",id:movies:movie::69436,0
"What are the genres listed for the movie titled ""To Die For"" (1995)?",id:movies:movie::173535,0
"What are the genres listed for the movie titled ""To Die For"" (1995)?",id:movies:movie::175475,0
"What are the genres listed for the movie titled ""To Die For"" (1995)?",id:movies:movie::108932,0
"What are the genres listed for the movie titled ""To Die For"" (1995)?",id:movies:movie::132584,0
Would you classify Pocahontas (1995) as a drama?,id:movies:movie::56837,1
Would you classify Pocahontas (1995) as a drama?,id:movies:movie::1784,1
Would you classify Pocahontas (1995) as a drama?,id:movies:movie::7259,1
"Name the movie in the document that has the genres Comedy, Drama, and Thriller.",id:movies:movie::3169,0
"Name the movie in the document that has the genres Comedy, Drama, and Thriller.",id:movies:movie::147936,0
"Name the movie in the document that has the genres Comedy, Drama, and Thriller.",id:movies:movie::1645,0
"Name the movie in the document that has the genres Comedy, Drama, and Thriller.",id:movies:movie::1825,0
"Which three genres describe the movie ""To Die For""?",id:movies:movie::1024,0
"Which three genres describe the movie ""To Die For""?",id:movies:movie::90403,0
"Which three genres describe the movie ""To Die For""?",id:movies:movie::552,0
"Which three genres describe the movie ""To Die For""?",id:movies:movie::25946,0
"Is ""To Die For"" classified as a comedy, a drama, and a thriller?",id:movies:movie::127298,0
"Is ""To Die For"" classified as a comedy, a drama, and a thriller?",id:movies:movie::78469,0
"Is ""To Die For"" classified as a comedy, a drama, and a thriller?",id:movies:movie::185029,0
"Is ""To Die For"" classified as a comedy, a drama, and a thriller?",id:movies:movie::119828,0
What is the exact title of the film associated with the document ID id:movies:movie::45?,id:movies:movie::170875,0
What is the exact title of the film associated with the document ID id:movies:movie::45?,id:movies:movie::120478,0
What is the exact title of the film associated with the document ID id:movies:movie::45?,id:movies:movie::120827,0
What is the exact title of the film associated with the document ID id:movies:movie::45?,id:movies:movie::127114,0
What is the 1995 mystery thriller film Seven also known as Se7en?,id:movies:movie::31921,0
What is the 1995 mystery thriller film Seven also known as Se7en?,id:movies:movie::26701,0
What is the 1995 mystery thriller film Seven also known as Se7en?,id:movies:movie::164,0
When was Seven (a.k.a. Se7en) released?,id:movies:movie::5556,0
When was Seven (a.k.a. Se7en) released?,id:movies:movie::73290,0
When was Seven (a.k.a. Se7en) released?,id:movies:movie::5165,0
What is the alternate title for the 1995 movie Seven?,id:movies:movie::173535,0
What is the alternate title for the 1995 movie Seven?,id:movies:movie::162350,0
What is the alternate title for the 1995 movie Seven?,id:movies:movie::108932,0
What is the alternate title for the 1995 movie Seven?,id:movies:movie::175475,0
Which genres are listed for the film Seven (Se7en) released in 1995?,id:movies:movie::6273,0
Which genres are listed for the film Seven (Se7en) released in 1995?,id:movies:movie::164,0
Which genres are listed for the film Seven (Se7en) released in 1995?,id:movies:movie::999,0
"What is the document ID for the movie ""To Die For""?",id:movies:movie::173535,0
"What is the document ID for the movie ""To Die For""?",id:movies:movie::108932,0
"What is the document ID for the movie ""To Die For""?",id:movies:movie::175475,0
"What is the document ID for the movie ""To Die For""?",id:movies:movie::132584,0
"How is the film title Seven displayed in this record, including its alias and year?",id:movies:movie::2008,0
"How is the film title Seven displayed in this record, including its alias and year?",id:movies:movie::8765,0
"How is the film title Seven displayed in this record, including its alias and year?",id:movies:movie::44788,0
"How is the film title Seven displayed in this record, including its alias and year?",id:movies:movie::102123,0
What is the document ID for the film Seven (Se7en)?,id:movies:movie::173535,0
What is the document ID for the film Seven (Se7en)?,id:movies:movie::162350,1
Is Seven categorized under Mystery and Thriller in this record?,id:movies:movie::31921,2
What is the document ID for the film Seven (Se7en)?,id:movies:movie::177939,0
Is Seven categorized under Mystery and Thriller in this record?,id:movies:movie::6885,0
What is the document ID for the film Seven (Se7en)?,id:movies:movie::27899,0
Is Seven categorized under Mystery and Thriller in this record?,id:movies:movie::4517,0
What is the 1995 drama film titled Restoration?,id:movies:movie::27899,0
What is the 1995 drama film titled Restoration?,id:movies:movie::5028,0
What is the 1995 drama film titled Restoration?,id:movies:movie::26701,0
What is the relationship or connection between the name Seven and Se7en in this dataset entry?,id:movies:movie::475,0
What is the relationship or connection between the name Seven and Se7en in this dataset entry?,id:movies:movie::57326,0
What is the relationship or connection between the name Seven and Se7en in this dataset entry?,id:movies:movie::123553,0
What is the relationship or connection between the name Seven and Se7en in this dataset entry?,id:movies:movie::102123,0
Tell me about Restoration from the year 1995 in the drama genre.,id:movies:movie::4061,0
Tell me about Restoration from the year 1995 in the drama genre.,id:movies:movie::96,0
Tell me about Restoration from the year 1995 in the drama genre.,id:movies:movie::3329,0
Tell me about Restoration from the year 1995 in the drama genre.,id:movies:movie::27002,0
Which movie named Restoration was released in 1995 and is a drama?,id:movies:movie::475,0
Which movie named Restoration was released in 1995 and is a drama?,id:movies:movie::167732,0
Which movie named Restoration was released in 1995 and is a drama?,id:movies:movie::96,0
Is Restoration (1995) classified as a drama movie?,id:movies:movie::1784,2
Is Restoration (1995) classified as a drama movie?,id:movies:movie::56837,2
Is Restoration (1995) classified as a drama movie?,id:movies:movie::4880,2
I’m looking for the drama film Restoration released in 1995.,id:movies:movie::6273,0
I’m looking for the drama film Restoration released in 1995.,id:movies:movie::96,0
I’m looking for the drama film Restoration released in 1995.,id:movies:movie::4144,0
"Give me basic details for Restoration (1995), the drama film.",id:movies:movie::113378,0
"Give me basic details for Restoration (1995), the drama film.",id:movies:movie::130482,0
"Give me basic details for Restoration (1995), the drama film.",id:movies:movie::26701,0
What genres is the 1995 film Richard III categorized under?,id:movies:movie::134004,0
What genres is the 1995 film Richard III categorized under?,id:movies:movie::27899,0
What genres is the 1995 film Richard III categorized under?,id:movies:movie::204,0
In what year was the drama film Restoration released?,id:movies:movie::6273,0
In what year was the drama film Restoration released?,id:movies:movie::496,0
In what year was the drama film Restoration released?,id:movies:movie::27899,0
In what year was the drama film Restoration released?,id:movies:movie::7047,0
How is Restoration (1995) listed in the database in terms of title and genre?,id:movies:movie::407,0
How is Restoration (1995) listed in the database in terms of title and genre?,id:movies:movie::96,0
How is Restoration (1995) listed in the database in terms of title and genre?,id:movies:movie::475,0
How is Restoration (1995) listed in the database in terms of title and genre?,id:movies:movie::30892,0
"When was Richard III released, and what genres describe it?",id:movies:movie::496,0
"When was Richard III released, and what genres describe it?",id:movies:movie::95199,0
"When was Richard III released, and what genres describe it?",id:movies:movie::5028,0
What genre tags are applied to Richard III (1995) in the database?,id:movies:movie::115122,0
What genre tags are applied to Richard III (1995) in the database?,id:movies:movie::123553,0
What genre tags are applied to Richard III (1995) in the database?,id:movies:movie::96,0
Is Richard III (1995) a drama and war film?,id:movies:movie::5975,0
Is Richard III (1995) a drama and war film?,id:movies:movie::27692,0
Is Richard III (1995) a drama and war film?,id:movies:movie::3414,0
Which genres describe the movie Richard III released in 1995?,id:movies:movie::123553,0
Which genres describe the movie Richard III released in 1995?,id:movies:movie::96,0
Which genres describe the movie Richard III released in 1995?,id:movies:movie::407,0
How would you categorize Richard III (1995) by genre?,id:movies:movie::82499,0
How would you categorize Richard III (1995) by genre?,id:movies:movie::46,0
How would you categorize Richard III (1995) by genre?,id:movies:movie::6122,0
List the genres associated with Richard III (1995).,id:movies:movie::6122,0
List the genres associated with Richard III (1995).,id:movies:movie::102852,0
List the genres associated with Richard III (1995).,id:movies:movie::164367,0
What are the genres of The Usual Suspects (1995)?,id:movies:movie::167772,0
What are the genres of The Usual Suspects (1995)?,id:movies:movie::7882,0
What are the genres of The Usual Suspects (1995)?,id:movies:movie::4518,0
Tell me about The Usual Suspects released in 1995.,id:movies:movie::96,0
Tell me about The Usual Suspects released in 1995.,id:movies:movie::407,0
Which two genres identify the film Richard III (1995)?,id:movies:movie::6122,0
Tell me about The Usual Suspects released in 1995.,id:movies:movie::55620,0
Which two genres identify the film Richard III (1995)?,id:movies:movie::618,0
Which two genres identify the film Richard III (1995)?,id:movies:movie::79677,0
"Is The Usual Suspects a crime, mystery, or thriller film?",id:movies:movie::26701,2
"Is The Usual Suspects a crime, mystery, or thriller film?",id:movies:movie::1617,2
"Is The Usual Suspects a crime, mystery, or thriller film?",id:movies:movie::164,2
"What 1995 movie is The Usual Suspects, and what genres does it belong to?",id:movies:movie::477,0
"What 1995 movie is The Usual Suspects, and what genres does it belong to?",id:movies:movie::27899,0
"What 1995 movie is The Usual Suspects, and what genres does it belong to?",id:movies:movie::115122,0
"What 1995 movie is The Usual Suspects, and what genres does it belong to?",id:movies:movie::5028,0
Give me the genre list for The Usual Suspects (1995).,id:movies:movie::55620,0
Give me the genre list for The Usual Suspects (1995).,id:movies:movie::173535,0
Give me the genre list for The Usual Suspects (1995).,id:movies:movie::167772,0
Which genres apply to The Usual Suspects from 1995?,id:movies:movie::27002,0
Which genres apply to The Usual Suspects from 1995?,id:movies:movie::6483,0
Which genres apply to The Usual Suspects from 1995?,id:movies:movie::1944,0
In what year did Mighty Aphrodite release?,id:movies:movie::59421,0
How would you classify The Usual Suspects (1995) by genre?,id:movies:movie::82499,0
In what year did Mighty Aphrodite release?,id:movies:movie::115122,0
How would you classify The Usual Suspects (1995) by genre?,id:movies:movie::46,0
In what year did Mighty Aphrodite release?,id:movies:movie::72919,0
How would you classify The Usual Suspects (1995) by genre?,id:movies:movie::3988,0
What genres are associated with Mighty Aphrodite (1995)?,id:movies:movie::3326,0
What genres are associated with Mighty Aphrodite (1995)?,id:movies:movie::181,0
What genres are associated with Mighty Aphrodite (1995)?,id:movies:movie::477,0
"Describe The Usual Suspects (1995) in terms of its Crime, Mystery, and Thriller genres.",id:movies:movie::6885,2
"Describe The Usual Suspects (1995) in terms of its Crime, Mystery, and Thriller genres.",id:movies:movie::164,2
"Describe The Usual Suspects (1995) in terms of its Crime, Mystery, and Thriller genres.",id:movies:movie::158238,2
How many genres are assigned to Mighty Aphrodite?,id:movies:movie::98908,0
How many genres are assigned to Mighty Aphrodite?,id:movies:movie::4357,0
How many genres are assigned to Mighty Aphrodite?,id:movies:movie::6549,0
Is Mighty Aphrodite categorized as a comedy in this entry?,id:movies:movie::1288,0
Is Mighty Aphrodite categorized as a comedy in this entry?,id:movies:movie::102123,0
Is Mighty Aphrodite categorized as a comedy in this entry?,id:movies:movie::114601,0
What is the document ID for Mighty Aphrodite (1995) in this record?,id:movies:movie::102123,0
What is the document ID for Mighty Aphrodite (1995) in this record?,id:movies:movie::181,0
What is the document ID for Mighty Aphrodite (1995) in this record?,id:movies:movie::115122,0
"What is the title of the 1995 movie that lists Comedy, Drama, and Romance as its genres?",id:movies:movie::5470,0
"What is the title of the 1995 movie that lists Comedy, Drama, and Romance as its genres?",id:movies:movie::95309,0
"What is the title of the 1995 movie that lists Comedy, Drama, and Romance as its genres?",id:movies:movie::61071,0
"What is the title of the 1995 movie that lists Comedy, Drama, and Romance as its genres?",id:movies:movie::26236,0
What is the title of the film described by the record with ID id:movies:movie::52?,id:movies:movie::120827,0
What is the title of the film described by the record with ID id:movies:movie::52?,id:movies:movie::170875,0
What is the title of the film described by the record with ID id:movies:movie::52?,id:movies:movie::127114,0
What is the title of the film described by the record with ID id:movies:movie::52?,id:movies:movie::134326,0
"Based on its genres, could Mighty Aphrodite be described as a romance film?",id:movies:movie::922,2
"Based on its genres, could Mighty Aphrodite be described as a romance film?",id:movies:movie::6273,2
"Based on its genres, could Mighty Aphrodite be described as a romance film?",id:movies:movie::1784,2
What genres is the film Dead Man Walking (1995) classified under?,id:movies:movie::336,0
What genres is the film Dead Man Walking (1995) classified under?,id:movies:movie::714,0
What genres is the film Dead Man Walking (1995) classified under?,id:movies:movie::2182,0
Is Dead Man Walking (1995) a crime drama?,id:movies:movie::42,0
Is Dead Man Walking (1995) a crime drama?,id:movies:movie::6280,0
Is Dead Man Walking (1995) a crime drama?,id:movies:movie::6286,0
Could you list the genres for Dead Man Walking (1995)?,id:movies:movie::336,0
Could you list the genres for Dead Man Walking (1995)?,id:movies:movie::714,0
Could you list the genres for Dead Man Walking (1995)?,id:movies:movie::137,0
"Please provide a data snippet for Dead Man Walking, including its title and genres.",id:movies:movie::1949,0
"Please provide a data snippet for Dead Man Walking, including its title and genres.",id:movies:movie::2969,0
"Please provide a data snippet for Dead Man Walking, including its title and genres.",id:movies:movie::336,0
Which 1995 movie is titled Dead Man Walking and categorized as Crime and Drama?,id:movies:movie::2973,0
Which 1995 movie is titled Dead Man Walking and categorized as Crime and Drama?,id:movies:movie::27692,0
Which 1995 movie is titled Dead Man Walking and categorized as Crime and Drama?,id:movies:movie::42,0
What year was Dead Man Walking released?,id:movies:movie::336,0
What year was Dead Man Walking released?,id:movies:movie::496,0
What year was Dead Man Walking released?,id:movies:movie::714,0
What two genres are associated with Dead Man Walking (1995)?,id:movies:movie::336,0
What two genres are associated with Dead Man Walking (1995)?,id:movies:movie::714,0
What two genres are associated with Dead Man Walking (1995)?,id:movies:movie::2111,0
What is the full title and genre list for the 1995 film Dead Man Walking?,id:movies:movie::336,0
What is the full title and genre list for the 1995 film Dead Man Walking?,id:movies:movie::173535,0
What is the full title and genre list for the 1995 film Dead Man Walking?,id:movies:movie::303,0
In what year was Mortal Kombat released according to the document?,id:movies:movie::136297,2
In what year was Mortal Kombat released according to the document?,id:movies:movie::1681,2
In what year was Mortal Kombat released according to the document?,id:movies:movie::115122,0
What is the document ID for the Mortal Kombat entry in this dataset?,id:movies:movie::136297,2
What is the document ID for the Mortal Kombat entry in this dataset?,id:movies:movie::102123,0
What is the document ID for the Mortal Kombat entry in this dataset?,id:movies:movie::173535,0
What is the exact title of the movie with document ID id:movies:movie::44?,id:movies:movie::4518,0
What is the document ID for the Mortal Kombat entry in this dataset?,id:movies:movie::4061,0
What is the exact title of the movie with document ID id:movies:movie::44?,id:movies:movie::164367,0
What is the exact title of the movie with document ID id:movies:movie::44?,id:movies:movie::175475,0
What is the exact title of the movie with document ID id:movies:movie::44?,id:movies:movie::108932,0
What genres is Mortal Kombat (1995) listed under?,id:movies:movie::136297,2
What genres is Mortal Kombat (1995) listed under?,id:movies:movie::1681,0
What genres is Mortal Kombat (1995) listed under?,id:movies:movie::134004,0
How many genres are listed for Mortal Kombat (1995)?,id:movies:movie::136297,2
How many genres are listed for Mortal Kombat (1995)?,id:movies:movie::1681,0
How many genres are listed for Mortal Kombat (1995)?,id:movies:movie::46,0
What are the genres associated with Mortal Kombat (1995) in this entry?,id:movies:movie::136297,2
What are the genres associated with Mortal Kombat (1995) in this entry?,id:movies:movie::1681,0
What are the genres associated with Mortal Kombat (1995) in this entry?,id:movies:movie::115122,0
What genres are listed for the film How to Make an American Quilt (1995)?,id:movies:movie::139915,0
What genres are listed for the film How to Make an American Quilt (1995)?,id:movies:movie::98908,0
What genres are listed for the film How to Make an American Quilt (1995)?,id:movies:movie::143896,0
In what year was How to Make an American Quilt released?,id:movies:movie::139915,0
In what year was How to Make an American Quilt released?,id:movies:movie::98908,0
In what year was How to Make an American Quilt released?,id:movies:movie::4605,0
Is How to Make an American Quilt categorized as both Drama and Romance?,id:movies:movie::139915,0
Is How to Make an American Quilt categorized as both Drama and Romance?,id:movies:movie::4357,0
Is How to Make an American Quilt categorized as both Drama and Romance?,id:movies:movie::6549,0
Does the entry for Mortal Kombat (1995) include Fantasy as a genre?,id:movies:movie::1681,0
Does the entry for Mortal Kombat (1995) include Fantasy as a genre?,id:movies:movie::136297,2
Does the entry for Mortal Kombat (1995) include Fantasy as a genre?,id:movies:movie::53140,0
Which three genres are linked to Mortal Kombat (1995) in this record?,id:movies:movie::136297,2
Which three genres are linked to Mortal Kombat (1995) in this record?,id:movies:movie::1681,0
Which three genres are linked to Mortal Kombat (1995) in this record?,id:movies:movie::6760,0
Which movie title corresponds to the 1995 release that includes the word Quilt?,id:movies:movie::121253,0
Which movie title corresponds to the 1995 release that includes the word Quilt?,id:movies:movie::154358,0
Which movie title corresponds to the 1995 release that includes the word Quilt?,id:movies:movie::108932,0
What is the internal document ID for How to Make an American Quilt in this dataset?,id:movies:movie::139915,0
Which movie title corresponds to the 1995 release that includes the word Quilt?,id:movies:movie::175475,0
What is the internal document ID for How to Make an American Quilt in this dataset?,id:movies:movie::98908,0
What is the internal document ID for How to Make an American Quilt in this dataset?,id:movies:movie::102123,0
What genres are listed for Clueless (1995)?,id:movies:movie::3326,0
What genres are listed for Clueless (1995)?,id:movies:movie::31422,0
What genres are listed for Clueless (1995)?,id:movies:movie::52279,0
"What are the two genres attached to this movie, How to Make an American Quilt?",id:movies:movie::139915,0
"What are the two genres attached to this movie, How to Make an American Quilt?",id:movies:movie::98908,0
"What are the two genres attached to this movie, How to Make an American Quilt?",id:movies:movie::143896,0
What is the document ID for Clueless (1995)?,id:movies:movie::134004,0
What is the document ID for Clueless (1995)?,id:movies:movie::27899,0
What is the document ID for Clueless (1995)?,id:movies:movie::5028,0
Which film in this dataset has the title Clueless (1995)?,id:movies:movie::2008,0
Which film in this dataset has the title Clueless (1995)?,id:movies:movie::8765,0
Which film in this dataset has the title Clueless (1995)?,id:movies:movie::6273,0
Which film in this dataset has the title Clueless (1995)?,id:movies:movie::164,0
What is the exact title of the movie associated with document id id:movies:movie::39?,id:movies:movie::4518,0
What is the exact title of the movie associated with document id id:movies:movie::39?,id:movies:movie::164367,0
What is the exact title of the movie associated with document id id:movies:movie::39?,id:movies:movie::175475,0
What is the exact title of the movie associated with document id id:movies:movie::39?,id:movies:movie::108932,0
What is the exact title of the 1995 film described in the record?,id:movies:movie::167772,2
What is the exact title of the 1995 film described in the record?,id:movies:movie::4061,0
What is the exact title of the 1995 film described in the record?,id:movies:movie::407,2
What is the exact title of the 1995 film described in the record?,id:movies:movie::177939,0
"Is Clueless (1995) categorized as Comedy, Romance, or both?",id:movies:movie::1784,0
"Is Clueless (1995) categorized as Comedy, Romance, or both?",id:movies:movie::56837,0
"Is Clueless (1995) categorized as Comedy, Romance, or both?",id:movies:movie::80860,0
How would you classify How to Make an American Quilt based on its listed genres?,id:movies:movie::139915,0
How would you classify How to Make an American Quilt based on its listed genres?,id:movies:movie::98908,0
How would you classify How to Make an American Quilt based on its listed genres?,id:movies:movie::148956,0
What genres does When Night Is Falling (1995) belong to?,id:movies:movie::95199,0
What genres does When Night Is Falling (1995) belong to?,id:movies:movie::477,0
What genres does When Night Is Falling (1995) belong to?,id:movies:movie::81,0
Which entry corresponds to the movie Clueless (1995) and what genres does it include?,id:movies:movie::477,0
Which entry corresponds to the movie Clueless (1995) and what genres does it include?,id:movies:movie::27899,0
Which entry corresponds to the movie Clueless (1995) and what genres does it include?,id:movies:movie::115122,0
Which entry corresponds to the movie Clueless (1995) and what genres does it include?,id:movies:movie::105037,0
How would you describe the genre for Clueless (1995) in one phrase?,id:movies:movie::92264,0
How would you describe the genre for Clueless (1995) in one phrase?,id:movies:movie::96,0
How would you describe the genre for Clueless (1995) in one phrase?,id:movies:movie::407,0
Is When Night Is Falling categorized as a drama romance film?,id:movies:movie::381,0
Is When Night Is Falling categorized as a drama romance film?,id:movies:movie::922,0
Is When Night Is Falling categorized as a drama romance film?,id:movies:movie::6273,0
What year is indicated in the title Clueless (1995)?,id:movies:movie::115122,0
What year is indicated in the title Clueless (1995)?,id:movies:movie::96,1
What year is indicated in the title Clueless (1995)?,id:movies:movie::407,1
What is the title of the 1995 drama romance film mentioned in the document?,id:movies:movie::4061,0
What is the title of the 1995 drama romance film mentioned in the document?,id:movies:movie::111921,0
What is the title of the 1995 drama romance film mentioned in the document?,id:movies:movie::52668,0
What is the title of the 1995 drama romance film mentioned in the document?,id:movies:movie::4144,0
Which film from 1995 is described as drama and romance in the document?,id:movies:movie::6273,0
Which film from 1995 is described as drama and romance in the document?,id:movies:movie::4061,0
Which film from 1995 is described as drama and romance in the document?,id:movies:movie::6885,0
Which film from 1995 is described as drama and romance in the document?,id:movies:movie::52668,0
What are the two genres listed for When Night Is Falling in the document?,id:movies:movie::177939,0
What are the two genres listed for When Night Is Falling in the document?,id:movies:movie::4061,0
What are the two genres listed for When Night Is Falling in the document?,id:movies:movie::38992,0
What year was the film Babe released?,id:movies:movie::496,0
What year was the film Babe released?,id:movies:movie::6517,2
What year was the film Babe released?,id:movies:movie::27899,0
What year was the film Babe released?,id:movies:movie::2384,1
"If you were describing the film using only its genres, what would you say about When Night Is Falling?",id:movies:movie::6515,0
"If you were describing the film using only its genres, what would you say about When Night Is Falling?",id:movies:movie::7569,0
"If you were describing the film using only its genres, what would you say about When Night Is Falling?",id:movies:movie::7013,1
What genres is Babe (1995) categorized under?,id:movies:movie::134004,0
What genres is Babe (1995) categorized under?,id:movies:movie::204,0
What genres is Babe (1995) categorized under?,id:movies:movie::5028,0
How would you classify When Night Is Falling (1995) in a film library by its genres?,id:movies:movie::6273,2
How would you classify When Night Is Falling (1995) in a film library by its genres?,id:movies:movie::164,0
How would you classify When Night Is Falling (1995) in a film library by its genres?,id:movies:movie::6515,0
What is the exact title of the film with the ID id:movies:movie::34?,id:movies:movie::164367,0
What is the exact title of the film with the ID id:movies:movie::34?,id:movies:movie::170875,0
What is the exact title of the film with the ID id:movies:movie::34?,id:movies:movie::7882,0
What is the exact title of the film with the ID id:movies:movie::34?,id:movies:movie::120478,0
Is Babe (1995) listed as a children's movie?,id:movies:movie::52730,0
Is Babe (1995) listed as a children's movie?,id:movies:movie::258,0
Is Babe (1995) listed as a children's movie?,id:movies:movie::2566,0
Is Babe (1995) listed as a children's movie?,id:movies:movie::6251,0
"What is the title of the 1995 film that blends comedy, drama, and romance?",id:movies:movie::4,2
In what year was Waiting to Exhale released?,id:movies:movie::4,2
What genres is Waiting to Exhale categorized under?,id:movies:movie::4,2
"Does Waiting to Exhale mix comedy, drama, and romance?",id:movies:movie::4,2
What is the document ID for the movie Waiting to Exhale in this dataset?,id:movies:movie::4,2
"Which film from 1995 has the genres Comedy, Drama, and Romance?",id:movies:movie::4,2
Is Waiting to Exhale described as a romance film?,id:movies:movie::4,2
What three genres are attributed to Waiting to Exhale in the document?,id:movies:movie::4,2
What are the five genres listed for Toy Story (1995)?,id:movies:movie::1,2
In what year was Toy Story (1995) released?,id:movies:movie::1,2
"Based on its genres, who is the intended audience for Toy Story (1995)?",id:movies:movie::1,2
"How is Toy Story (1995) categorized across its multiple genres: Adventure, Animation, Children, Comedy, and Fantasy?",id:movies:movie::1,2
What is the document ID of the Toy Story (1995) entry?,id:movies:movie::1,2
Which movie title is associated with the document entry id:movies:movie::1?,id:movies:movie::1,2
What year was Cutthroat Island released?,id:movies:movie::15,2
What genres classify Cutthroat Island?,id:movies:movie::15,2
"What is the title of the 1995 movie that combines action, adventure, and romance?",id:movies:movie::15,2
"Which 1995 film is categorized under Action, Adventure, and Romance and is titled Cutthroat Island?",id:movies:movie::15,2
How would you categorize the movie Cutthroat Island by genre?,id:movies:movie::15,2
What is the release year and the genre set for Cutthroat Island?,id:movies:movie::15,2
"Give me the film name that corresponds to the 1995 release with genres Action, Adventure, and Romance.",id:movies:movie::15,2
"What is the title of the 1995 film that blends comedy, drama, and romance?",id:movies:movie::11,2
Which 1995 movie has the title The American President?,id:movies:movie::11,2
Does The American President mix romance with comedy and drama?,id:movies:movie::11,2
What is the document ID for The American President?,id:movies:movie::11,2
Which film corresponds to the document ID id:movies:movie::11?,id:movies:movie::11,2
What is the exact title including the year as it appears in the record?,id:movies:movie::11,2
Would The American President be a good match for someone searching for a romance with comedy and drama from 1995?,id:movies:movie::11,2
What is the document ID for the Heat (1995) entry?,id:movies:movie::6,2
What is the exact title of the entry with documentid id:movies:movie::6?,id:movies:movie::6,2
Which genres describe the Heat film released in 1995?,id:movies:movie::6,2
What year is indicated in the Heat (1995) title?,id:movies:movie::6,2
"Is Heat (1995) categorized as Action, Crime, and Thriller?",id:movies:movie::6,2
Which fields are present for Heat (1995) in this document?,id:movies:movie::6,2
What is the value of the title field for Heat (1995)?,id:movies:movie::6,2
What are the basic details for Sudden Death (1995)?,id:movies:movie::9,2
Is Sudden Death released in 1995 an Action movie?,id:movies:movie::9,2
What genre does Sudden Death (1995) belong to?,id:movies:movie::9,2
When was the film Sudden Death released?,id:movies:movie::9,2
What is the document ID for Sudden Death (1995) in the catalog?,id:movies:movie::9,2
What is the exact title of the 1995 movie categorized as Action?,id:movies:movie::9,2
Which film in the dataset is titled Sudden Death and released in 1995?,id:movies:movie::9,2
Can you confirm the year and genre of Sudden Death?,id:movies:movie::9,2
Tell me about the movie Tom and Huck (1995).,id:movies:movie::8,2
What genres is Tom and Huck (1995) classified under?,id:movies:movie::8,2
Is Tom and Huck (1995) a children's film?,id:movies:movie::8,2
In what year was Tom and Huck released?,id:movies:movie::8,2
What is the document ID for Tom and Huck (1995)?,id:movies:movie::8,2
Does Tom and Huck (1995) belong to both Adventure and Children genres?,id:movies:movie::8,2
What is the exact title of the 1995 film tagged as Adventure and Children?,id:movies:movie::8,2
Could you provide details for the movie titled Tom and Huck released in 1995?,id:movies:movie::8,2
Is Sabrina from 1995 a comedy romance film?,id:movies:movie::7,2
What is the title Sabrina (1995) and which genres does it fall under?,id:movies:movie::7,2
Provide details for Sabrina (1995) in terms of its genre classification.,id:movies:movie::7,2
"In what year was Sabrina released, and what genres does it belong to?",id:movies:movie::7,2
Is Sabrina (1995) categorized as a romantic comedy?,id:movies:movie::7,2
How is Sabrina (1995) categorized in the dataset?,id:movies:movie::7,2
What can you tell me about the film Sabrina from 1995?,id:movies:movie::7,2
What is the title of the movie with document ID id:movies:movie::10?,id:movies:movie::10,2
What year is shown in the title GoldenEye (1995)?,id:movies:movie::10,2
What genres is GoldenEye (1995) classified under?,id:movies:movie::10,2
"Which movie in the dataset has the genres Action, Adventure, and Thriller?",id:movies:movie::10,2
What is the document ID for GoldenEye (1995)?,id:movies:movie::10,2
"Can you provide the basic details for GoldenEye (1995), including its genres?",id:movies:movie::10,2
Show me the dataset entry for GoldenEye (1995).,id:movies:movie::10,2
What is the title and release year of the film with ID id:movies:movie::16?,id:movies:movie::16,2
What genres is Casino (1995) listed under?,id:movies:movie::16,2
When was the movie Casino released?,id:movies:movie::16,2
What is the document ID for the film Casino (1995)?,id:movies:movie::16,2
Does the dataset classify Casino (1995) as both crime and drama?,id:movies:movie::16,2
What is the embedded year in the title Casino (1995)?,id:movies:movie::16,2
"Provide basic information about the film Casino (1995), including its genres.",id:movies:movie::16,2
What genre is Nixon (1995) listed as in this record?,id:movies:movie::14,2
What year is shown in the Nixon (1995) movie title?,id:movies:movie::14,2
What is the document id for Nixon (1995)?,id:movies:movie::14,2
Which metadata fields are provided for Nixon (1995)?,id:movies:movie::14,2
Is Nixon (1995) categorized under the drama genre?,id:movies:movie::14,2
What is the exact film title for the entry with document id id:movies:movie::14?,id:movies:movie::14,2
What is the value of the genres field for Nixon (1995)?,id:movies:movie::14,2
Which film entry has the title Nixon (1995) and is labeled as Drama?,id:movies:movie::14,2
What genres are associated with Jumanji (1995)?,id:movies:movie::2,2
List all genres for the film Jumanji (1995).,id:movies:movie::2,2
"Does Jumanji (1995) blend adventure, children, and fantasy?",id:movies:movie::2,2
Which audience category is indicated for Jumanji (1995) by its genres?,id:movies:movie::2,2
How many genres does the Jumanji (1995) entry include?,id:movies:movie::2,2
What three genres describe Jumanji (1995) in the document?,id:movies:movie::2,2
Is Jumanji (1995) described as a children's fantasy adventure?,id:movies:movie::2,2
What is the exact movie title used in the document and what genres accompany it?,id:movies:movie::2,2
Tell me about the movie Father of the Bride Part II from 1995.,id:movies:movie::5,2
Is Father of the Bride Part II a comedy film?,id:movies:movie::5,2
What does the 'Part II' in Father of the Bride Part II (1995) signify?,id:movies:movie::5,2
What is the release year for Father of the Bride Part II?,id:movies:movie::5,2
What is the title and year of the comedy film listed as id:movies:movie::5?,id:movies:movie::5,2
Which film in this dataset is Father of the Bride Part II and what genre does it belong to?,id:movies:movie::5,2
What is the document ID for the Father of the Bride Part II movie entry?,id:movies:movie::5,2
What genres is Balto (1995) categorized under?,id:movies:movie::13,2
In what year was Balto released and what genres does it belong to?,id:movies:movie::13,2
What is the catalog document ID for Balto (1995)?,id:movies:movie::13,2
Is Balto (1995) described as an animated adventure movie for children?,id:movies:movie::13,2
List the exact genres assigned to Balto (1995).,id:movies:movie::13,2
What is the title of the movie with the document identifier id:movies:movie::13?,id:movies:movie::13,2
How would you classify Balto (1995) in a movie database by genre and audience?,id:movies:movie::13,2
What is Balto (1995) best described as within this dataset?,id:movies:movie::13,2
What is the document ID for Dracula: Dead and Loving It (1995)?,id:movies:movie::12,2
What is the title of the movie identified by id:movies:movie::12?,id:movies:movie::12,2
"Is Dracula: Dead and Loving It a comedy, a horror film, or both?",id:movies:movie::12,2
Which movie in the dataset has the title Dracula: Dead and Loving It and the release year 1995?,id:movies:movie::12,2
How is Dracula: Dead and Loving It categorized in terms of genre?,id:movies:movie::12,2
What fields are used to describe Dracula: Dead and Loving It in this document?,id:movies:movie::12,2
What genres are listed for Grumpier Old Men (1995) in this document?,id:movies:movie::3,2
In what year does the title Grumpier Old Men indicate the film was released?,id:movies:movie::3,2
How is Grumpier Old Men categorized in terms of genre in this entry?,id:movies:movie::3,2
What is the document ID associated with Grumpier Old Men?,id:movies:movie::3,2
What is the exact film title tied to documentid id:movies:movie::3?,id:movies:movie::3,2
Are the genres for Grumpier Old Men limited to Comedy and Romance?,id:movies:movie::3,2
Which movie entry has the title Grumpier Old Men?,id:movies:movie::3,2
What two genres are used to classify Grumpier Old Men in this record?,id:movies:movie::3,2
What genres does Sense and Sensibility (1995) belong to?,id:movies:movie::17,2
Is Sense and Sensibility (1995) classified as a romance drama film?,id:movies:movie::17,2
"What year was Sense and Sensibility released, and what genres does it have?",id:movies:movie::17,2
How is Sense and Sensibility (1995) categorized by genre?,id:movies:movie::17,2
Which genres describe the 1995 film Sense and Sensibility?,id:movies:movie::17,2
List the genres for Sense and Sensibility (1995).,id:movies:movie::17,2
What is the title of the 1995 movie that is a drama and romance?,id:movies:movie::17,2
Name the film released in 1995 that combines drama and romance.,id:movies:movie::17,2
What genre is Ace Ventura: When Nature Calls?,id:movies:movie::19,2
Is Ace Ventura: When Nature Calls a comedy film?,id:movies:movie::19,2
What is the release year and genre of Ace Ventura: When Nature Calls?,id:movies:movie::19,2
Which 1995 film is titled Ace Ventura: When Nature Calls?,id:movies:movie::19,2
How would you classify Ace Ventura: When Nature Calls as a movie?,id:movies:movie::19,2
What is the title of the 1995 comedy movie mentioned in the document?,id:movies:movie::19,2
What fields are listed for Ace Ventura: When Nature Calls in the document?,id:movies:movie::19,2
When was Get Shorty released?,id:movies:movie::21,2
What are the three genres associated with Get Shorty (1995)?,id:movies:movie::21,2
Is Get Shorty (1995) considered a multi-genre film?,id:movies:movie::21,2
How many genres are listed for Get Shorty (1995) in the document?,id:movies:movie::21,2
"What is the exact title of the 1995 film described as a comedy, crime, and thriller?",id:movies:movie::21,2
"Which movie title includes the year 1995 and is classified as comedy, crime, and thriller?",id:movies:movie::21,2
"Which movie from the document has the genres Comedy, Crime, and Thriller?",id:movies:movie::21,2
What genres describe the 1995 film Copycat?,id:movies:movie::22,2
Is Copycat (1995) primarily a horror or thriller movie?,id:movies:movie::22,2
What combinations of genres does Copycat include according to the document?,id:movies:movie::22,2
"Does Copycat (1995) include crime, drama, and mystery in its genre list?",id:movies:movie::22,2
How many genres are associated with Copycat (1995)?,id:movies:movie::22,2
What are all the genres tagged to the movie Copycat (1995)?,id:movies:movie::22,2
Under which genres is the film Copycat (1995) categorized in the dataset?,id:movies:movie::22,2
What is the title of the movie with document ID id:movies:movie::18?,id:movies:movie::18,2
In what year was Four Rooms released?,id:movies:movie::18,2
What genre is Four Rooms categorized under?,id:movies:movie::18,2
What is the document identifier for the film Four Rooms?,id:movies:movie::18,2
Is the film Four Rooms a comedy?,id:movies:movie::18,2
Which fields are listed for the movie Four Rooms in this document?,id:movies:movie::18,2
What is the combined title and year for the movie entry id:movies:movie::18?,id:movies:movie::18,2
"What is the full set of basic data shown for the movie with ID id:movies:movie::18 (title, year, genre)?",id:movies:movie::18,2
Which genres are listed for The City of Lost Children?,id:movies:movie::29,2
What is the English title for the film known as Cité des enfants perdus?,id:movies:movie::29,2
Is The City of Lost Children a multi-genre film?,id:movies:movie::29,2
How many genres is The City of Lost Children categorized under?,id:movies:movie::29,2
What is the internal document ID for The City of Lost Children in the catalog?,id:movies:movie::29,2
Which film released in 1995 has the French title La Cité des enfants perdus?,id:movies:movie::29,2
What is the 1995 drama film Othello?,id:movies:movie::26,2
Is the movie Othello (1995) classified as drama?,id:movies:movie::26,2
When was the drama film Othello released?,id:movies:movie::26,2
What genre does the 1995 Othello film belong to?,id:movies:movie::26,2
Give me details about the film titled Othello that came out in 1995.,id:movies:movie::26,2
Which 1995 movie named Othello falls under the drama category?,id:movies:movie::26,2
What is the title of the 1995 drama movie Othello?,id:movies:movie::26,2
Describe the 1995 film Othello in terms of its film type and year.,id:movies:movie::26,2
When was Persuasion released?,id:movies:movie::28,2
Is Persuasion (1995) a drama or a romance?,id:movies:movie::28,2
What is the title of the 1995 drama romance film described in the document?,id:movies:movie::28,2
Find the film in the document that has the title Persuasion and was released in 1995.,id:movies:movie::28,2
What are the genres of the Persuasion movie listed in this record?,id:movies:movie::28,2
Which film in this dataset carries the title Persuasion with a 1995 release date?,id:movies:movie::28,2
What is the document ID for Persuasion (1995)?,id:movies:movie::28,2
What year was Twelve Monkeys released?,id:movies:movie::32,2
What is the alternate title for the movie Twelve Monkeys?,id:movies:movie::32,2
What genres is the movie Twelve Monkeys categorized under?,id:movies:movie::32,2
"Is the 1995 film Twelve Monkeys described as a mystery, sci-fi, thriller?",id:movies:movie::32,2
What is the full title format for the 1995 film known as Twelve Monkeys?,id:movies:movie::32,2
Which film from 1995 has the alias 12 Monkeys?,id:movies:movie::32,2
What are the three genres listed for the film Twelve Monkeys?,id:movies:movie::32,2
"How is the film entry for Twelve Monkeys structured in terms of title, alias, and year?",id:movies:movie::32,2
In what year was the movie Now and Then released?,id:movies:movie::27,2
What genres are listed for Now and Then?,id:movies:movie::27,2
Is Now and Then categorized as a children's film?,id:movies:movie::27,2
Which 1995 movie is classified as both Children and Drama?,id:movies:movie::27,2
What is the genre pair for Now and Then (1995)?,id:movies:movie::27,2
What is the document ID for the Now and Then movie entry?,id:movies:movie::27,2
Can you tell me about Now and Then from 1995 and its genres?,id:movies:movie::27,2
What is the title of the 1995 film that combines children's and drama genres?,id:movies:movie::27,2
When was Shanghai Triad released?,id:movies:movie::30,2
What genres is Shanghai Triad listed under?,id:movies:movie::30,2
What is the transliterated Chinese title shown for Shanghai Triad?,id:movies:movie::30,2
What is the document ID for the Shanghai Triad movie entry?,id:movies:movie::30,2
Is Shanghai Triad classified as a crime drama?,id:movies:movie::30,2
What year is shown in parentheses after Shanghai Triad in the listing?,id:movies:movie::30,2
Which film entry lists Crime and Drama as its genres and has the title Shanghai Triad?,id:movies:movie::30,2
What is the English title of the 1995 film that includes the transliterated Chinese title Yao a yao yao dao waipo qiao?,id:movies:movie::30,2
What year was the movie Dangerous Minds released?,id:movies:movie::31,2
What genre is the 1995 film Dangerous Minds?,id:movies:movie::31,2
What is the title of the movie identified as a 1995 drama?,id:movies:movie::31,2
Is Dangerous Minds classified as a drama in the document?,id:movies:movie::31,2
Please summarize the basic details for Dangerous Minds (1995).,id:movies:movie::31,2
How is Dangerous Minds (1995) described in terms of year and genre?,id:movies:movie::31,2
Which film named Dangerous Minds corresponds to the year 1995?,id:movies:movie::31,2
Could you confirm the film titled Dangerous Minds from 1995 as a drama?,id:movies:movie::31,2
Which genres does the 1995 film Money Train include?,id:movies:movie::20,2
"In what year was Money Train released, and what genres does it have?",id:movies:movie::20,2
Is Money Train categorized as an action movie?,id:movies:movie::20,2
How many genres are associated with Money Train?,id:movies:movie::20,2
List all genres attributed to the film Money Train (1995).,id:movies:movie::20,2
What is the genre mix for Money Train (1995)?,id:movies:movie::20,2
"Besides drama, what other genres are listed for Money Train?",id:movies:movie::20,2
What genres describe Leaving Las Vegas (1995)?,id:movies:movie::25,2
Is Leaving Las Vegas categorized as a drama or romance film?,id:movies:movie::25,2
What genres are listed for the movie Leaving Las Vegas?,id:movies:movie::25,2
What is the document ID for Leaving Las Vegas (1995)?,id:movies:movie::25,2
What is the exact title and year of the drama romance film in this document?,id:movies:movie::25,2
Provide a metadata snapshot for Leaving Las Vegas (1995) including title and genres.,id:movies:movie::25,2
What year is shown in the film's title Leaving Las Vegas (1995)?,id:movies:movie::25,2
What genres are associated with the 1995 film Assassins?,id:movies:movie::23,2
When was the movie Assassins released and what genres does it belong to?,id:movies:movie::23,2
"Is the 1995 film Assassins an Action, Crime, and Thriller?",id:movies:movie::23,2
Which genres describe the film titled Assassins from 1995?,id:movies:movie::23,2
Tell me about the movie Assassins (1995) focusing on its genre category.,id:movies:movie::23,2
What is the title and genre classification of the 1995 film listed as Assassins?,id:movies:movie::23,2
I’m looking for the 1995 action thriller called Assassins; what genres does it cover?,id:movies:movie::23,2
Provide the genre grouping for the film Assassins (1995) and confirm its year.,id:movies:movie::23,2
Is Powder (1995) a drama or a science fiction film?,id:movies:movie::24,2
What are the genres for Powder (1995) and its release year?,id:movies:movie::24,2
What is the document ID for Powder?,id:movies:movie::24,2
How is Powder listed in the document in terms of title and genres?,id:movies:movie::24,2
Which film in the dataset has the title Powder and what genres does it belong to?,id:movies:movie::24,2
"Could you tell me the title, year, and genres of the Powder entry?",id:movies:movie::24,2
"What is the Cry, the Beloved Country film from 1995 classified as in terms of genre?",id:movies:movie::40,2
"In what year was Cry, the Beloved Country released and what genre does it belong to?",id:movies:movie::40,2
"Show me the film entry for Cry, the Beloved Country from 1995.",id:movies:movie::40,2
"What is the dataset record ID for Cry, the Beloved Country?",id:movies:movie::40,2
"Provide the title and genre for the movie Cry, the Beloved Country.",id:movies:movie::40,2
"Which 1995 movie has the title Cry, the Beloved Country and is categorized as Drama?",id:movies:movie::40,2
"Is Cry, the Beloved Country (1995) listed as a Drama film?",id:movies:movie::40,2
"What are the basic attributes of Cry, the Beloved Country in this document (title, year, genre)?",id:movies:movie::40,2
What is the title and release year of the movie described by the record id:movies:movie::42?,id:movies:movie::42,2
"Is Dead Presidents categorized in this entry as Action, Crime, and Drama?",id:movies:movie::42,2
What is the internal document ID for Dead Presidents (1995)?,id:movies:movie::42,2
"How many genres are associated with Dead Presidents (1995), and what are they?",id:movies:movie::42,2
What year is shown in the film's title Dead Presidents (1995)?,id:movies:movie::42,2
What is the exact title of the film as stored in the dataset entry with ID id:movies:movie::42?,id:movies:movie::42,2
In which collection is the movie Dead Presidents stored according to its document ID structure?,id:movies:movie::42,2
What is the document ID for the movie It Takes Two?,id:movies:movie::38,2
What is the exact title and release year of the movie listed as id:movies:movie::38?,id:movies:movie::38,2
What genres are assigned to It Takes Two in the document?,id:movies:movie::38,2
Is the film It Takes Two categorized as a children's movie in the document?,id:movies:movie::38,2
Which film in the document is described as a 1995 children's comedy?,id:movies:movie::38,2
Which movie has the genres 'Children' and 'Comedy' in the provided document?,id:movies:movie::38,2
What year is associated with It Takes Two in the document?,id:movies:movie::38,2
What is the full listing for the movie It Takes Two including its genres?,id:movies:movie::38,2
Was Pocahontas released in 1995 as an animated film?,id:movies:movie::48,2
Does Pocahontas (1995) fall under the romance genre?,id:movies:movie::48,2
Which audience category is indicated for Pocahontas (1995) by its genres?,id:movies:movie::48,2
Is drama one of the genres for Pocahontas (1995)?,id:movies:movie::48,2
Are Animation and Children both listed among Pocahontas (1995)'s genres?,id:movies:movie::48,2
"What is the title of the 1995 film that combines animation, children, drama, musical, and romance?",id:movies:movie::48,2
What genres are listed for the film 'To Die For' (1995)?,id:movies:movie::45,2
What year was 'To Die For' released?,id:movies:movie::45,2
"Which movie released in 1995 is categorized as Comedy, Drama, and Thriller?",id:movies:movie::45,2
What is the document ID of the movie 'To Die For' from 1995?,id:movies:movie::45,2
"Is 'To Die For' (1995) considered a comedy, a drama, and a thriller?",id:movies:movie::45,2
"What is the title of the 1995 movie that belongs to Comedy, Drama, and Thriller genres?",id:movies:movie::45,2
"Provide the title and year of the film that has genres Comedy, Drama and Thriller.",id:movies:movie::45,2
What are the three genres associated with 'To Die For' (1995)?,id:movies:movie::45,2
"What genres are listed for the 1995 film Seven, also known as Se7en?",id:movies:movie::47,2
What is the alternate title of the 1995 movie Seven?,id:movies:movie::47,2
In what year was Seven (a.k.a. Se7en) released?,id:movies:movie::47,2
Is the film Seven categorized as Mystery and Thriller?,id:movies:movie::47,2
Which genres describe the 1995 movie Seven?,id:movies:movie::47,2
What is the full title of the film released in 1995 that is also called Se7en?,id:movies:movie::47,2
Does the document classify Seven as a mystery thriller?,id:movies:movie::47,2
What two genres are associated with the film Seven (1995) in the document?,id:movies:movie::47,2
What is Restoration (1995)?,id:movies:movie::43,2
Is Restoration from 1995 classified as a drama film?,id:movies:movie::43,2
In what year was the movie Restoration released?,id:movies:movie::43,2
What genre does Restoration (1995) belong to?,id:movies:movie::43,2
What is the catalog ID for the film Restoration?,id:movies:movie::43,2
Which movie in the catalog has the ID id:movies:movie::43 and is titled Restoration?,id:movies:movie::43,2
What is the exact title of the film with the catalog ID id:movies:movie::43?,id:movies:movie::43,2
Provide the basic metadata for Restoration (1995): title and genre.,id:movies:movie::43,2
What genres does the 1995 film Richard III belong to?,id:movies:movie::41,2
In what year was Richard III released?,id:movies:movie::41,2
Is Richard III (1995) a drama or a war film?,id:movies:movie::41,2
How is the 1995 movie Richard III categorized by genre?,id:movies:movie::41,2
What is the title and the genre classification for the 1995 film Richard III?,id:movies:movie::41,2
Which genres are associated with Richard III (1995)?,id:movies:movie::41,2
How would you describe the 1995 Richard III in terms of its genre?,id:movies:movie::41,2
What film released in 1995 is titled Richard III and categorized as drama and war?,id:movies:movie::41,2
What is the title and release year of the film described in this document?,id:movies:movie::50,2
What genres is The Usual Suspects (1995) categorized under?,id:movies:movie::50,2
"Which 1995 film is described as Crime, Mystery, and Thriller?",id:movies:movie::50,2
What is the document ID for The Usual Suspects movie entry?,id:movies:movie::50,2
Is The Usual Suspects labeled as a crime thriller in this document?,id:movies:movie::50,2
"Can you provide the basic metadata for The Usual Suspects, including title, year, and genres?",id:movies:movie::50,2
What is the exact full title as listed in the document for the 1995 entry?,id:movies:movie::50,2
"If I’m searching for a film with Crime, Mystery, and Thriller genres, which movie from this document should I look at?",id:movies:movie::50,2
When was Mighty Aphrodite released?,id:movies:movie::52,2
What genres is Mighty Aphrodite categorized under?,id:movies:movie::52,2
"Does Mighty Aphrodite fall into comedy, drama, and romance?",id:movies:movie::52,2
"What is the 1995 film that has the genres Comedy, Drama, and Romance?",id:movies:movie::52,2
What year is written in the title Mighty Aphrodite?,id:movies:movie::52,2
List all genres associated with Mighty Aphrodite (1995).,id:movies:movie::52,2
What is the exact title of the 1995 movie described as a comedy-drama-romance?,id:movies:movie::52,2
Which film released in 1995 is titled Mighty Aphrodite?,id:movies:movie::52,2
What is the title and release year of the Crime Drama film listed in this document?,id:movies:movie::36,2
What genres are associated with Dead Man Walking (1995)?,id:movies:movie::36,2
In what year was Dead Man Walking released according to the document?,id:movies:movie::36,2
What is the exact film title shown for the document identifier id:movies:movie::36?,id:movies:movie::36,2
Which film in the document has the title Dead Man Walking and is categorized as Crime and Drama?,id:movies:movie::36,2
Is Dead Man Walking classified under more than one genre in the document?,id:movies:movie::36,2
How is the film Dead Man Walking labeled in terms of genres and year in this record?,id:movies:movie::36,2
What genres are listed for Mortal Kombat (1995)?,id:movies:movie::44,2
Could you summarize the genre categories assigned to Mortal Kombat (1995)?,id:movies:movie::44,2
What year is indicated in the title Mortal Kombat (1995)?,id:movies:movie::44,2
"Is Mortal Kombat (1995) categorized as action, adventure, and fantasy?",id:movies:movie::44,2
What is the document ID for Mortal Kombat (1995) in this dataset?,id:movies:movie::44,2
What is the exact movie title and its genres for the entry with ID id:movies:movie::44?,id:movies:movie::44,2
How many genres is Mortal Kombat (1995) classified into?,id:movies:movie::44,2
"Provide the title, year, and genres for the Mortal Kombat entry as shown in the document.",id:movies:movie::44,2
When was the movie How to Make an American Quilt released?,id:movies:movie::46,2
What genres is How to Make an American Quilt categorized under?,id:movies:movie::46,2
What is the dataset identifier for How to Make an American Quilt?,id:movies:movie::46,2
What is the exact title of the 1995 drama romance film in this document?,id:movies:movie::46,2
Does this film belong to more than one genre?,id:movies:movie::46,2
What are the two genres attached to How to Make an American Quilt (1995)?,id:movies:movie::46,2
Is How to Make an American Quilt more of a drama or a romance?,id:movies:movie::46,2
Which movie in this record has the genres Drama and Romance and was released in 1995?,id:movies:movie::46,2
What genres does Clueless (1995) belong to?,id:movies:movie::39,2
"Is the 1995 film Clueless a comedy, a romance, or both?",id:movies:movie::39,2
What genre tags are listed for Clueless (1995)?,id:movies:movie::39,2
How would you classify the movie Clueless (1995) by genre?,id:movies:movie::39,2
Which document ID corresponds to Clueless (1995) and what genres are assigned to it?,id:movies:movie::39,2
Could you describe Clueless (1995) using its genre labels?,id:movies:movie::39,2
What are the two genres attached to the movie with the title Clueless (1995)?,id:movies:movie::39,2
What is the title of the film with ID id:movies:movie::39 and which genres does it include?,id:movies:movie::39,2
What is the title of the movie with document ID id:movies:movie::49?,id:movies:movie::49,2
What genres are listed for When Night Is Falling (1995)?,id:movies:movie::49,2
"Is When Night Is Falling categorized as a drama, a romance, or both?",id:movies:movie::49,2
Could you provide the basic metadata for the film When Night Is Falling?,id:movies:movie::49,2
Which film is described as a 1995 drama romance with the title When Night Is Falling?,id:movies:movie::49,2
How many genres are associated with When Night Is Falling according to the document?,id:movies:movie::49,2
What is the film's title as shown for the document ID id:movies:movie::49?,id:movies:movie::49,2
What genres is Babe (1995) listed under?,id:movies:movie::34,2
"What year is Babe released, according to its title Babe (1995)?",id:movies:movie::34,2
Would Babe (1995) be considered a children's movie based on its genres?,id:movies:movie::34,2
What is the document ID for Babe (1995) in this dataset?,id:movies:movie::34,2
What is the exact movie title and year for the entry id:movies:movie::34?,id:movies:movie::34,2
How is Babe (1995) categorized in the movie database—by genre alone?,id:movies:movie::34,2
What is the document ID for the movie Waiting to Exhale in this dataset?,id:movies:movie::102123,0
What is the document ID for the movie Waiting to Exhale in this dataset?,id:movies:movie::152270,0
What is the document ID for the movie Waiting to Exhale in this dataset?,id:movies:movie::4061,0
What genres is Waiting to Exhale categorized under?,id:movies:movie::134004,0
What genres is Waiting to Exhale categorized under?,id:movies:movie::5028,0
What genres is Waiting to Exhale categorized under?,id:movies:movie::95199,0
In what year was Waiting to Exhale released?,id:movies:movie::496,0
In what year was Waiting to Exhale released?,id:movies:movie::59421,0
In what year was Waiting to Exhale released?,id:movies:movie::115122,0
"Which film from 1995 has the genres Comedy, Drama, and Romance?",id:movies:movie::112749,0
"Which film from 1995 has the genres Comedy, Drama, and Romance?",id:movies:movie::1353,0
"Which film from 1995 has the genres Comedy, Drama, and Romance?",id:movies:movie::48032,0
"Which film from 1995 has the genres Comedy, Drama, and Romance?",id:movies:movie::11,2
What is the document ID for the movie Dead Man Walking?,id:movies:movie::336,0
What is the document ID for the movie Dead Man Walking?,id:movies:movie::6433,0
What is the document ID for the movie Dead Man Walking?,id:movies:movie::4061,0
"Does Waiting to Exhale mix comedy, drama, and romance?",id:movies:movie::5856,2
"Does Waiting to Exhale mix comedy, drama, and romance?",id:movies:movie::112749,2
"Does Waiting to Exhale mix comedy, drama, and romance?",id:movies:movie::7215,1
Is Waiting to Exhale described as a romance film?,id:movies:movie::922,0
Is Waiting to Exhale described as a romance film?,id:movies:movie::6273,0
Is Waiting to Exhale described as a romance film?,id:movies:movie::933,0
"What is the title of the 1995 film that blends comedy, drama, and romance?",id:movies:movie::5470,0
"What is the title of the 1995 film that blends comedy, drama, and romance?",id:movies:movie::95309,0
"What is the title of the 1995 film that blends comedy, drama, and romance?",id:movies:movie::61071,0
"What is the title of the 1995 film that blends comedy, drama, and romance?",id:movies:movie::26236,0
What three genres are attributed to Waiting to Exhale in the document?,id:movies:movie::105037,0
What three genres are attributed to Waiting to Exhale in the document?,id:movies:movie::7040,0
What three genres are attributed to Waiting to Exhale in the document?,id:movies:movie::946,0
"Based on its genres, who is the intended audience for Toy Story (1995)?",id:movies:movie::3114,2
"Based on its genres, who is the intended audience for Toy Story (1995)?",id:movies:movie::78499,2
"Based on its genres, who is the intended audience for Toy Story (1995)?",id:movies:movie::177939,0
Which movie title is associated with the document entry id:movies:movie::1?,id:movies:movie::164367,0
Which movie title is associated with the document entry id:movies:movie::1?,id:movies:movie::102852,0
Which movie title is associated with the document entry id:movies:movie::1?,id:movies:movie::6433,0
Which movie title is associated with the document entry id:movies:movie::1?,id:movies:movie::175475,0
What is the document ID of the Toy Story (1995) entry?,id:movies:movie::167772,0
What is the document ID of the Toy Story (1995) entry?,id:movies:movie::27820,0
What is the document ID of the Toy Story (1995) entry?,id:movies:movie::2961,0
What year was Cutthroat Island released?,id:movies:movie::496,0
What year was Cutthroat Island released?,id:movies:movie::34319,0
What year was Cutthroat Island released?,id:movies:movie::880,0
What are the five genres listed for Toy Story (1995)?,id:movies:movie::3114,0
What are the five genres listed for Toy Story (1995)?,id:movies:movie::78499,0
What are the five genres listed for Toy Story (1995)?,id:movies:movie::3326,0
In what year was Toy Story (1995) released?,id:movies:movie::3114,0
In what year was Toy Story (1995) released?,id:movies:movie::78499,0
In what year was Toy Story (1995) released?,id:movies:movie::496,0
What genres classify Cutthroat Island?,id:movies:movie::880,0
What genres classify Cutthroat Island?,id:movies:movie::34319,0
What genres classify Cutthroat Island?,id:movies:movie::337,0
How would you categorize the movie Cutthroat Island by genre?,id:movies:movie::82499,0
How would you categorize the movie Cutthroat Island by genre?,id:movies:movie::34319,0
How would you categorize the movie Cutthroat Island by genre?,id:movies:movie::3988,0
What is the release year and the genre set for Cutthroat Island?,id:movies:movie::173535,0
What is the release year and the genre set for Cutthroat Island?,id:movies:movie::3169,0
What is the release year and the genre set for Cutthroat Island?,id:movies:movie::3329,0
What is the release year and the genre set for Cutthroat Island?,id:movies:movie::160565,0
"Which 1995 film is categorized under Action, Adventure, and Romance and is titled Cutthroat Island?",id:movies:movie::940,0
"Which 1995 film is categorized under Action, Adventure, and Romance and is titled Cutthroat Island?",id:movies:movie::33681,0
"Which 1995 film is categorized under Action, Adventure, and Romance and is titled Cutthroat Island?",id:movies:movie::6588,0
"How is Toy Story (1995) categorized across its multiple genres: Adventure, Animation, Children, Comedy, and Fantasy?",id:movies:movie::3114,2
"How is Toy Story (1995) categorized across its multiple genres: Adventure, Animation, Children, Comedy, and Fantasy?",id:movies:movie::78499,2
"How is Toy Story (1995) categorized across its multiple genres: Adventure, Animation, Children, Comedy, and Fantasy?",id:movies:movie::3754,0
"What is the title of the 1995 movie that combines action, adventure, and romance?",id:movies:movie::940,0
"What is the title of the 1995 movie that combines action, adventure, and romance?",id:movies:movie::2406,0
"What is the title of the 1995 movie that combines action, adventure, and romance?",id:movies:movie::33681,0
"What is the title of the 1995 movie that combines action, adventure, and romance?",id:movies:movie::2405,0
Which 1995 movie has the title The American President?,id:movies:movie::175475,0
Which 1995 movie has the title The American President?,id:movies:movie::108932,0
Which 1995 movie has the title The American President?,id:movies:movie::167746,0
"Give me the film name that corresponds to the 1995 release with genres Action, Adventure, and Romance.",id:movies:movie::2406,0
"Give me the film name that corresponds to the 1995 release with genres Action, Adventure, and Romance.",id:movies:movie::940,0
"Give me the film name that corresponds to the 1995 release with genres Action, Adventure, and Romance.",id:movies:movie::146309,0
"Give me the film name that corresponds to the 1995 release with genres Action, Adventure, and Romance.",id:movies:movie::33681,0
What is the document ID for The American President?,id:movies:movie::173535,0
What is the document ID for The American President?,id:movies:movie::177939,0
What is the document ID for The American President?,id:movies:movie::27899,0
What is the exact title including the year as it appears in the record?,id:movies:movie::4061,2
What is the exact title including the year as it appears in the record?,id:movies:movie::3329,2
What is the exact title including the year as it appears in the record?,id:movies:movie::160565,2
What is the exact title including the year as it appears in the record?,id:movies:movie::111921,2
Which film corresponds to the document ID id:movies:movie::11?,id:movies:movie::91483,0
Which film corresponds to the document ID id:movies:movie::11?,id:movies:movie::86068,0
Which film corresponds to the document ID id:movies:movie::11?,id:movies:movie::47566,0
Which film corresponds to the document ID id:movies:movie::11?,id:movies:movie::26701,0
Does The American President mix romance with comedy and drama?,id:movies:movie::5856,2
Does The American President mix romance with comedy and drama?,id:movies:movie::112749,2
Does The American President mix romance with comedy and drama?,id:movies:movie::48032,2
What is the exact title of the entry with documentid id:movies:movie::6?,id:movies:movie::7882,0
What is the exact title of the entry with documentid id:movies:movie::6?,id:movies:movie::4518,0
What is the exact title of the entry with documentid id:movies:movie::6?,id:movies:movie::164367,0
What is the exact title of the entry with documentid id:movies:movie::6?,id:movies:movie::5470,0
What is the document ID for the Heat (1995) entry?,id:movies:movie::173535,0
What is the document ID for the Heat (1995) entry?,id:movies:movie::177939,0
What is the document ID for the Heat (1995) entry?,id:movies:movie::167772,0
What is the document ID for the Heat (1995) entry?,id:movies:movie::27899,0
Would The American President be a good match for someone searching for a romance with comedy and drama from 1995?,id:movies:movie::92665,1
Would The American President be a good match for someone searching for a romance with comedy and drama from 1995?,id:movies:movie::95309,1
Would The American President be a good match for someone searching for a romance with comedy and drama from 1995?,id:movies:movie::1564,1
What year is indicated in the Heat (1995) title?,id:movies:movie::1950,0
What year is indicated in the Heat (1995) title?,id:movies:movie::115122,0
What year is indicated in the Heat (1995) title?,id:movies:movie::96,0
What year is indicated in the Heat (1995) title?,id:movies:movie::407,0
What are the basic details for Sudden Death (1995)?,id:movies:movie::3326,0
What are the basic details for Sudden Death (1995)?,id:movies:movie::27899,0
What are the basic details for Sudden Death (1995)?,id:movies:movie::115122,0
What is the value of the title field for Heat (1995)?,id:movies:movie::173535,0
What is the value of the title field for Heat (1995)?,id:movies:movie::167772,0
What is the value of the title field for Heat (1995)?,id:movies:movie::2861,0
What is the value of the title field for Heat (1995)?,id:movies:movie::3674,0
Which genres describe the Heat film released in 1995?,id:movies:movie::1950,0
Which genres describe the Heat film released in 1995?,id:movies:movie::6273,0
Which genres describe the Heat film released in 1995?,id:movies:movie::164,0
Which genres describe the Heat film released in 1995?,id:movies:movie::999,0
"Is Heat (1995) categorized as Action, Crime, and Thriller?",id:movies:movie::3710,0
"Is Heat (1995) categorized as Action, Crime, and Thriller?",id:movies:movie::46335,0
"Is Heat (1995) categorized as Action, Crime, and Thriller?",id:movies:movie::23,0
Which fields are present for Heat (1995) in this document?,id:movies:movie::103685,0
Which fields are present for Heat (1995) in this document?,id:movies:movie::6760,0
Which fields are present for Heat (1995) in this document?,id:movies:movie::8765,0
What genre does Sudden Death (1995) belong to?,id:movies:movie::477,0
What is the document ID for Sudden Death (1995) in the catalog?,id:movies:movie::4061,0
What genre does Sudden Death (1995) belong to?,id:movies:movie::27899,0
What is the document ID for Sudden Death (1995) in the catalog?,id:movies:movie::115122,0
What genre does Sudden Death (1995) belong to?,id:movies:movie::115122,0
What is the document ID for Sudden Death (1995) in the catalog?,id:movies:movie::96,0
Is Sudden Death released in 1995 an Action movie?,id:movies:movie::3434,0
Is Sudden Death released in 1995 an Action movie?,id:movies:movie::3431,0
Is Sudden Death released in 1995 an Action movie?,id:movies:movie::3433,0
What is the exact title of the 1995 movie categorized as Action?,id:movies:movie::108932,0
What is the exact title of the 1995 movie categorized as Action?,id:movies:movie::167746,0
What is the exact title of the 1995 movie categorized as Action?,id:movies:movie::5064,0
What is the exact title of the 1995 movie categorized as Action?,id:movies:movie::3771,0
When was the film Sudden Death released?,id:movies:movie::8410,0
When was the film Sudden Death released?,id:movies:movie::1571,0
When was the film Sudden Death released?,id:movies:movie::49917,0
Can you confirm the year and genre of Sudden Death?,id:movies:movie::131724,0
Can you confirm the year and genre of Sudden Death?,id:movies:movie::7047,0
Can you confirm the year and genre of Sudden Death?,id:movies:movie::1652,0
Can you confirm the year and genre of Sudden Death?,id:movies:movie::2919,0
Which film in the dataset is titled Sudden Death and released in 1995?,id:movies:movie::6273,0
Which film in the dataset is titled Sudden Death and released in 1995?,id:movies:movie::96,0
Which film in the dataset is titled Sudden Death and released in 1995?,id:movies:movie::407,0
Which film in the dataset is titled Sudden Death and released in 1995?,id:movies:movie::175397,0
Tell me about the movie Tom and Huck (1995).,id:movies:movie::136503,0
Tell me about the movie Tom and Huck (1995).,id:movies:movie::127202,0
Tell me about the movie Tom and Huck (1995).,id:movies:movie::131130,0
In what year was Tom and Huck released?,id:movies:movie::131130,0
In what year was Tom and Huck released?,id:movies:movie::136503,0
In what year was Tom and Huck released?,id:movies:movie::496,0
What genres is Tom and Huck (1995) classified under?,id:movies:movie::131130,0
What genres is Tom and Huck (1995) classified under?,id:movies:movie::136503,0
What genres is Tom and Huck (1995) classified under?,id:movies:movie::134004,0
Is Tom and Huck (1995) a children's film?,id:movies:movie::258,0
Is Tom and Huck (1995) a children's film?,id:movies:movie::4896,0
Is Tom and Huck (1995) a children's film?,id:movies:movie::131130,0
What is the document ID for Tom and Huck (1995)?,id:movies:movie::131130,0
What is the document ID for Tom and Huck (1995)?,id:movies:movie::136503,0
What is the document ID for Tom and Huck (1995)?,id:movies:movie::173535,0
Does Tom and Huck (1995) belong to both Adventure and Children genres?,id:movies:movie::3754,0
Does Tom and Huck (1995) belong to both Adventure and Children genres?,id:movies:movie::2846,0
Does Tom and Huck (1995) belong to both Adventure and Children genres?,id:movies:movie::33681,0
What is the exact title of the 1995 film tagged as Adventure and Children?,id:movies:movie::3754,0
What is the exact title of the 1995 film tagged as Adventure and Children?,id:movies:movie::2846,0
What is the exact title of the 1995 film tagged as Adventure and Children?,id:movies:movie::33681,0
What is the exact title of the 1995 film tagged as Adventure and Children?,id:movies:movie::126142,0
Could you provide details for the movie titled Tom and Huck released in 1995?,id:movies:movie::96,0
Could you provide details for the movie titled Tom and Huck released in 1995?,id:movies:movie::407,0
Could you provide details for the movie titled Tom and Huck released in 1995?,id:movies:movie::4144,0
What is the title Sabrina (1995) and which genres does it fall under?,id:movies:movie::27899,0
What is the title Sabrina (1995) and which genres does it fall under?,id:movies:movie::477,0
What is the title Sabrina (1995) and which genres does it fall under?,id:movies:movie::5028,0
What is the title Sabrina (1995) and which genres does it fall under?,id:movies:movie::115122,0
What is the title of the movie with document ID id:movies:movie::10?,id:movies:movie::4518,0
"In what year was Sabrina released, and what genres does it belong to?",id:movies:movie::477,0
"In what year was Sabrina released, and what genres does it belong to?",id:movies:movie::115122,0
What is the title of the movie with document ID id:movies:movie::10?,id:movies:movie::164367,0
What is the title of the movie with document ID id:movies:movie::10?,id:movies:movie::175475,0
"In what year was Sabrina released, and what genres does it belong to?",id:movies:movie::496,0
"In what year was Sabrina released, and what genres does it belong to?",id:movies:movie::27899,0
What is the title of the movie with document ID id:movies:movie::10?,id:movies:movie::108932,0
Provide details for Sabrina (1995) in terms of its genre classification.,id:movies:movie::407,0
Provide details for Sabrina (1995) in terms of its genre classification.,id:movies:movie::1958,0
Provide details for Sabrina (1995) in terms of its genre classification.,id:movies:movie::96,0
Is Sabrina from 1995 a comedy romance film?,id:movies:movie::146024,0
What can you tell me about the film Sabrina from 1995?,id:movies:movie::3983,0
Is Sabrina from 1995 a comedy romance film?,id:movies:movie::915,2
What can you tell me about the film Sabrina from 1995?,id:movies:movie::6515,0
Is Sabrina from 1995 a comedy romance film?,id:movies:movie::8738,0
What can you tell me about the film Sabrina from 1995?,id:movies:movie::3326,0
What can you tell me about the film Sabrina from 1995?,id:movies:movie::25940,0
How is Sabrina (1995) categorized in the dataset?,id:movies:movie::96,0
How is Sabrina (1995) categorized in the dataset?,id:movies:movie::407,0
How is Sabrina (1995) categorized in the dataset?,id:movies:movie::46,0
Is Sabrina (1995) categorized as a romantic comedy?,id:movies:movie::1784,0
Is Sabrina (1995) categorized as a romantic comedy?,id:movies:movie::56837,0
Is Sabrina (1995) categorized as a romantic comedy?,id:movies:movie::5720,0
Is Sabrina (1995) categorized as a romantic comedy?,id:movies:movie::1300,0
What is the document ID for GoldenEye (1995)?,id:movies:movie::134004,0
What is the document ID for GoldenEye (1995)?,id:movies:movie::27899,0
What is the document ID for GoldenEye (1995)?,id:movies:movie::5028,0
What genres is GoldenEye (1995) classified under?,id:movies:movie::134004,0
What genres is GoldenEye (1995) classified under?,id:movies:movie::204,0
What genres is GoldenEye (1995) classified under?,id:movies:movie::5028,0
"Which movie in the dataset has the genres Action, Adventure, and Thriller?",id:movies:movie::95165,2
"Which movie in the dataset has the genres Action, Adventure, and Thriller?",id:movies:movie::170827,2
"Which movie in the dataset has the genres Action, Adventure, and Thriller?",id:movies:movie::5313,2
"Which movie in the dataset has the genres Action, Adventure, and Thriller?",id:movies:movie::91500,2
What is the title and release year of the film with ID id:movies:movie::16?,id:movies:movie::146028,0
What is the title and release year of the film with ID id:movies:movie::16?,id:movies:movie::147286,0
What is the title and release year of the film with ID id:movies:movie::16?,id:movies:movie::173535,0
What is the title and release year of the film with ID id:movies:movie::16?,id:movies:movie::131724,0
What year is shown in the title GoldenEye (1995)?,id:movies:movie::115122,0
What year is shown in the title GoldenEye (1995)?,id:movies:movie::96,1
What year is shown in the title GoldenEye (1995)?,id:movies:movie::407,1
"Can you provide the basic details for GoldenEye (1995), including its genres?",id:movies:movie::1934,0
"Can you provide the basic details for GoldenEye (1995), including its genres?",id:movies:movie::3983,0
"Can you provide the basic details for GoldenEye (1995), including its genres?",id:movies:movie::4831,0
Show me the dataset entry for GoldenEye (1995).,id:movies:movie::55620,0
Show me the dataset entry for GoldenEye (1995).,id:movies:movie::7034,0
Show me the dataset entry for GoldenEye (1995).,id:movies:movie::3674,0
What genres is Casino (1995) listed under?,id:movies:movie::134004,0
What genres is Casino (1995) listed under?,id:movies:movie::204,0
What genres is Casino (1995) listed under?,id:movies:movie::5028,0
When was the movie Casino released?,id:movies:movie::49917,0
When was the movie Casino released?,id:movies:movie::1571,0
When was the movie Casino released?,id:movies:movie::26059,0
When was the movie Casino released?,id:movies:movie::175475,0
"Provide basic information about the film Casino (1995), including its genres.",id:movies:movie::26701,0
"Provide basic information about the film Casino (1995), including its genres.",id:movies:movie::164,0
"Provide basic information about the film Casino (1995), including its genres.",id:movies:movie::7013,0
What is the document ID for the film Casino (1995)?,id:movies:movie::173535,0
What is the document ID for the film Casino (1995)?,id:movies:movie::177939,0
What is the document ID for the film Casino (1995)?,id:movies:movie::167772,0
What is the document ID for the film Casino (1995)?,id:movies:movie::27899,0
What genre is Nixon (1995) listed as in this record?,id:movies:movie::134004,0
What genre is Nixon (1995) listed as in this record?,id:movies:movie::102123,0
What genre is Nixon (1995) listed as in this record?,id:movies:movie::1288,0
What year is shown in the Nixon (1995) movie title?,id:movies:movie::115122,0
What year is shown in the Nixon (1995) movie title?,id:movies:movie::96,0
What year is shown in the Nixon (1995) movie title?,id:movies:movie::407,0
Which metadata fields are provided for Nixon (1995)?,id:movies:movie::103685,0
Which metadata fields are provided for Nixon (1995)?,id:movies:movie::1302,0
Which metadata fields are provided for Nixon (1995)?,id:movies:movie::31422,0
What is the document id for Nixon (1995)?,id:movies:movie::134004,0
What is the document id for Nixon (1995)?,id:movies:movie::27899,0
What is the document id for Nixon (1995)?,id:movies:movie::5028,0
Does the dataset classify Casino (1995) as both crime and drama?,id:movies:movie::2973,1
Does the dataset classify Casino (1995) as both crime and drama?,id:movies:movie::3169,1
Does the dataset classify Casino (1995) as both crime and drama?,id:movies:movie::46335,1
Is Nixon (1995) categorized under the drama genre?,id:movies:movie::4273,0
Is Nixon (1995) categorized under the drama genre?,id:movies:movie::6765,0
Is Nixon (1995) categorized under the drama genre?,id:movies:movie::1385,0
What is the exact film title for the entry with document id id:movies:movie::14?,id:movies:movie::164367,0
What is the exact film title for the entry with document id id:movies:movie::14?,id:movies:movie::173535,0
What is the exact film title for the entry with document id id:movies:movie::14?,id:movies:movie::177939,0
What is the exact film title for the entry with document id id:movies:movie::14?,id:movies:movie::27899,0
What is the embedded year in the title Casino (1995)?,id:movies:movie::4061,1
What is the embedded year in the title Casino (1995)?,id:movies:movie::115122,1
What is the embedded year in the title Casino (1995)?,id:movies:movie::3329,1
What is the embedded year in the title Casino (1995)?,id:movies:movie::96,2
Which film entry has the title Nixon (1995) and is labeled as Drama?,id:movies:movie::26701,0
Which film entry has the title Nixon (1995) and is labeled as Drama?,id:movies:movie::7926,0
Which film entry has the title Nixon (1995) and is labeled as Drama?,id:movies:movie::27692,0
List all genres for the film Jumanji (1995).,id:movies:movie::179401,0
List all genres for the film Jumanji (1995).,id:movies:movie::3338,0
List all genres for the film Jumanji (1995).,id:movies:movie::3674,0
What is the value of the genres field for Nixon (1995)?,id:movies:movie::173535,0
What is the value of the genres field for Nixon (1995)?,id:movies:movie::167772,0
What is the value of the genres field for Nixon (1995)?,id:movies:movie::2861,0
What is the value of the genres field for Nixon (1995)?,id:movies:movie::3674,0
What genres are associated with Jumanji (1995)?,id:movies:movie::3326,0
What genres are associated with Jumanji (1995)?,id:movies:movie::477,0
What genres are associated with Jumanji (1995)?,id:movies:movie::179401,0
"Does Jumanji (1995) blend adventure, children, and fantasy?",id:movies:movie::3754,2
"Does Jumanji (1995) blend adventure, children, and fantasy?",id:movies:movie::33681,2
"Does Jumanji (1995) blend adventure, children, and fantasy?",id:movies:movie::26510,2
How many genres does the Jumanji (1995) entry include?,id:movies:movie::179401,0
How many genres does the Jumanji (1995) entry include?,id:movies:movie::82499,0
How many genres does the Jumanji (1995) entry include?,id:movies:movie::31193,0
What three genres describe Jumanji (1995) in the document?,id:movies:movie::115122,0
Which audience category is indicated for Jumanji (1995) by its genres?,id:movies:movie::179401,1
What three genres describe Jumanji (1995) in the document?,id:movies:movie::96,0
Which audience category is indicated for Jumanji (1995) by its genres?,id:movies:movie::118326,0
What three genres describe Jumanji (1995) in the document?,id:movies:movie::407,0
Which audience category is indicated for Jumanji (1995) by its genres?,id:movies:movie::120761,0
Is Jumanji (1995) described as a children's fantasy adventure?,id:movies:movie::258,0
Is Jumanji (1995) described as a children's fantasy adventure?,id:movies:movie::3400,0
Is Jumanji (1995) described as a children's fantasy adventure?,id:movies:movie::27706,0
What is the release year for Father of the Bride Part II?,id:movies:movie::934,0
What is the release year for Father of the Bride Part II?,id:movies:movie::6944,0
What is the release year for Father of the Bride Part II?,id:movies:movie::182639,0
What does the 'Part II' in Father of the Bride Part II (1995) signify?,id:movies:movie::182639,0
What does the 'Part II' in Father of the Bride Part II (1995) signify?,id:movies:movie::3680,0
What does the 'Part II' in Father of the Bride Part II (1995) signify?,id:movies:movie::934,0
Tell me about the movie Father of the Bride Part II from 1995.,id:movies:movie::6944,0
Tell me about the movie Father of the Bride Part II from 1995.,id:movies:movie::934,0
Tell me about the movie Father of the Bride Part II from 1995.,id:movies:movie::182639,0
What is the title and year of the comedy film listed as id:movies:movie::5?,id:movies:movie::4518,0
What is the title and year of the comedy film listed as id:movies:movie::5?,id:movies:movie::27899,0
What is the title and year of the comedy film listed as id:movies:movie::5?,id:movies:movie::146028,0
What is the title and year of the comedy film listed as id:movies:movie::5?,id:movies:movie::115122,0
What is the document ID for the Father of the Bride Part II movie entry?,id:movies:movie::173535,0
What is the document ID for the Father of the Bride Part II movie entry?,id:movies:movie::182639,0
What is the document ID for the Father of the Bride Part II movie entry?,id:movies:movie::6944,0
What genres is Balto (1995) categorized under?,id:movies:movie::134004,0
What genres is Balto (1995) categorized under?,id:movies:movie::204,0
What genres is Balto (1995) categorized under?,id:movies:movie::5028,0
Is Father of the Bride Part II a comedy film?,id:movies:movie::934,1
What is the catalog document ID for Balto (1995)?,id:movies:movie::134004,0
In what year was Balto released and what genres does it belong to?,id:movies:movie::477,0
Is Father of the Bride Part II a comedy film?,id:movies:movie::6944,1
What is the catalog document ID for Balto (1995)?,id:movies:movie::27899,0
In what year was Balto released and what genres does it belong to?,id:movies:movie::115122,0
Is Father of the Bride Part II a comedy film?,id:movies:movie::3013,0
What is the catalog document ID for Balto (1995)?,id:movies:movie::5028,0
In what year was Balto released and what genres does it belong to?,id:movies:movie::496,0
In what year was Balto released and what genres does it belong to?,id:movies:movie::27899,0
Which film in this dataset is Father of the Bride Part II and what genre does it belong to?,id:movies:movie::6944,0
Which film in this dataset is Father of the Bride Part II and what genre does it belong to?,id:movies:movie::934,0
Which film in this dataset is Father of the Bride Part II and what genre does it belong to?,id:movies:movie::2008,0
Is Balto (1995) described as an animated adventure movie for children?,id:movies:movie::3674,0
Is Balto (1995) described as an animated adventure movie for children?,id:movies:movie::26510,0
Is Balto (1995) described as an animated adventure movie for children?,id:movies:movie::828,0
What is the exact movie title used in the document and what genres accompany it?,id:movies:movie::115122,2
What is the exact movie title used in the document and what genres accompany it?,id:movies:movie::27899,2
What is the exact movie title used in the document and what genres accompany it?,id:movies:movie::5028,2
What is the exact movie title used in the document and what genres accompany it?,id:movies:movie::134004,2
What is the title of the movie with the document identifier id:movies:movie::13?,id:movies:movie::7882,0
What is the title of the movie with the document identifier id:movies:movie::13?,id:movies:movie::120478,0
What is the title of the movie with the document identifier id:movies:movie::13?,id:movies:movie::120827,0
What is the title of the movie with the document identifier id:movies:movie::13?,id:movies:movie::127114,0
What is the document ID for Dracula: Dead and Loving It (1995)?,id:movies:movie::5028,0
What is the document ID for Dracula: Dead and Loving It (1995)?,id:movies:movie::303,0
What is the document ID for Dracula: Dead and Loving It (1995)?,id:movies:movie::173535,0
List the exact genres assigned to Balto (1995).,id:movies:movie::105037,0
List the exact genres assigned to Balto (1995).,id:movies:movie::45,0
List the exact genres assigned to Balto (1995).,id:movies:movie::203,0
What is the title of the movie identified by id:movies:movie::12?,id:movies:movie::7882,0
What is the title of the movie identified by id:movies:movie::12?,id:movies:movie::4518,0
What is the title of the movie identified by id:movies:movie::12?,id:movies:movie::141646,0
What is the title of the movie identified by id:movies:movie::12?,id:movies:movie::175475,0
What is Balto (1995) best described as within this dataset?,id:movies:movie::134004,0
What is Balto (1995) best described as within this dataset?,id:movies:movie::99117,0
What is Balto (1995) best described as within this dataset?,id:movies:movie::102123,0
Which movie in the dataset has the title Dracula: Dead and Loving It and the release year 1995?,id:movies:movie::3169,0
Which movie in the dataset has the title Dracula: Dead and Loving It and the release year 1995?,id:movies:movie::146309,0
Which movie in the dataset has the title Dracula: Dead and Loving It and the release year 1995?,id:movies:movie::126921,0
How is Dracula: Dead and Loving It categorized in terms of genre?,id:movies:movie::1958,0
How is Dracula: Dead and Loving It categorized in terms of genre?,id:movies:movie::4605,0
How is Dracula: Dead and Loving It categorized in terms of genre?,id:movies:movie::6324,0
How would you classify Balto (1995) in a movie database by genre and audience?,id:movies:movie::6155,0
How would you classify Balto (1995) in a movie database by genre and audience?,id:movies:movie::82499,0
How would you classify Balto (1995) in a movie database by genre and audience?,id:movies:movie::4357,0
"Is Dracula: Dead and Loving It a comedy, a horror film, or both?",id:movies:movie::116668,0
"Is Dracula: Dead and Loving It a comedy, a horror film, or both?",id:movies:movie::44773,0
"Is Dracula: Dead and Loving It a comedy, a horror film, or both?",id:movies:movie::27584,0
What fields are used to describe Dracula: Dead and Loving It in this document?,id:movies:movie::477,2
What fields are used to describe Dracula: Dead and Loving It in this document?,id:movies:movie::26527,2
What fields are used to describe Dracula: Dead and Loving It in this document?,id:movies:movie::7040,2
What is the exact film title tied to documentid id:movies:movie::3?,id:movies:movie::86068,0
What is the exact film title tied to documentid id:movies:movie::3?,id:movies:movie::91483,0
What is the exact film title tied to documentid id:movies:movie::3?,id:movies:movie::134004,0
What is the exact film title tied to documentid id:movies:movie::3?,id:movies:movie::27899,0
What is the document ID associated with Grumpier Old Men?,id:movies:movie::3450,0
What is the document ID associated with Grumpier Old Men?,id:movies:movie::141820,0
What is the document ID associated with Grumpier Old Men?,id:movies:movie::134004,0
What genres are listed for Grumpier Old Men (1995) in this document?,id:movies:movie::3450,0
What genres are listed for Grumpier Old Men (1995) in this document?,id:movies:movie::141820,0
What genres are listed for Grumpier Old Men (1995) in this document?,id:movies:movie::3326,0
How is Grumpier Old Men categorized in terms of genre in this entry?,id:movies:movie::1594,0
In what year does the title Grumpier Old Men indicate the film was released?,id:movies:movie::115122,0
How is Grumpier Old Men categorized in terms of genre in this entry?,id:movies:movie::6760,0
In what year does the title Grumpier Old Men indicate the film was released?,id:movies:movie::27899,0
How is Grumpier Old Men categorized in terms of genre in this entry?,id:movies:movie::3450,1
In what year does the title Grumpier Old Men indicate the film was released?,id:movies:movie::3450,1
Are the genres for Grumpier Old Men limited to Comedy and Romance?,id:movies:movie::3450,0
Are the genres for Grumpier Old Men limited to Comedy and Romance?,id:movies:movie::5829,1
Are the genres for Grumpier Old Men limited to Comedy and Romance?,id:movies:movie::453,1
Which movie entry has the title Grumpier Old Men?,id:movies:movie::3450,0
Which movie entry has the title Grumpier Old Men?,id:movies:movie::141820,0
Which movie entry has the title Grumpier Old Men?,id:movies:movie::1085,0
Is Sense and Sensibility (1995) classified as a romance drama film?,id:movies:movie::922,0
Is Sense and Sensibility (1995) classified as a romance drama film?,id:movies:movie::6273,0
Is Sense and Sensibility (1995) classified as a romance drama film?,id:movies:movie::1784,0
"What year was Sense and Sensibility released, and what genres does it have?",id:movies:movie::477,0
"What year was Sense and Sensibility released, and what genres does it have?",id:movies:movie::496,0
"What year was Sense and Sensibility released, and what genres does it have?",id:movies:movie::27899,0
What genres does Sense and Sensibility (1995) belong to?,id:movies:movie::477,1
What genres does Sense and Sensibility (1995) belong to?,id:movies:movie::27899,1
What genres does Sense and Sensibility (1995) belong to?,id:movies:movie::115122,0
What two genres are used to classify Grumpier Old Men in this record?,id:movies:movie::3450,0
What two genres are used to classify Grumpier Old Men in this record?,id:movies:movie::107408,0
What two genres are used to classify Grumpier Old Men in this record?,id:movies:movie::26527,0
How is Sense and Sensibility (1995) categorized by genre?,id:movies:movie::46,0
How is Sense and Sensibility (1995) categorized by genre?,id:movies:movie::148956,0
How is Sense and Sensibility (1995) categorized by genre?,id:movies:movie::4357,0
List the genres for Sense and Sensibility (1995).,id:movies:movie::173535,0
List the genres for Sense and Sensibility (1995).,id:movies:movie::3674,0
List the genres for Sense and Sensibility (1995).,id:movies:movie::4290,0
What is the title of the 1995 movie that is a drama and romance?,id:movies:movie::8667,0
What is the title of the 1995 movie that is a drama and romance?,id:movies:movie::177939,0
What is the title of the 1995 movie that is a drama and romance?,id:movies:movie::95309,0
What is the title of the 1995 movie that is a drama and romance?,id:movies:movie::105355,0
Which genres describe the 1995 film Sense and Sensibility?,id:movies:movie::26701,1
Which genres describe the 1995 film Sense and Sensibility?,id:movies:movie::7926,1
Which genres describe the 1995 film Sense and Sensibility?,id:movies:movie::164,0
What is the release year and genre of Ace Ventura: When Nature Calls?,id:movies:movie::1652,0
What is the release year and genre of Ace Ventura: When Nature Calls?,id:movies:movie::7047,0
What is the release year and genre of Ace Ventura: When Nature Calls?,id:movies:movie::2919,0
What is the title of the 1995 comedy movie mentioned in the document?,id:movies:movie::167772,2
Name the film released in 1995 that combines drama and romance.,id:movies:movie::6273,0
What is the title of the 1995 comedy movie mentioned in the document?,id:movies:movie::175475,0
Name the film released in 1995 that combines drama and romance.,id:movies:movie::52668,0
What is the title of the 1995 comedy movie mentioned in the document?,id:movies:movie::108932,0
Name the film released in 1995 that combines drama and romance.,id:movies:movie::6885,0
What is the title of the 1995 comedy movie mentioned in the document?,id:movies:movie::132584,0
Name the film released in 1995 that combines drama and romance.,id:movies:movie::4061,0
Which 1995 film is titled Ace Ventura: When Nature Calls?,id:movies:movie::32371,0
Which 1995 film is titled Ace Ventura: When Nature Calls?,id:movies:movie::49,0
Which 1995 film is titled Ace Ventura: When Nature Calls?,id:movies:movie::344,0
What genre is Ace Ventura: When Nature Calls?,id:movies:movie::344,2
What genre is Ace Ventura: When Nature Calls?,id:movies:movie::98160,2
What genre is Ace Ventura: When Nature Calls?,id:movies:movie::4893,0
What fields are listed for Ace Ventura: When Nature Calls in the document?,id:movies:movie::3736,0
What fields are listed for Ace Ventura: When Nature Calls in the document?,id:movies:movie::115122,0
What fields are listed for Ace Ventura: When Nature Calls in the document?,id:movies:movie::344,0
Is Ace Ventura: When Nature Calls a comedy film?,id:movies:movie::344,1
When was Get Shorty released?,id:movies:movie::49,0
Is Ace Ventura: When Nature Calls a comedy film?,id:movies:movie::98160,1
When was Get Shorty released?,id:movies:movie::1147,0
Is Ace Ventura: When Nature Calls a comedy film?,id:movies:movie::32371,0
When was Get Shorty released?,id:movies:movie::1307,0
How many genres are listed for Get Shorty (1995) in the document?,id:movies:movie::4605,0
How many genres are listed for Get Shorty (1995) in the document?,id:movies:movie::96,0
How many genres are listed for Get Shorty (1995) in the document?,id:movies:movie::407,0
How would you classify Ace Ventura: When Nature Calls as a movie?,id:movies:movie::4893,0
How would you classify Ace Ventura: When Nature Calls as a movie?,id:movies:movie::43904,0
How would you classify Ace Ventura: When Nature Calls as a movie?,id:movies:movie::344,1
What are the three genres associated with Get Shorty (1995)?,id:movies:movie::3326,0
What are the three genres associated with Get Shorty (1995)?,id:movies:movie::460,0
What are the three genres associated with Get Shorty (1995)?,id:movies:movie::27899,0
"Which movie title includes the year 1995 and is classified as comedy, crime, and thriller?",id:movies:movie::2973,0
"Which movie title includes the year 1995 and is classified as comedy, crime, and thriller?",id:movies:movie::3169,0
"Which movie title includes the year 1995 and is classified as comedy, crime, and thriller?",id:movies:movie::46335,0
"Which movie title includes the year 1995 and is classified as comedy, crime, and thriller?",id:movies:movie::27692,0
"What is the exact title of the 1995 film described as a comedy, crime, and thriller?",id:movies:movie::3169,0
"What is the exact title of the 1995 film described as a comedy, crime, and thriller?",id:movies:movie::45183,0
"What is the exact title of the 1995 film described as a comedy, crime, and thriller?",id:movies:movie::6584,0
"What is the exact title of the 1995 film described as a comedy, crime, and thriller?",id:movies:movie::81132,0
Is Get Shorty (1995) considered a multi-genre film?,id:movies:movie::164,0
Is Get Shorty (1995) considered a multi-genre film?,id:movies:movie::155812,0
Is Get Shorty (1995) considered a multi-genre film?,id:movies:movie::922,0
What combinations of genres does Copycat include according to the document?,id:movies:movie::27899,0
Is Copycat (1995) primarily a horror or thriller movie?,id:movies:movie::185029,2
What combinations of genres does Copycat include according to the document?,id:movies:movie::477,0
Is Copycat (1995) primarily a horror or thriller movie?,id:movies:movie::5556,2
Is Copycat (1995) primarily a horror or thriller movie?,id:movies:movie::6803,2
What combinations of genres does Copycat include according to the document?,id:movies:movie::115122,0
What combinations of genres does Copycat include according to the document?,id:movies:movie::105037,0
How many genres are associated with Copycat (1995)?,id:movies:movie::46,0
How many genres are associated with Copycat (1995)?,id:movies:movie::31193,0
How many genres are associated with Copycat (1995)?,id:movies:movie::143896,0
"Which movie from the document has the genres Comedy, Crime, and Thriller?",id:movies:movie::118082,2
"Which movie from the document has the genres Comedy, Crime, and Thriller?",id:movies:movie::3169,0
"Which movie from the document has the genres Comedy, Crime, and Thriller?",id:movies:movie::86892,0
"Which movie from the document has the genres Comedy, Crime, and Thriller?",id:movies:movie::33893,2
Under which genres is the film Copycat (1995) categorized in the dataset?,id:movies:movie::4061,0
Under which genres is the film Copycat (1995) categorized in the dataset?,id:movies:movie::999,0
Under which genres is the film Copycat (1995) categorized in the dataset?,id:movies:movie::96,0
Under which genres is the film Copycat (1995) categorized in the dataset?,id:movies:movie::407,0
"Does Copycat (1995) include crime, drama, and mystery in its genre list?",id:movies:movie::6885,0
"Does Copycat (1995) include crime, drama, and mystery in its genre list?",id:movies:movie::1711,0
"Does Copycat (1995) include crime, drama, and mystery in its genre list?",id:movies:movie::71033,0
What is the title of the movie with document ID id:movies:movie::18?,id:movies:movie::4518,0
What is the title of the movie with document ID id:movies:movie::18?,id:movies:movie::164367,0
What is the title of the movie with document ID id:movies:movie::18?,id:movies:movie::175475,0
What are all the genres tagged to the movie Copycat (1995)?,id:movies:movie::164367,0
What is the title of the movie with document ID id:movies:movie::18?,id:movies:movie::108932,0
What are all the genres tagged to the movie Copycat (1995)?,id:movies:movie::175475,0
What are all the genres tagged to the movie Copycat (1995)?,id:movies:movie::108932,0
What are all the genres tagged to the movie Copycat (1995)?,id:movies:movie::132584,0
What genres describe the 1995 film Copycat?,id:movies:movie::27899,0
What genres describe the 1995 film Copycat?,id:movies:movie::26701,1
What genres describe the 1995 film Copycat?,id:movies:movie::164,1
In what year was Four Rooms released?,id:movies:movie::496,0
In what year was Four Rooms released?,id:movies:movie::59421,0
In what year was Four Rooms released?,id:movies:movie::115122,0
What is the document identifier for the film Four Rooms?,id:movies:movie::173535,0
What is the document identifier for the film Four Rooms?,id:movies:movie::177939,0
What is the document identifier for the film Four Rooms?,id:movies:movie::27899,0
What is the document identifier for the film Four Rooms?,id:movies:movie::95858,0
What genre is Four Rooms categorized under?,id:movies:movie::134004,0
What genre is Four Rooms categorized under?,id:movies:movie::5028,0
What genre is Four Rooms categorized under?,id:movies:movie::7720,0
Is the film Four Rooms a comedy?,id:movies:movie::357,0
Is the film Four Rooms a comedy?,id:movies:movie::7720,0
Is the film Four Rooms a comedy?,id:movies:movie::5745,0
Which fields are listed for the movie Four Rooms in this document?,id:movies:movie::4144,0
Which fields are listed for the movie Four Rooms in this document?,id:movies:movie::103685,0
Which fields are listed for the movie Four Rooms in this document?,id:movies:movie::6760,0
What is the English title for the film known as Cité des enfants perdus?,id:movies:movie::173535,0
What is the English title for the film known as Cité des enfants perdus?,id:movies:movie::177939,0
What is the English title for the film known as Cité des enfants perdus?,id:movies:movie::27899,0
"What is the full set of basic data shown for the movie with ID id:movies:movie::18 (title, year, genre)?",id:movies:movie::173535,0
"What is the full set of basic data shown for the movie with ID id:movies:movie::18 (title, year, genre)?",id:movies:movie::164367,0
"What is the full set of basic data shown for the movie with ID id:movies:movie::18 (title, year, genre)?",id:movies:movie::3674,0
"What is the full set of basic data shown for the movie with ID id:movies:movie::18 (title, year, genre)?",id:movies:movie::1652,0
What is the combined title and year for the movie entry id:movies:movie::18?,id:movies:movie::173535,0
What is the combined title and year for the movie entry id:movies:movie::18?,id:movies:movie::3169,0
What is the combined title and year for the movie entry id:movies:movie::18?,id:movies:movie::3329,0
What is the combined title and year for the movie entry id:movies:movie::18?,id:movies:movie::108932,0
Which genres are listed for The City of Lost Children?,id:movies:movie::3674,0
Which genres are listed for The City of Lost Children?,id:movies:movie::6009,0
Which genres are listed for The City of Lost Children?,id:movies:movie::62376,0
How many genres is The City of Lost Children categorized under?,id:movies:movie::31193,0
How many genres is The City of Lost Children categorized under?,id:movies:movie::6009,0
How many genres is The City of Lost Children categorized under?,id:movies:movie::62376,0
Which film released in 1995 has the French title La Cité des enfants perdus?,id:movies:movie::6273,0
Which film released in 1995 has the French title La Cité des enfants perdus?,id:movies:movie::164,0
Which film released in 1995 has the French title La Cité des enfants perdus?,id:movies:movie::96,0
Is The City of Lost Children a multi-genre film?,id:movies:movie::6009,0
Is The City of Lost Children a multi-genre film?,id:movies:movie::3652,0
Is The City of Lost Children a multi-genre film?,id:movies:movie::62376,0
What is the internal document ID for The City of Lost Children in the catalog?,id:movies:movie::126142,0
What is the internal document ID for The City of Lost Children in the catalog?,id:movies:movie::3674,0
What is the internal document ID for The City of Lost Children in the catalog?,id:movies:movie::173535,0
When was the drama film Othello released?,id:movies:movie::2848,2
When was the drama film Othello released?,id:movies:movie::26701,0
When was the drama film Othello released?,id:movies:movie::7013,0
When was the drama film Othello released?,id:movies:movie::26059,0
Is the movie Othello (1995) classified as drama?,id:movies:movie::2848,1
Is the movie Othello (1995) classified as drama?,id:movies:movie::1784,0
Is the movie Othello (1995) classified as drama?,id:movies:movie::56837,0
What is the 1995 drama film Othello?,id:movies:movie::2848,1
What is the 1995 drama film Othello?,id:movies:movie::27899,0
What is the 1995 drama film Othello?,id:movies:movie::5028,0
Give me details about the film titled Othello that came out in 1995.,id:movies:movie::2066,0
Give me details about the film titled Othello that came out in 1995.,id:movies:movie::6273,0
Give me details about the film titled Othello that came out in 1995.,id:movies:movie::164,0
Give me details about the film titled Othello that came out in 1995.,id:movies:movie::999,0
What genre does the 1995 Othello film belong to?,id:movies:movie::27899,0
What genre does the 1995 Othello film belong to?,id:movies:movie::115122,0
What genre does the 1995 Othello film belong to?,id:movies:movie::477,0
What genre does the 1995 Othello film belong to?,id:movies:movie::105037,0
When was Persuasion released?,id:movies:movie::74508,2
When was Persuasion released?,id:movies:movie::49,0
When was Persuasion released?,id:movies:movie::1147,0
Describe the 1995 film Othello in terms of its film type and year.,id:movies:movie::6273,0
Describe the 1995 film Othello in terms of its film type and year.,id:movies:movie::164,0
Describe the 1995 film Othello in terms of its film type and year.,id:movies:movie::7013,0
Describe the 1995 film Othello in terms of its film type and year.,id:movies:movie::999,0
Which 1995 movie named Othello falls under the drama category?,id:movies:movie::2848,0
Which 1995 movie named Othello falls under the drama category?,id:movies:movie::4273,0
Which 1995 movie named Othello falls under the drama category?,id:movies:movie::6765,0
Is Persuasion (1995) a drama or a romance?,id:movies:movie::166291,0
Is Persuasion (1995) a drama or a romance?,id:movies:movie::8667,0
Is Persuasion (1995) a drama or a romance?,id:movies:movie::8738,0
What is the title of the 1995 drama movie Othello?,id:movies:movie::2848,0
What is the title of the 1995 drama movie Othello?,id:movies:movie::27899,0
What is the title of the 1995 drama movie Othello?,id:movies:movie::679,0
What is the title of the 1995 drama movie Othello?,id:movies:movie::167772,0
What is the title of the 1995 drama romance film described in the document?,id:movies:movie::4061,0
What is the title of the 1995 drama romance film described in the document?,id:movies:movie::111921,0
What is the title of the 1995 drama romance film described in the document?,id:movies:movie::52668,0
What is the title of the 1995 drama romance film described in the document?,id:movies:movie::4144,0
What is the document ID for Persuasion (1995)?,id:movies:movie::134004,0
What is the document ID for Persuasion (1995)?,id:movies:movie::27899,0
What is the document ID for Persuasion (1995)?,id:movies:movie::5028,0
What are the genres of the Persuasion movie listed in this record?,id:movies:movie::475,0
What are the genres of the Persuasion movie listed in this record?,id:movies:movie::1950,0
What are the genres of the Persuasion movie listed in this record?,id:movies:movie::117466,0
What are the genres of the Persuasion movie listed in this record?,id:movies:movie::30892,0
Find the film in the document that has the title Persuasion and was released in 1995.,id:movies:movie::4061,0
Find the film in the document that has the title Persuasion and was released in 1995.,id:movies:movie::96,0
Find the film in the document that has the title Persuasion and was released in 1995.,id:movies:movie::407,0
Find the film in the document that has the title Persuasion and was released in 1995.,id:movies:movie::111921,0
Which film in this dataset carries the title Persuasion with a 1995 release date?,id:movies:movie::2008,0
Which film in this dataset carries the title Persuasion with a 1995 release date?,id:movies:movie::6273,0
Which film in this dataset carries the title Persuasion with a 1995 release date?,id:movies:movie::164,0
Which film in this dataset carries the title Persuasion with a 1995 release date?,id:movies:movie::8765,0
What year was Twelve Monkeys released?,id:movies:movie::496,0
What year was Twelve Monkeys released?,id:movies:movie::3622,0
What year was Twelve Monkeys released?,id:movies:movie::4338,0
What genres is the movie Twelve Monkeys categorized under?,id:movies:movie::134004,0
What genres is the movie Twelve Monkeys categorized under?,id:movies:movie::3622,0
What genres is the movie Twelve Monkeys categorized under?,id:movies:movie::27899,0
What is the alternate title for the movie Twelve Monkeys?,id:movies:movie::173535,0
What is the alternate title for the movie Twelve Monkeys?,id:movies:movie::134019,0
What is the alternate title for the movie Twelve Monkeys?,id:movies:movie::108932,0
What is the alternate title for the movie Twelve Monkeys?,id:movies:movie::175475,0
Which film from 1995 has the alias 12 Monkeys?,id:movies:movie::25940,0
Which film from 1995 has the alias 12 Monkeys?,id:movies:movie::27002,0
Which film from 1995 has the alias 12 Monkeys?,id:movies:movie::26701,0
What is the full title format for the 1995 film known as Twelve Monkeys?,id:movies:movie::173535,0
What is the full title format for the 1995 film known as Twelve Monkeys?,id:movies:movie::134019,0
What is the full title format for the 1995 film known as Twelve Monkeys?,id:movies:movie::177939,0
"Is the 1995 film Twelve Monkeys described as a mystery, sci-fi, thriller?",id:movies:movie::26701,0
"Is the 1995 film Twelve Monkeys described as a mystery, sci-fi, thriller?",id:movies:movie::26887,0
"Is the 1995 film Twelve Monkeys described as a mystery, sci-fi, thriller?",id:movies:movie::184253,0
What are the three genres listed for the film Twelve Monkeys?,id:movies:movie::173535,0
What are the three genres listed for the film Twelve Monkeys?,id:movies:movie::134019,0
What are the three genres listed for the film Twelve Monkeys?,id:movies:movie::27899,0
What are the three genres listed for the film Twelve Monkeys?,id:movies:movie::3622,0
"How is the film entry for Twelve Monkeys structured in terms of title, alias, and year?",id:movies:movie::6273,0
"How is the film entry for Twelve Monkeys structured in terms of title, alias, and year?",id:movies:movie::173535,0
"How is the film entry for Twelve Monkeys structured in terms of title, alias, and year?",id:movies:movie::7047,0
In what year was the movie Now and Then released?,id:movies:movie::115122,0
In what year was the movie Now and Then released?,id:movies:movie::473,0
In what year was the movie Now and Then released?,id:movies:movie::6588,0
What genres are listed for Now and Then?,id:movies:movie::6588,0
What genres are listed for Now and Then?,id:movies:movie::4969,0
What genres are listed for Now and Then?,id:movies:movie::3326,0
What is the genre pair for Now and Then (1995)?,id:movies:movie::6588,0
What is the genre pair for Now and Then (1995)?,id:movies:movie::173535,0
What is the genre pair for Now and Then (1995)?,id:movies:movie::134004,0
Which 1995 movie is classified as both Children and Drama?,id:movies:movie::27692,0
Which 1995 movie is classified as both Children and Drama?,id:movies:movie::148775,0
Which 1995 movie is classified as both Children and Drama?,id:movies:movie::48,2
What is the document ID for the Now and Then movie entry?,id:movies:movie::173535,0
What is the document ID for the Now and Then movie entry?,id:movies:movie::3169,0
What is the document ID for the Now and Then movie entry?,id:movies:movie::103539,0
What is the title of the 1995 film that combines children's and drama genres?,id:movies:movie::7013,0
What is the title of the 1995 film that combines children's and drama genres?,id:movies:movie::69516,0
What is the title of the 1995 film that combines children's and drama genres?,id:movies:movie::3169,0
What is the title of the 1995 film that combines children's and drama genres?,id:movies:movie::3965,0
Is Now and Then categorized as a children's film?,id:movies:movie::4896,2
Is Now and Then categorized as a children's film?,id:movies:movie::5452,2
Is Now and Then categorized as a children's film?,id:movies:movie::953,2
Can you tell me about Now and Then from 1995 and its genres?,id:movies:movie::6588,0
Can you tell me about Now and Then from 1995 and its genres?,id:movies:movie::4969,0
Can you tell me about Now and Then from 1995 and its genres?,id:movies:movie::33880,0
When was Shanghai Triad released?,id:movies:movie::3390,0
When was Shanghai Triad released?,id:movies:movie::3624,0
When was Shanghai Triad released?,id:movies:movie::6156,0
What genres is Shanghai Triad listed under?,id:movies:movie::134004,0
What genres is Shanghai Triad listed under?,id:movies:movie::5028,0
What genres is Shanghai Triad listed under?,id:movies:movie::55112,0
What is the document ID for the Shanghai Triad movie entry?,id:movies:movie::173535,0
What is the document ID for the Shanghai Triad movie entry?,id:movies:movie::108932,0
What is the document ID for the Shanghai Triad movie entry?,id:movies:movie::175475,0
What is the document ID for the Shanghai Triad movie entry?,id:movies:movie::132584,0
What year is shown in parentheses after Shanghai Triad in the listing?,id:movies:movie::175397,0
What year is shown in parentheses after Shanghai Triad in the listing?,id:movies:movie::1950,0
What year is shown in parentheses after Shanghai Triad in the listing?,id:movies:movie::475,0
What year is shown in parentheses after Shanghai Triad in the listing?,id:movies:movie::117466,0
What is the transliterated Chinese title shown for Shanghai Triad?,id:movies:movie::134004,0
What is the transliterated Chinese title shown for Shanghai Triad?,id:movies:movie::27899,0
What is the transliterated Chinese title shown for Shanghai Triad?,id:movies:movie::5028,0
Which film entry lists Crime and Drama as its genres and has the title Shanghai Triad?,id:movies:movie::7926,0
Which film entry lists Crime and Drama as its genres and has the title Shanghai Triad?,id:movies:movie::2973,0
Which film entry lists Crime and Drama as its genres and has the title Shanghai Triad?,id:movies:movie::3169,0
Is Shanghai Triad classified as a crime drama?,id:movies:movie::3390,0
Is Shanghai Triad classified as a crime drama?,id:movies:movie::37731,0
Is Shanghai Triad classified as a crime drama?,id:movies:movie::8044,0
What year was the movie Dangerous Minds released?,id:movies:movie::2919,0
What year was the movie Dangerous Minds released?,id:movies:movie::496,0
What year was the movie Dangerous Minds released?,id:movies:movie::27899,0
What genre is the 1995 film Dangerous Minds?,id:movies:movie::134004,0
What genre is the 1995 film Dangerous Minds?,id:movies:movie::27899,0
What genre is the 1995 film Dangerous Minds?,id:movies:movie::5028,0
What is the title of the movie identified as a 1995 drama?,id:movies:movie::27899,0
What is the title of the movie identified as a 1995 drama?,id:movies:movie::8667,0
What is the title of the movie identified as a 1995 drama?,id:movies:movie::2691,0
What is the title of the movie identified as a 1995 drama?,id:movies:movie::679,2
Please summarize the basic details for Dangerous Minds (1995).,id:movies:movie::8487,0
Please summarize the basic details for Dangerous Minds (1995).,id:movies:movie::5421,0
Please summarize the basic details for Dangerous Minds (1995).,id:movies:movie::3674,0
What is the English title of the 1995 film that includes the transliterated Chinese title Yao a yao yao dao waipo qiao?,id:movies:movie::167772,0
What is the English title of the 1995 film that includes the transliterated Chinese title Yao a yao yao dao waipo qiao?,id:movies:movie::121253,0
What is the English title of the 1995 film that includes the transliterated Chinese title Yao a yao yao dao waipo qiao?,id:movies:movie::154358,0
Which film named Dangerous Minds corresponds to the year 1995?,id:movies:movie::2919,0
Which film named Dangerous Minds corresponds to the year 1995?,id:movies:movie::91483,0
Which film named Dangerous Minds corresponds to the year 1995?,id:movies:movie::86068,0
Which genres does the 1995 film Money Train include?,id:movies:movie::3424,0
Which genres does the 1995 film Money Train include?,id:movies:movie::2186,0
Which genres does the 1995 film Money Train include?,id:movies:movie::2375,0
Could you confirm the film titled Dangerous Minds from 1995 as a drama?,id:movies:movie::8044,0
Could you confirm the film titled Dangerous Minds from 1995 as a drama?,id:movies:movie::25940,0
Could you confirm the film titled Dangerous Minds from 1995 as a drama?,id:movies:movie::56837,0
"In what year was Money Train released, and what genres does it have?",id:movies:movie::115122,0
How is Dangerous Minds (1995) described in terms of year and genre?,id:movies:movie::2919,0
How is Dangerous Minds (1995) described in terms of year and genre?,id:movies:movie::1958,0
"In what year was Money Train released, and what genres does it have?",id:movies:movie::477,0
How is Dangerous Minds (1995) described in terms of year and genre?,id:movies:movie::407,0
"In what year was Money Train released, and what genres does it have?",id:movies:movie::496,0
Is Money Train categorized as an action movie?,id:movies:movie::1604,0
"In what year was Money Train released, and what genres does it have?",id:movies:movie::27899,0
Is Money Train categorized as an action movie?,id:movies:movie::162082,0
Is Money Train categorized as an action movie?,id:movies:movie::3710,0
How many genres are associated with Money Train?,id:movies:movie::76093,0
How many genres are associated with Money Train?,id:movies:movie::112175,0
How many genres are associated with Money Train?,id:movies:movie::31193,0
List all genres attributed to the film Money Train (1995).,id:movies:movie::91483,0
List all genres attributed to the film Money Train (1995).,id:movies:movie::105037,0
List all genres attributed to the film Money Train (1995).,id:movies:movie::86068,0
Is Dangerous Minds classified as a drama in the document?,id:movies:movie::127134,0
Is Dangerous Minds classified as a drama in the document?,id:movies:movie::89761,0
Is Dangerous Minds classified as a drama in the document?,id:movies:movie::6003,1
What is the genre mix for Money Train (1995)?,id:movies:movie::134004,0
What is the genre mix for Money Train (1995)?,id:movies:movie::27899,0
What is the genre mix for Money Train (1995)?,id:movies:movie::5028,0
What genres describe Leaving Las Vegas (1995)?,id:movies:movie::1461,0
What genres describe Leaving Las Vegas (1995)?,id:movies:movie::59421,0
What genres describe Leaving Las Vegas (1995)?,id:movies:movie::1602,0
What is the document ID for Leaving Las Vegas (1995)?,id:movies:movie::1461,0
What is the document ID for Leaving Las Vegas (1995)?,id:movies:movie::134004,0
What is the document ID for Leaving Las Vegas (1995)?,id:movies:movie::27899,0
Is Leaving Las Vegas categorized as a drama or romance film?,id:movies:movie::922,2
Is Leaving Las Vegas categorized as a drama or romance film?,id:movies:movie::6273,2
Is Leaving Las Vegas categorized as a drama or romance film?,id:movies:movie::1784,2
"Besides drama, what other genres are listed for Money Train?",id:movies:movie::26745,0
"Besides drama, what other genres are listed for Money Train?",id:movies:movie::3003,0
"Besides drama, what other genres are listed for Money Train?",id:movies:movie::58154,0
What genres are listed for the movie Leaving Las Vegas?,id:movies:movie::1461,0
What genres are listed for the movie Leaving Las Vegas?,id:movies:movie::3326,0
What genres are listed for the movie Leaving Las Vegas?,id:movies:movie::59421,0
What is the exact title and year of the drama romance film in this document?,id:movies:movie::2919,2
What is the exact title and year of the drama romance film in this document?,id:movies:movie::3329,2
What is the exact title and year of the drama romance film in this document?,id:movies:movie::4061,2
What is the exact title and year of the drama romance film in this document?,id:movies:movie::52668,2
Provide a metadata snapshot for Leaving Las Vegas (1995) including title and genres.,id:movies:movie::1461,0
Provide a metadata snapshot for Leaving Las Vegas (1995) including title and genres.,id:movies:movie::1884,0
Provide a metadata snapshot for Leaving Las Vegas (1995) including title and genres.,id:movies:movie::92665,0
What genres are associated with the 1995 film Assassins?,id:movies:movie::3326,0
What genres are associated with the 1995 film Assassins?,id:movies:movie::27899,0
What genres are associated with the 1995 film Assassins?,id:movies:movie::8600,0
What year is shown in the film's title Leaving Las Vegas (1995)?,id:movies:movie::59421,0
What year is shown in the film's title Leaving Las Vegas (1995)?,id:movies:movie::115122,0
What year is shown in the film's title Leaving Las Vegas (1995)?,id:movies:movie::96,0
When was the movie Assassins released and what genres does it belong to?,id:movies:movie::477,0
When was the movie Assassins released and what genres does it belong to?,id:movies:movie::27899,0
When was the movie Assassins released and what genres does it belong to?,id:movies:movie::95199,0
When was the movie Assassins released and what genres does it belong to?,id:movies:movie::115122,0
Tell me about the movie Assassins (1995) focusing on its genre category.,id:movies:movie::55620,0
Tell me about the movie Assassins (1995) focusing on its genre category.,id:movies:movie::109241,0
Tell me about the movie Assassins (1995) focusing on its genre category.,id:movies:movie::127202,0
"Is the 1995 film Assassins an Action, Crime, and Thriller?",id:movies:movie::26701,0
"Is the 1995 film Assassins an Action, Crime, and Thriller?",id:movies:movie::32587,0
"Is the 1995 film Assassins an Action, Crime, and Thriller?",id:movies:movie::81132,0
Which genres describe the film titled Assassins from 1995?,id:movies:movie::25940,0
Which genres describe the film titled Assassins from 1995?,id:movies:movie::26701,0
Which genres describe the film titled Assassins from 1995?,id:movies:movie::164,0
Provide the genre grouping for the film Assassins (1995) and confirm its year.,id:movies:movie::173535,0
Provide the genre grouping for the film Assassins (1995) and confirm its year.,id:movies:movie::154358,0
Provide the genre grouping for the film Assassins (1995) and confirm its year.,id:movies:movie::3169,0
Provide the genre grouping for the film Assassins (1995) and confirm its year.,id:movies:movie::3329,0
I’m looking for the 1995 action thriller called Assassins; what genres does it cover?,id:movies:movie::51545,0
I’m looking for the 1995 action thriller called Assassins; what genres does it cover?,id:movies:movie::2989,0
I’m looking for the 1995 action thriller called Assassins; what genres does it cover?,id:movies:movie::3681,0
Is Powder (1995) a drama or a science fiction film?,id:movies:movie::127298,0
Is Powder (1995) a drama or a science fiction film?,id:movies:movie::922,0
Is Powder (1995) a drama or a science fiction film?,id:movies:movie::8044,0
Is Powder (1995) a drama or a science fiction film?,id:movies:movie::166291,0
What is the document ID for Powder?,id:movies:movie::134004,0
What is the document ID for Powder?,id:movies:movie::27899,0
What is the document ID for Powder?,id:movies:movie::5028,0
What is the title and genre classification of the 1995 film listed as Assassins?,id:movies:movie::146028,0
What is the document ID for Powder?,id:movies:movie::115122,0
What is the title and genre classification of the 1995 film listed as Assassins?,id:movies:movie::167772,0
What is the title and genre classification of the 1995 film listed as Assassins?,id:movies:movie::147286,0
What is the title and genre classification of the 1995 film listed as Assassins?,id:movies:movie::173535,0
What are the genres for Powder (1995) and its release year?,id:movies:movie::173535,0
What are the genres for Powder (1995) and its release year?,id:movies:movie::3326,0
What are the genres for Powder (1995) and its release year?,id:movies:movie::27899,0
Which film in the dataset has the title Powder and what genres does it belong to?,id:movies:movie::115122,0
Which film in the dataset has the title Powder and what genres does it belong to?,id:movies:movie::27899,0
Which film in the dataset has the title Powder and what genres does it belong to?,id:movies:movie::477,0
Which film in the dataset has the title Powder and what genres does it belong to?,id:movies:movie::4061,0
How is Powder listed in the document in terms of title and genres?,id:movies:movie::1950,0
How is Powder listed in the document in terms of title and genres?,id:movies:movie::30892,0
How is Powder listed in the document in terms of title and genres?,id:movies:movie::475,0
How is Powder listed in the document in terms of title and genres?,id:movies:movie::117466,0
"Could you tell me the title, year, and genres of the Powder entry?",id:movies:movie::146028,0
"Could you tell me the title, year, and genres of the Powder entry?",id:movies:movie::147286,0
"Could you tell me the title, year, and genres of the Powder entry?",id:movies:movie::173535,0
"Could you tell me the title, year, and genres of the Powder entry?",id:movies:movie::131724,0
"What is the dataset record ID for Cry, the Beloved Country?",id:movies:movie::173535,0
"What is the dataset record ID for Cry, the Beloved Country?",id:movies:movie::177939,0
"What is the dataset record ID for Cry, the Beloved Country?",id:movies:movie::27899,0
"Provide the title and genre for the movie Cry, the Beloved Country.",id:movies:movie::173535,0
"Provide the title and genre for the movie Cry, the Beloved Country.",id:movies:movie::3169,0
"Provide the title and genre for the movie Cry, the Beloved Country.",id:movies:movie::126921,0
"In what year was Cry, the Beloved Country released and what genre does it belong to?",id:movies:movie::477,0
"Which 1995 movie has the title Cry, the Beloved Country and is categorized as Drama?",id:movies:movie::3169,0
"In what year was Cry, the Beloved Country released and what genre does it belong to?",id:movies:movie::115122,0
"Which 1995 movie has the title Cry, the Beloved Country and is categorized as Drama?",id:movies:movie::3211,0
"Which 1995 movie has the title Cry, the Beloved Country and is categorized as Drama?",id:movies:movie::8920,0
"In what year was Cry, the Beloved Country released and what genre does it belong to?",id:movies:movie::27899,0
"Show me the film entry for Cry, the Beloved Country from 1995.",id:movies:movie::55620,0
"Show me the film entry for Cry, the Beloved Country from 1995.",id:movies:movie::25940,0
"Show me the film entry for Cry, the Beloved Country from 1995.",id:movies:movie::86892,0
"What is the Cry, the Beloved Country film from 1995 classified as in terms of genre?",id:movies:movie::407,0
"What is the Cry, the Beloved Country film from 1995 classified as in terms of genre?",id:movies:movie::167772,0
"What is the Cry, the Beloved Country film from 1995 classified as in terms of genre?",id:movies:movie::3211,0
"Is Cry, the Beloved Country (1995) listed as a Drama film?",id:movies:movie::3211,0
"Is Cry, the Beloved Country (1995) listed as a Drama film?",id:movies:movie::36533,0
"Is Cry, the Beloved Country (1995) listed as a Drama film?",id:movies:movie::8920,0
"What are the basic attributes of Cry, the Beloved Country in this document (title, year, genre)?",id:movies:movie::3211,0
"What are the basic attributes of Cry, the Beloved Country in this document (title, year, genre)?",id:movies:movie::1950,0
"What are the basic attributes of Cry, the Beloved Country in this document (title, year, genre)?",id:movies:movie::117466,0
"How many genres are associated with Dead Presidents (1995), and what are they?",id:movies:movie::31422,0
"How many genres are associated with Dead Presidents (1995), and what are they?",id:movies:movie::52279,0
"How many genres are associated with Dead Presidents (1995), and what are they?",id:movies:movie::59131,0
What is the internal document ID for Dead Presidents (1995)?,id:movies:movie::134004,0
What is the internal document ID for Dead Presidents (1995)?,id:movies:movie::27899,0
What is the internal document ID for Dead Presidents (1995)?,id:movies:movie::5028,0
What is the title and release year of the movie described by the record id:movies:movie::42?,id:movies:movie::146028,0
What is the title and release year of the movie described by the record id:movies:movie::42?,id:movies:movie::173535,0
What is the title and release year of the movie described by the record id:movies:movie::42?,id:movies:movie::147286,0
What is the title and release year of the movie described by the record id:movies:movie::42?,id:movies:movie::131724,0
What is the exact title of the film as stored in the dataset entry with ID id:movies:movie::42?,id:movies:movie::4061,0
What is the exact title of the film as stored in the dataset entry with ID id:movies:movie::42?,id:movies:movie::4518,0
What is the exact title of the film as stored in the dataset entry with ID id:movies:movie::42?,id:movies:movie::164367,0
What is the exact title of the film as stored in the dataset entry with ID id:movies:movie::42?,id:movies:movie::111921,0
"Is Dead Presidents categorized in this entry as Action, Crime, and Drama?",id:movies:movie::7040,0
"Is Dead Presidents categorized in this entry as Action, Crime, and Drama?",id:movies:movie::27692,0
"Is Dead Presidents categorized in this entry as Action, Crime, and Drama?",id:movies:movie::2973,0
What is the document ID for the movie It Takes Two?,id:movies:movie::38992,0
What is the document ID for the movie It Takes Two?,id:movies:movie::108932,0
What is the document ID for the movie It Takes Two?,id:movies:movie::175475,0
Which movie has the genres 'Children' and 'Comedy' in the provided document?,id:movies:movie::126921,2
What genres are assigned to It Takes Two in the document?,id:movies:movie::6324,0
Which movie has the genres 'Children' and 'Comedy' in the provided document?,id:movies:movie::175475,2
What genres are assigned to It Takes Two in the document?,id:movies:movie::115122,0
Which movie has the genres 'Children' and 'Comedy' in the provided document?,id:movies:movie::108932,2
What genres are assigned to It Takes Two in the document?,id:movies:movie::477,0
Which movie has the genres 'Children' and 'Comedy' in the provided document?,id:movies:movie::132584,2
In which collection is the movie Dead Presidents stored according to its document ID structure?,id:movies:movie::44773,2
In which collection is the movie Dead Presidents stored according to its document ID structure?,id:movies:movie::4498,2
In which collection is the movie Dead Presidents stored according to its document ID structure?,id:movies:movie::2118,2
Which film in the document is described as a 1995 children's comedy?,id:movies:movie::258,2
Which film in the document is described as a 1995 children's comedy?,id:movies:movie::96,0
Which film in the document is described as a 1995 children's comedy?,id:movies:movie::127134,0
Which film in the document is described as a 1995 children's comedy?,id:movies:movie::2355,0
Is the film It Takes Two categorized as a children's movie in the document?,id:movies:movie::52730,0
Is the film It Takes Two categorized as a children's movie in the document?,id:movies:movie::60487,0
Is the film It Takes Two categorized as a children's movie in the document?,id:movies:movie::953,0
Is the film It Takes Two categorized as a children's movie in the document?,id:movies:movie::117368,0
What year is associated with It Takes Two in the document?,id:movies:movie::477,0
What year is associated with It Takes Two in the document?,id:movies:movie::5028,0
What year is associated with It Takes Two in the document?,id:movies:movie::6324,0
What is the exact title and release year of the movie listed as id:movies:movie::38?,id:movies:movie::146028,0
What is the exact title and release year of the movie listed as id:movies:movie::38?,id:movies:movie::147286,0
What is the exact title and release year of the movie listed as id:movies:movie::38?,id:movies:movie::173535,0
What is the exact title and release year of the movie listed as id:movies:movie::38?,id:movies:movie::131724,0
What year is shown in the film's title Dead Presidents (1995)?,id:movies:movie::115122,1
What year is shown in the film's title Dead Presidents (1995)?,id:movies:movie::96,2
What year is shown in the film's title Dead Presidents (1995)?,id:movies:movie::407,2
Was Pocahontas released in 1995 as an animated film?,id:movies:movie::6273,0
Was Pocahontas released in 1995 as an animated film?,id:movies:movie::164,0
Was Pocahontas released in 1995 as an animated film?,id:movies:movie::102823,0
What is the full listing for the movie It Takes Two including its genres?,id:movies:movie::38992,0
What is the full listing for the movie It Takes Two including its genres?,id:movies:movie::154358,0
What is the full listing for the movie It Takes Two including its genres?,id:movies:movie::108932,0
Does Pocahontas (1995) fall under the romance genre?,id:movies:movie::6765,2
Does Pocahontas (1995) fall under the romance genre?,id:movies:movie::1574,2
Does Pocahontas (1995) fall under the romance genre?,id:movies:movie::5856,2
Is drama one of the genres for Pocahontas (1995)?,id:movies:movie::2861,0
Is drama one of the genres for Pocahontas (1995)?,id:movies:movie::3674,0
Is drama one of the genres for Pocahontas (1995)?,id:movies:movie::113829,0
What year was 'To Die For' released?,id:movies:movie::496,0
What year was 'To Die For' released?,id:movies:movie::95199,0
What year was 'To Die For' released?,id:movies:movie::3546,0
What genres are listed for the film 'To Die For' (1995)?,id:movies:movie::3674,0
What genres are listed for the film 'To Die For' (1995)?,id:movies:movie::4290,0
What genres are listed for the film 'To Die For' (1995)?,id:movies:movie::95858,0
Which audience category is indicated for Pocahontas (1995) by its genres?,id:movies:movie::95193,1
Which audience category is indicated for Pocahontas (1995) by its genres?,id:movies:movie::118326,0
Which audience category is indicated for Pocahontas (1995) by its genres?,id:movies:movie::120761,0
What is the document ID of the movie 'To Die For' from 1995?,id:movies:movie::167772,0
What is the document ID of the movie 'To Die For' from 1995?,id:movies:movie::173535,0
What is the document ID of the movie 'To Die For' from 1995?,id:movies:movie::27002,0
Are Animation and Children both listed among Pocahontas (1995)'s genres?,id:movies:movie::95193,0
Are Animation and Children both listed among Pocahontas (1995)'s genres?,id:movies:movie::93208,0
Are Animation and Children both listed among Pocahontas (1995)'s genres?,id:movies:movie::76301,0
"What is the title of the 1995 film that combines animation, children, drama, musical, and romance?",id:movies:movie::783,2
"What is the title of the 1995 film that combines animation, children, drama, musical, and romance?",id:movies:movie::1064,1
"What is the title of the 1995 film that combines animation, children, drama, musical, and romance?",id:movies:movie::72737,1
"What is the title of the 1995 movie that belongs to Comedy, Drama, and Thriller genres?",id:movies:movie::3169,0
"What is the title of the 1995 movie that belongs to Comedy, Drama, and Thriller genres?",id:movies:movie::5064,0
"What is the title of the 1995 movie that belongs to Comedy, Drama, and Thriller genres?",id:movies:movie::27899,0
"Is 'To Die For' (1995) considered a comedy, a drama, and a thriller?",id:movies:movie::7040,0
"Is 'To Die For' (1995) considered a comedy, a drama, and a thriller?",id:movies:movie::78469,0
"Is 'To Die For' (1995) considered a comedy, a drama, and a thriller?",id:movies:movie::119828,0
"Which movie released in 1995 is categorized as Comedy, Drama, and Thriller?",id:movies:movie::57669,0
"Which movie released in 1995 is categorized as Comedy, Drama, and Thriller?",id:movies:movie::27692,0
"Which movie released in 1995 is categorized as Comedy, Drama, and Thriller?",id:movies:movie::96,1
"Which movie released in 1995 is categorized as Comedy, Drama, and Thriller?",id:movies:movie::4409,0
"Provide the title and year of the film that has genres Comedy, Drama and Thriller.",id:movies:movie::3169,1
"Provide the title and year of the film that has genres Comedy, Drama and Thriller.",id:movies:movie::7013,1
"Provide the title and year of the film that has genres Comedy, Drama and Thriller.",id:movies:movie::46335,1
"Provide the title and year of the film that has genres Comedy, Drama and Thriller.",id:movies:movie::3420,1
"What genres are listed for the 1995 film Seven, also known as Se7en?",id:movies:movie::6785,0
"What genres are listed for the 1995 film Seven, also known as Se7en?",id:movies:movie::3326,0
"What genres are listed for the 1995 film Seven, also known as Se7en?",id:movies:movie::27899,0
What are the three genres associated with 'To Die For' (1995)?,id:movies:movie::165,0
What are the three genres associated with 'To Die For' (1995)?,id:movies:movie::477,0
What are the three genres associated with 'To Die For' (1995)?,id:movies:movie::203,0
Which genres describe the 1995 movie Seven?,id:movies:movie::4359,0
Which genres describe the 1995 movie Seven?,id:movies:movie::31921,0
Which genres describe the 1995 movie Seven?,id:movies:movie::585,0
What is the alternate title of the 1995 movie Seven?,id:movies:movie::167772,0
What is the alternate title of the 1995 movie Seven?,id:movies:movie::162350,0
What is the alternate title of the 1995 movie Seven?,id:movies:movie::175475,0
What is the alternate title of the 1995 movie Seven?,id:movies:movie::108932,0
In what year was Seven (a.k.a. Se7en) released?,id:movies:movie::27899,0
In what year was Seven (a.k.a. Se7en) released?,id:movies:movie::5459,0
In what year was Seven (a.k.a. Se7en) released?,id:movies:movie::1580,0
What is Restoration (1995)?,id:movies:movie::134004,0
What is Restoration (1995)?,id:movies:movie::5028,0
What is Restoration (1995)?,id:movies:movie::90576,0
What is the full title of the film released in 1995 that is also called Se7en?,id:movies:movie::407,0
What is the full title of the film released in 1995 that is also called Se7en?,id:movies:movie::177939,0
What is the full title of the film released in 1995 that is also called Se7en?,id:movies:movie::167772,0
What is the full title of the film released in 1995 that is also called Se7en?,id:movies:movie::475,0
Is the film Seven categorized as Mystery and Thriller?,id:movies:movie::31921,2
Is the film Seven categorized as Mystery and Thriller?,id:movies:movie::26701,0
Is the film Seven categorized as Mystery and Thriller?,id:movies:movie::1212,0
Does the document classify Seven as a mystery thriller?,id:movies:movie::31921,1
Does the document classify Seven as a mystery thriller?,id:movies:movie::4517,0
Does the document classify Seven as a mystery thriller?,id:movies:movie::184253,0
What two genres are associated with the film Seven (1995) in the document?,id:movies:movie::164367,0
What two genres are associated with the film Seven (1995) in the document?,id:movies:movie::115122,0
What two genres are associated with the film Seven (1995) in the document?,id:movies:movie::96,0
What two genres are associated with the film Seven (1995) in the document?,id:movies:movie::999,0
In what year was the movie Restoration released?,id:movies:movie::115122,0
In what year was the movie Restoration released?,id:movies:movie::496,0
In what year was the movie Restoration released?,id:movies:movie::27899,0
In what year was the movie Restoration released?,id:movies:movie::59421,0
Is Restoration from 1995 classified as a drama film?,id:movies:movie::8044,0
Is Restoration from 1995 classified as a drama film?,id:movies:movie::25940,0
Is Restoration from 1995 classified as a drama film?,id:movies:movie::922,0
What genre does Restoration (1995) belong to?,id:movies:movie::477,0
What genre does Restoration (1995) belong to?,id:movies:movie::27899,0
What genre does Restoration (1995) belong to?,id:movies:movie::115122,0
What is the catalog ID for the film Restoration?,id:movies:movie::173535,0
What is the catalog ID for the film Restoration?,id:movies:movie::177939,0
What is the catalog ID for the film Restoration?,id:movies:movie::27899,0
What is the catalog ID for the film Restoration?,id:movies:movie::4290,0
Which movie in the catalog has the ID id:movies:movie::43 and is titled Restoration?,id:movies:movie::4061,0
Which movie in the catalog has the ID id:movies:movie::43 and is titled Restoration?,id:movies:movie::3169,0
Which movie in the catalog has the ID id:movies:movie::43 and is titled Restoration?,id:movies:movie::108932,0
Which movie in the catalog has the ID id:movies:movie::43 and is titled Restoration?,id:movies:movie::175475,0
What genres does the 1995 film Richard III belong to?,id:movies:movie::27899,0
What genres does the 1995 film Richard III belong to?,id:movies:movie::115122,0
What genres does the 1995 film Richard III belong to?,id:movies:movie::477,0
What is the exact title of the film with the catalog ID id:movies:movie::43?,id:movies:movie::164367,0
What is the exact title of the film with the catalog ID id:movies:movie::43?,id:movies:movie::134326,0
What is the exact title of the film with the catalog ID id:movies:movie::43?,id:movies:movie::135937,0
What is the exact title of the film with the catalog ID id:movies:movie::43?,id:movies:movie::170875,0
Provide the basic metadata for Restoration (1995): title and genre.,id:movies:movie::173535,0
Provide the basic metadata for Restoration (1995): title and genre.,id:movies:movie::3674,0
Provide the basic metadata for Restoration (1995): title and genre.,id:movies:movie::4290,0
In what year was Richard III released?,id:movies:movie::496,0
In what year was Richard III released?,id:movies:movie::59421,0
In what year was Richard III released?,id:movies:movie::115122,0
Is Richard III (1995) a drama or a war film?,id:movies:movie::3414,0
Is Richard III (1995) a drama or a war film?,id:movies:movie::32892,0
Is Richard III (1995) a drama or a war film?,id:movies:movie::5060,0
How is the 1995 movie Richard III categorized by genre?,id:movies:movie::3988,0
How is the 1995 movie Richard III categorized by genre?,id:movies:movie::6122,0
How is the 1995 movie Richard III categorized by genre?,id:movies:movie::52435,0
Which genres are associated with Richard III (1995)?,id:movies:movie::6122,0
Which genres are associated with Richard III (1995)?,id:movies:movie::31422,0
Which genres are associated with Richard III (1995)?,id:movies:movie::52279,0
What is the title and the genre classification for the 1995 film Richard III?,id:movies:movie::173535,0
What is the title and the genre classification for the 1995 film Richard III?,id:movies:movie::177939,0
What is the title and the genre classification for the 1995 film Richard III?,id:movies:movie::27899,0
What is the title and the genre classification for the 1995 film Richard III?,id:movies:movie::26701,0
What film released in 1995 is titled Richard III and categorized as drama and war?,id:movies:movie::27692,0
What film released in 1995 is titled Richard III and categorized as drama and war?,id:movies:movie::5975,0
What film released in 1995 is titled Richard III and categorized as drama and war?,id:movies:movie::1398,0
What genres is The Usual Suspects (1995) categorized under?,id:movies:movie::134004,0
What genres is The Usual Suspects (1995) categorized under?,id:movies:movie::27899,0
What genres is The Usual Suspects (1995) categorized under?,id:movies:movie::204,0
How would you describe the 1995 Richard III in terms of its genre?,id:movies:movie::123553,0
How would you describe the 1995 Richard III in terms of its genre?,id:movies:movie::407,0
How would you describe the 1995 Richard III in terms of its genre?,id:movies:movie::96,0
What is the document ID for The Usual Suspects movie entry?,id:movies:movie::173535,0
What is the document ID for The Usual Suspects movie entry?,id:movies:movie::108932,0
What is the document ID for The Usual Suspects movie entry?,id:movies:movie::175475,0
"Can you provide the basic metadata for The Usual Suspects, including title, year, and genres?",id:movies:movie::173535,0
"Can you provide the basic metadata for The Usual Suspects, including title, year, and genres?",id:movies:movie::3169,0
"Can you provide the basic metadata for The Usual Suspects, including title, year, and genres?",id:movies:movie::146309,0
Is The Usual Suspects labeled as a crime thriller in this document?,id:movies:movie::90528,0
Is The Usual Suspects labeled as a crime thriller in this document?,id:movies:movie::6885,0
Is The Usual Suspects labeled as a crime thriller in this document?,id:movies:movie::8831,0
What is the title and release year of the film described in this document?,id:movies:movie::2008,2
What is the title and release year of the film described in this document?,id:movies:movie::146028,2
What is the title and release year of the film described in this document?,id:movies:movie::147286,2
What is the title and release year of the film described in this document?,id:movies:movie::173535,2
"If I’m searching for a film with Crime, Mystery, and Thriller genres, which movie from this document should I look at?",id:movies:movie::7382,1
"If I’m searching for a film with Crime, Mystery, and Thriller genres, which movie from this document should I look at?",id:movies:movie::8765,1
"If I’m searching for a film with Crime, Mystery, and Thriller genres, which movie from this document should I look at?",id:movies:movie::26701,2
"If I’m searching for a film with Crime, Mystery, and Thriller genres, which movie from this document should I look at?",id:movies:movie::130482,2
"Which 1995 film is described as Crime, Mystery, and Thriller?",id:movies:movie::164,2
"Which 1995 film is described as Crime, Mystery, and Thriller?",id:movies:movie::130482,0
"Which 1995 film is described as Crime, Mystery, and Thriller?",id:movies:movie::4037,0
"Which 1995 film is described as Crime, Mystery, and Thriller?",id:movies:movie::4848,0
When was Mighty Aphrodite released?,id:movies:movie::2082,0
What genres is Mighty Aphrodite categorized under?,id:movies:movie::134004,0
When was Mighty Aphrodite released?,id:movies:movie::2310,0
What genres is Mighty Aphrodite categorized under?,id:movies:movie::5028,0
When was Mighty Aphrodite released?,id:movies:movie::2430,0
What genres is Mighty Aphrodite categorized under?,id:movies:movie::2082,0
What is the exact full title as listed in the document for the 1995 entry?,id:movies:movie::4061,0
What is the exact full title as listed in the document for the 1995 entry?,id:movies:movie::173535,0
What is the exact full title as listed in the document for the 1995 entry?,id:movies:movie::167772,2
What is the exact full title as listed in the document for the 1995 entry?,id:movies:movie::177939,0
List all genres associated with Mighty Aphrodite (1995).,id:movies:movie::181,0
List all genres associated with Mighty Aphrodite (1995).,id:movies:movie::2082,0
List all genres associated with Mighty Aphrodite (1995).,id:movies:movie::2310,0
"Does Mighty Aphrodite fall into comedy, drama, and romance?",id:movies:movie::5856,2
"Does Mighty Aphrodite fall into comedy, drama, and romance?",id:movies:movie::112749,2
"Does Mighty Aphrodite fall into comedy, drama, and romance?",id:movies:movie::82499,2
"What is the 1995 film that has the genres Comedy, Drama, and Romance?",id:movies:movie::1353,0
"What is the 1995 film that has the genres Comedy, Drama, and Romance?",id:movies:movie::11,2
"What is the 1995 film that has the genres Comedy, Drama, and Romance?",id:movies:movie::48032,0
"What is the 1995 film that has the genres Comedy, Drama, and Romance?",id:movies:movie::27899,0
Which film released in 1995 is titled Mighty Aphrodite?,id:movies:movie::6273,0
Which film released in 1995 is titled Mighty Aphrodite?,id:movies:movie::164,0
Which film released in 1995 is titled Mighty Aphrodite?,id:movies:movie::181,0
What year is written in the title Mighty Aphrodite?,id:movies:movie::115122,2
What year is written in the title Mighty Aphrodite?,id:movies:movie::4433,2
What year is written in the title Mighty Aphrodite?,id:movies:movie::134004,2
What is the title and release year of the Crime Drama film listed in this document?,id:movies:movie::2008,2
What is the title and release year of the Crime Drama film listed in this document?,id:movies:movie::7047,2
What is the title and release year of the Crime Drama film listed in this document?,id:movies:movie::3169,2
What is the title and release year of the Crime Drama film listed in this document?,id:movies:movie::69516,2
Which film in the document has the title Dead Man Walking and is categorized as Crime and Drama?,id:movies:movie::3169,0
Which film in the document has the title Dead Man Walking and is categorized as Crime and Drama?,id:movies:movie::4061,0
Which film in the document has the title Dead Man Walking and is categorized as Crime and Drama?,id:movies:movie::1711,0
What is the exact title of the 1995 movie described as a comedy-drama-romance?,id:movies:movie::95309,0
What is the exact title of the 1995 movie described as a comedy-drama-romance?,id:movies:movie::6266,0
In what year was Dead Man Walking released according to the document?,id:movies:movie::336,0
What is the exact title of the 1995 movie described as a comedy-drama-romance?,id:movies:movie::1784,0
In what year was Dead Man Walking released according to the document?,id:movies:movie::115122,0
What is the exact title of the 1995 movie described as a comedy-drama-romance?,id:movies:movie::11,2
In what year was Dead Man Walking released according to the document?,id:movies:movie::137,0
What genres are associated with Dead Man Walking (1995)?,id:movies:movie::336,0
What genres are associated with Dead Man Walking (1995)?,id:movies:movie::714,0
What genres are associated with Dead Man Walking (1995)?,id:movies:movie::94735,0
What is the exact film title shown for the document identifier id:movies:movie::36?,id:movies:movie::173535,0
What is the exact film title shown for the document identifier id:movies:movie::36?,id:movies:movie::177939,0
What is the exact film title shown for the document identifier id:movies:movie::36?,id:movies:movie::27899,0
What is the exact film title shown for the document identifier id:movies:movie::36?,id:movies:movie::26701,0
How is the film Dead Man Walking labeled in terms of genres and year in this record?,id:movies:movie::6273,0
What year is indicated in the title Mortal Kombat (1995)?,id:movies:movie::136297,2
How is the film Dead Man Walking labeled in terms of genres and year in this record?,id:movies:movie::475,0
What year is indicated in the title Mortal Kombat (1995)?,id:movies:movie::115122,0
How is the film Dead Man Walking labeled in terms of genres and year in this record?,id:movies:movie::30892,0
What year is indicated in the title Mortal Kombat (1995)?,id:movies:movie::1681,0
How is the film Dead Man Walking labeled in terms of genres and year in this record?,id:movies:movie::1950,0
What genres are listed for Mortal Kombat (1995)?,id:movies:movie::136297,1
What genres are listed for Mortal Kombat (1995)?,id:movies:movie::1681,0
What genres are listed for Mortal Kombat (1995)?,id:movies:movie::3326,0
What is the document ID for Mortal Kombat (1995) in this dataset?,id:movies:movie::136297,2
What is the document ID for Mortal Kombat (1995) in this dataset?,id:movies:movie::102123,0
What is the document ID for Mortal Kombat (1995) in this dataset?,id:movies:movie::1681,0
What is the exact movie title and its genres for the entry with ID id:movies:movie::44?,id:movies:movie::173535,0
What is the exact movie title and its genres for the entry with ID id:movies:movie::44?,id:movies:movie::164367,0
What is the exact movie title and its genres for the entry with ID id:movies:movie::44?,id:movies:movie::154358,0
What is the exact movie title and its genres for the entry with ID id:movies:movie::44?,id:movies:movie::3169,0
Is Dead Man Walking classified under more than one genre in the document?,id:movies:movie::336,0
Is Dead Man Walking classified under more than one genre in the document?,id:movies:movie::1801,0
Is Dead Man Walking classified under more than one genre in the document?,id:movies:movie::5604,0
Could you summarize the genre categories assigned to Mortal Kombat (1995)?,id:movies:movie::136297,2
Could you summarize the genre categories assigned to Mortal Kombat (1995)?,id:movies:movie::1681,0
Could you summarize the genre categories assigned to Mortal Kombat (1995)?,id:movies:movie::45,0
"Is Mortal Kombat (1995) categorized as action, adventure, and fantasy?",id:movies:movie::1681,0
"Is Mortal Kombat (1995) categorized as action, adventure, and fantasy?",id:movies:movie::33681,0
"Is Mortal Kombat (1995) categorized as action, adventure, and fantasy?",id:movies:movie::136297,1
"Provide the title, year, and genres for the Mortal Kombat entry as shown in the document.",id:movies:movie::173535,0
"Provide the title, year, and genres for the Mortal Kombat entry as shown in the document.",id:movies:movie::4061,0
"Provide the title, year, and genres for the Mortal Kombat entry as shown in the document.",id:movies:movie::3169,0
"Provide the title, year, and genres for the Mortal Kombat entry as shown in the document.",id:movies:movie::3329,0
When was the movie How to Make an American Quilt released?,id:movies:movie::139915,0
When was the movie How to Make an American Quilt released?,id:movies:movie::98908,0
When was the movie How to Make an American Quilt released?,id:movies:movie::143896,0
What genres is How to Make an American Quilt categorized under?,id:movies:movie::139915,0
What genres is How to Make an American Quilt categorized under?,id:movies:movie::98908,0
What genres is How to Make an American Quilt categorized under?,id:movies:movie::8033,0
What is the dataset identifier for How to Make an American Quilt?,id:movies:movie::139915,0
What is the dataset identifier for How to Make an American Quilt?,id:movies:movie::98908,0
What is the dataset identifier for How to Make an American Quilt?,id:movies:movie::143896,0
How many genres is Mortal Kombat (1995) classified into?,id:movies:movie::136297,2
How many genres is Mortal Kombat (1995) classified into?,id:movies:movie::1681,0
How many genres is Mortal Kombat (1995) classified into?,id:movies:movie::46,0
Does this film belong to more than one genre?,id:movies:movie::2008,2
Does this film belong to more than one genre?,id:movies:movie::8765,2
Does this film belong to more than one genre?,id:movies:movie::3728,2
Does this film belong to more than one genre?,id:movies:movie::44788,0
What are the two genres attached to How to Make an American Quilt (1995)?,id:movies:movie::139915,0
What are the two genres attached to How to Make an American Quilt (1995)?,id:movies:movie::98908,0
What are the two genres attached to How to Make an American Quilt (1995)?,id:movies:movie::143896,0
What genres does Clueless (1995) belong to?,id:movies:movie::477,0
What genres does Clueless (1995) belong to?,id:movies:movie::27899,0
What genres does Clueless (1995) belong to?,id:movies:movie::115122,0
What genre tags are listed for Clueless (1995)?,id:movies:movie::3326,0
What genre tags are listed for Clueless (1995)?,id:movies:movie::188797,0
What genre tags are listed for Clueless (1995)?,id:movies:movie::31422,0
What is the exact title of the 1995 drama romance film in this document?,id:movies:movie::4061,0
Is How to Make an American Quilt more of a drama or a romance?,id:movies:movie::4357,0
What is the exact title of the 1995 drama romance film in this document?,id:movies:movie::52668,0
Is How to Make an American Quilt more of a drama or a romance?,id:movies:movie::98908,0
What is the exact title of the 1995 drama romance film in this document?,id:movies:movie::111921,0
Is How to Make an American Quilt more of a drama or a romance?,id:movies:movie::8667,0
What is the exact title of the 1995 drama romance film in this document?,id:movies:movie::6273,0
How would you classify the movie Clueless (1995) by genre?,id:movies:movie::82499,0
How would you classify the movie Clueless (1995) by genre?,id:movies:movie::46,0
How would you classify the movie Clueless (1995) by genre?,id:movies:movie::3988,0
"Is the 1995 film Clueless a comedy, a romance, or both?",id:movies:movie::146024,0
"Is the 1995 film Clueless a comedy, a romance, or both?",id:movies:movie::468,0
"Is the 1995 film Clueless a comedy, a romance, or both?",id:movies:movie::8738,0
Which document ID corresponds to Clueless (1995) and what genres are assigned to it?,id:movies:movie::6772,0
Which document ID corresponds to Clueless (1995) and what genres are assigned to it?,id:movies:movie::45,0
Which document ID corresponds to Clueless (1995) and what genres are assigned to it?,id:movies:movie::7215,0
Which document ID corresponds to Clueless (1995) and what genres are assigned to it?,id:movies:movie::7040,0
Which movie in this record has the genres Drama and Romance and was released in 1995?,id:movies:movie::52668,1
Which movie in this record has the genres Drama and Romance and was released in 1995?,id:movies:movie::6885,1
Which movie in this record has the genres Drama and Romance and was released in 1995?,id:movies:movie::4144,1
Which movie in this record has the genres Drama and Romance and was released in 1995?,id:movies:movie::1398,0
What are the two genres attached to the movie with the title Clueless (1995)?,id:movies:movie::164367,0
What are the two genres attached to the movie with the title Clueless (1995)?,id:movies:movie::108932,0
What are the two genres attached to the movie with the title Clueless (1995)?,id:movies:movie::175475,0
What are the two genres attached to the movie with the title Clueless (1995)?,id:movies:movie::132584,0
Could you describe Clueless (1995) using its genre labels?,id:movies:movie::8293,0
Could you describe Clueless (1995) using its genre labels?,id:movies:movie::1934,0
Could you describe Clueless (1995) using its genre labels?,id:movies:movie::80858,0
What is the title of the movie with document ID id:movies:movie::49?,id:movies:movie::4518,0
What is the title of the movie with document ID id:movies:movie::49?,id:movies:movie::164367,0
What is the title of the movie with document ID id:movies:movie::49?,id:movies:movie::175475,0
What is the title of the movie with document ID id:movies:movie::49?,id:movies:movie::108932,0
What is the title of the film with ID id:movies:movie::39 and which genres does it include?,id:movies:movie::146028,0
What is the title of the film with ID id:movies:movie::39 and which genres does it include?,id:movies:movie::173535,0
What is the title of the film with ID id:movies:movie::39 and which genres does it include?,id:movies:movie::27899,0
What is the title of the film with ID id:movies:movie::39 and which genres does it include?,id:movies:movie::147286,0
What genres are listed for When Night Is Falling (1995)?,id:movies:movie::3326,0
What genres are listed for When Night Is Falling (1995)?,id:movies:movie::134004,0
What genres are listed for When Night Is Falling (1995)?,id:movies:movie::95199,0
Could you provide the basic metadata for the film When Night Is Falling?,id:movies:movie::7013,0
Could you provide the basic metadata for the film When Night Is Falling?,id:movies:movie::177939,0
Could you provide the basic metadata for the film When Night Is Falling?,id:movies:movie::31545,0
"Is When Night Is Falling categorized as a drama, a romance, or both?",id:movies:movie::381,0
"Is When Night Is Falling categorized as a drama, a romance, or both?",id:movies:movie::166291,0
"Is When Night Is Falling categorized as a drama, a romance, or both?",id:movies:movie::8738,0
What is the film's title as shown for the document ID id:movies:movie::49?,id:movies:movie::173535,0
What is the film's title as shown for the document ID id:movies:movie::49?,id:movies:movie::177939,0
What is the film's title as shown for the document ID id:movies:movie::49?,id:movies:movie::27899,0
What is the film's title as shown for the document ID id:movies:movie::49?,id:movies:movie::3674,0
How many genres are associated with When Night Is Falling according to the document?,id:movies:movie::143896,0
How many genres are associated with When Night Is Falling according to the document?,id:movies:movie::177939,0
How many genres are associated with When Night Is Falling according to the document?,id:movies:movie::31193,0
Which film is described as a 1995 drama romance with the title When Night Is Falling?,id:movies:movie::7013,0
Which film is described as a 1995 drama romance with the title When Night Is Falling?,id:movies:movie::381,0
Which film is described as a 1995 drama romance with the title When Night Is Falling?,id:movies:movie::922,0
What genres is Babe (1995) listed under?,id:movies:movie::134004,0
What genres is Babe (1995) listed under?,id:movies:movie::204,0
What genres is Babe (1995) listed under?,id:movies:movie::5028,0
What is the exact movie title and year for the entry id:movies:movie::34?,id:movies:movie::173535,0
What is the exact movie title and year for the entry id:movies:movie::34?,id:movies:movie::3169,0
What is the exact movie title and year for the entry id:movies:movie::34?,id:movies:movie::3329,0
What is the exact movie title and year for the entry id:movies:movie::34?,id:movies:movie::160565,0
Would Babe (1995) be considered a children's movie based on its genres?,id:movies:movie::52730,2
Would Babe (1995) be considered a children's movie based on its genres?,id:movies:movie::258,2
Would Babe (1995) be considered a children's movie based on its genres?,id:movies:movie::2566,2
Would Babe (1995) be considered a children's movie based on its genres?,id:movies:movie::6251,2
What is the document ID for Babe (1995) in this dataset?,id:movies:movie::102123,0
What is the document ID for Babe (1995) in this dataset?,id:movies:movie::2384,0
What is the document ID for Babe (1995) in this dataset?,id:movies:movie::115122,0
What is the document ID for Babe (1995) in this dataset?,id:movies:movie::96,0
How is Babe (1995) categorized in the movie database—by genre alone?,id:movies:movie::2384,0
How is Babe (1995) categorized in the movie database—by genre alone?,id:movies:movie::31424,0
How is Babe (1995) categorized in the movie database—by genre alone?,id:movies:movie::62299,0
How is Babe (1995) categorized in the movie database—by genre alone?,id:movies:movie::96,0
"What year is Babe released, according to its title Babe (1995)?",id:movies:movie::2017,0
"What year is Babe released, according to its title Babe (1995)?",id:movies:movie::2384,1
"What year is Babe released, according to its title Babe (1995)?",id:movies:movie::3086,0
Romance,id:movies:movie::3501,2
Comedy,id:movies:movie::3865,2
Comedy,id:movies:movie::6005,2
War,id:movies:movie::115969,2
Crime,id:movies:movie::2561,2
Horror,id:movies:movie::33085,2
Horror,id:movies:movie::69720,2
What genres is the 1995 film Waiting to Exhale categorized under?,id:movies:movie::152270,0
Adventure,id:movies:movie::2013,2
Adventure,id:movies:movie::1826,2
What genres is Heat (1995) categorized under?,id:movies:movie::49,0
What genres does Cutthroat Island (1995) belong to?,id:movies:movie::138835,0
Mystery,id:movies:movie::2723,1
Mystery,id:movies:movie::2889,1
"What is Toy Story (1995), the children's animated adventure comedy fantasy film?",id:movies:movie::258,0
What genres is Cutthroat Island (1995) listed under?,id:movies:movie::89837,0
Which genres are listed for The American President (1995)?,id:movies:movie::42,0
Which genres are listed for The American President (1995)?,id:movies:movie::151759,0
Which genres are listed for The American President (1995)?,id:movies:movie::56587,0
"What genres does American President, The (1995) belong to?",id:movies:movie::42,0
What genres is the 1995 movie Heat classified under?,id:movies:movie::585,0
What genres are listed for Toy Story (1995)?,id:movies:movie::107997,0
What genres is The American President (1995) categorized under?,id:movies:movie::42,0
"What is the genre lineup for Cutthroat Island (1995)—Action, Adventure, and Romance?",id:movies:movie::134004,0
"What is the genre lineup for Cutthroat Island (1995)—Action, Adventure, and Romance?",id:movies:movie::34319,0
Is Waiting to Exhale a romantic comedy-drama from 1995?,id:movies:movie::37384,0
What is the release year and genre mix for Waiting to Exhale?,id:movies:movie::50792,0
List the genres for the 1995 film Waiting to Exhale.,id:movies:movie::45,0
List the genres for the 1995 film Waiting to Exhale.,id:movies:movie::1449,0
Which genres does Heat (1995) belong to?,id:movies:movie::81,0
Which genres does Heat (1995) belong to?,id:movies:movie::103372,0
Which genres describe Waiting to Exhale (1995)?,id:movies:movie::37384,0
Which genres describe Waiting to Exhale (1995)?,id:movies:movie::152270,0
Name the three genres associated with Waiting to Exhale.,id:movies:movie::152270,0
Name the three genres associated with Waiting to Exhale.,id:movies:movie::37384,0
Is Toy Story (1995) classified as both animated and a comedy?,id:movies:movie::295,0
Children,id:movies:movie::48696,1
Children,id:movies:movie::64010,1
Children,id:movies:movie::7841,1
"Which 1995 movie has the genres Comedy, Drama, and Romance?",id:movies:movie::239,1
"Which 1995 movie has the genres Comedy, Drama, and Romance?",id:movies:movie::42007,0
"Which 1995 movie has the genres Comedy, Drama, and Romance?",id:movies:movie::585,0
"Give me the genre combination for Waiting to Exhale, released in 1995.",id:movies:movie::81191,0
"Give me the genre combination for Waiting to Exhale, released in 1995.",id:movies:movie::1449,0
Describe Waiting to Exhale by its genre classification.,id:movies:movie::37384,0
Describe Waiting to Exhale by its genre classification.,id:movies:movie::152270,0
Describe Waiting to Exhale by its genre classification.,id:movies:movie::2779,0
How many genres are associated with Toy Story (1995)?,id:movies:movie::2253,0
Would Toy Story (1995) be considered a children's film based on its genres?,id:movies:movie::3114,2
Do the genres of Toy Story (1995) include Adventure and Fantasy?,id:movies:movie::78499,0
Would Toy Story (1995) be considered a children's film based on its genres?,id:movies:movie::78499,2
Do the genres of Toy Story (1995) include Adventure and Fantasy?,id:movies:movie::2253,0
Would Toy Story (1995) be considered a children's film based on its genres?,id:movies:movie::1303,0
What is the title of the film described by the document with ID id:movies:movie::1?,id:movies:movie::134004,0
What is the title of the film described by the document with ID id:movies:movie::1?,id:movies:movie::7013,0
What is the title of the film described by the document with ID id:movies:movie::1?,id:movies:movie::1273,0
What is the title of the film described by the document with ID id:movies:movie::1?,id:movies:movie::69516,0
Would Cutthroat Island be considered an adventure film?,id:movies:movie::6405,2
Would Cutthroat Island be considered an adventure film?,id:movies:movie::95717,2
When was Cutthroat Island released?,id:movies:movie::50792,0
When was Cutthroat Island released?,id:movies:movie::496,0
When was Cutthroat Island released?,id:movies:movie::6405,0
What genres classify Cutthroat Island (1995)?,id:movies:movie::95717,0
What genres classify Cutthroat Island (1995)?,id:movies:movie::6405,0
What genres classify Cutthroat Island (1995)?,id:movies:movie::63515,0
Is Cutthroat Island an action movie?,id:movies:movie::4526,0
Is Cutthroat Island an action movie?,id:movies:movie::4946,0
What is the full list of genres for Toy Story (1995)?,id:movies:movie::78499,0
What is the full list of genres for Toy Story (1995)?,id:movies:movie::3114,0
What is the full list of genres for Toy Story (1995)?,id:movies:movie::134004,0
What is the genre profile of Cutthroat Island?,id:movies:movie::63515,0
What is the genre profile of Cutthroat Island?,id:movies:movie::34319,0
Does the film Cutthroat Island include romance as a genre?,id:movies:movie::1784,0
Does the film Cutthroat Island include romance as a genre?,id:movies:movie::4880,0
What genres does The American President (1995) belong to?,id:movies:movie::42,0
"Which film from 1995 features action, adventure, and romance?",id:movies:movie::330,0
"Which film from 1995 features action, adventure, and romance?",id:movies:movie::238,1
"Which film from 1995 features action, adventure, and romance?",id:movies:movie::8,1
Which genres are listed for The American President (1995) movie?,id:movies:movie::42,0
Which genres are listed for The American President (1995) movie?,id:movies:movie::151759,0
Give me the genre categories for The American President (1995) film.,id:movies:movie::42,0
Give me the genre categories for The American President (1995) film.,id:movies:movie::113378,0
Give me the genre categories for The American President (1995) film.,id:movies:movie::6022,0
Is there a romance element in the 1995 movie Cutthroat Island?,id:movies:movie::239,0
Is there a romance element in the 1995 movie Cutthroat Island?,id:movies:movie::7134,0
Tell me about The American President (1995) in terms of its genre classification.,id:movies:movie::42,0
Tell me about The American President (1995) in terms of its genre classification.,id:movies:movie::6022,0
What year and genres describe The American President (1995)?,id:movies:movie::42,0
What year and genres describe The American President (1995)?,id:movies:movie::137,0
What year and genres describe The American President (1995)?,id:movies:movie::8375,0
Provide the genres for the film The American President released in 1995.,id:movies:movie::42,0
Provide the genres for the film The American President released in 1995.,id:movies:movie::151759,0
Provide the genres for the film The American President released in 1995.,id:movies:movie::57,0
How is The American President (1995) categorized by genre in the record?,id:movies:movie::3477,0
How is The American President (1995) categorized by genre in the record?,id:movies:movie::42,0
What is the internal document ID for Heat (1995)?,id:movies:movie::103372,0
How is The American President (1995) categorized by genre in the record?,id:movies:movie::46,0
What is the internal document ID for Heat (1995)?,id:movies:movie::136786,0
"Is The American President (1995) a comedy, drama, and romance film?",id:movies:movie::42,1
"Is The American President (1995) a comedy, drama, and romance film?",id:movies:movie::49,2
"Is The American President (1995) a comedy, drama, and romance film?",id:movies:movie::48883,1
Which genres are listed for Heat (1995)?,id:movies:movie::89837,0
Which genres are listed for Heat (1995)?,id:movies:movie::45,0
Which genres are listed for Heat (1995)?,id:movies:movie::6814,0
Is Heat (1995) categorized as Action?,id:movies:movie::4531,0
Is Heat (1995) categorized as Thriller?,id:movies:movie::1784,0
Is Heat (1995) categorized as Thriller?,id:movies:movie::49,0
What is the 1995 action film Sudden Death about?,id:movies:movie::8410,0
What is the 1995 action film Sudden Death about?,id:movies:movie::3809,0
What is the 1995 action film Sudden Death about?,id:movies:movie::134004,0
What is the full title and year of the movie Heat (1995)?,id:movies:movie::137,0
What is the full title and year of the movie Heat (1995)?,id:movies:movie::134004,0
How many genres does Heat (1995) have?,id:movies:movie::89388,0
What is the full title and year of the movie Heat (1995)?,id:movies:movie::103372,0
How many genres does Heat (1995) have?,id:movies:movie::7215,0
When was Sudden Death released and what genre is it?,id:movies:movie::50792,0
What field stores the genre information for Heat (1995) in this document?,id:movies:movie::103685,2
What field stores the genre information for Heat (1995) in this document?,id:movies:movie::8765,2
Provide information on the film Sudden Death from 1995 in the action genre.,id:movies:movie::8410,0
Provide information on the film Sudden Death from 1995 in the action genre.,id:movies:movie::330,0
Provide information on the film Sudden Death from 1995 in the action genre.,id:movies:movie::25940,0
Is Sudden Death a 1995 action movie?,id:movies:movie::239,0
Is Sudden Death a 1995 action movie?,id:movies:movie::8410,0
Is Sudden Death a 1995 action movie?,id:movies:movie::259,0
Search results for Sudden Death (1995) in the action category.,id:movies:movie::107723,2
Search results for Sudden Death (1995) in the action category.,id:movies:movie::1382,2
Search results for Sudden Death (1995) in the action category.,id:movies:movie::1375,2
What genres is Tom and Huck (1995) categorized under?,id:movies:movie::204,0
What genres is Tom and Huck (1995) categorized under?,id:movies:movie::49,0
"Give me basic details for Sudden Death, the 1995 action film.",id:movies:movie::8410,0
"Give me basic details for Sudden Death, the 1995 action film.",id:movies:movie::1382,0
"Give me basic details for Sudden Death, the 1995 action film.",id:movies:movie::3200,0
What year was the movie Tom and Huck released?,id:movies:movie::50792,0
What year was the movie Tom and Huck released?,id:movies:movie::172577,0
What year and genre does Sudden Death belong to?,id:movies:movie::8410,0
Tell me about Sudden Death (1995) and its action classification.,id:movies:movie::8410,0
Tell me about Sudden Death (1995) and its action classification.,id:movies:movie::55620,0
Tell me about Sudden Death (1995) and its action classification.,id:movies:movie::259,0
What is the document ID for the movie Tom and Huck (1995)?,id:movies:movie::134004,0
What is the document ID for the movie Tom and Huck (1995)?,id:movies:movie::585,0
What is the document ID for the movie Tom and Huck (1995)?,id:movies:movie::57,0
What are the two genres listed for Tom and Huck (1995)?,id:movies:movie::107997,0
What are the two genres listed for Tom and Huck (1995)?,id:movies:movie::618,0
Is the film Tom and Huck (1995) classified as adventure?,id:movies:movie::1948,0
Is the film Tom and Huck (1995) classified as adventure?,id:movies:movie::1784,0
Which movie in the document has the title Tom and Huck and a 1995 release date?,id:movies:movie::50792,0
Which movie in the document has the title Tom and Huck and a 1995 release date?,id:movies:movie::109183,0
Which movie in the document has the title Tom and Huck and a 1995 release date?,id:movies:movie::43919,0
What are the exact title and release year of the movie described in the document?,id:movies:movie::50792,2
What are the exact title and release year of the movie described in the document?,id:movies:movie::107997,2
What are the exact title and release year of the movie described in the document?,id:movies:movie::5102,2
What are the exact title and release year of the movie described in the document?,id:movies:movie::48593,2
"What is the title of the movie described in this document, and what year is included in the title?",id:movies:movie::134004,2
"What is the title of the movie described in this document, and what year is included in the title?",id:movies:movie::102123,2
"What is the title of the movie described in this document, and what year is included in the title?",id:movies:movie::59421,2
How is the film Sabrina displayed in the title field of this record?,id:movies:movie::44788,0
How is the film Sabrina displayed in the title field of this record?,id:movies:movie::99117,0
Is Tom and Huck (1995) considered a children's movie?,id:movies:movie::239,0
Is Tom and Huck (1995) considered a children's movie?,id:movies:movie::131130,0
Which genres are listed for Sabrina (1995) in this entry?,id:movies:movie::915,0
Which genres are listed for Sabrina (1995) in this entry?,id:movies:movie::4354,0
What is the exact film title as stored in the dataset for document id id:movies:movie::7?,id:movies:movie::134004,0
What is the exact film title as stored in the dataset for document id id:movies:movie::7?,id:movies:movie::136786,0
What is the document ID for the Sabrina (1995) movie?,id:movies:movie::134004,0
What is the document ID for the Sabrina (1995) movie?,id:movies:movie::915,0
What is the document ID for the Sabrina (1995) movie?,id:movies:movie::585,0
Is GoldenEye (1995) an action movie?,id:movies:movie::4526,0
Is GoldenEye (1995) an action movie?,id:movies:movie::239,0
Is GoldenEye (1995) an action movie?,id:movies:movie::148,0
What genres are associated with GoldenEye (1995)?,id:movies:movie::107997,0
What genres are associated with GoldenEye (1995)?,id:movies:movie::322,0
"What is the full genre lineup for GoldenEye, the 1995 film?",id:movies:movie::134004,0
"What is the full genre lineup for GoldenEye, the 1995 film?",id:movies:movie::1641,0
"What is the full genre lineup for GoldenEye, the 1995 film?",id:movies:movie::57,0
"Which 1995 film is titled GoldenEye and includes action, adventure, and thriller?",id:movies:movie::8,0
"Which 1995 film is titled GoldenEye and includes action, adventure, and thriller?",id:movies:movie::303,0
What is the title and genre mix of the 1995 film GoldenEye?,id:movies:movie::134004,0
"Which 1995 film is titled GoldenEye and includes action, adventure, and thriller?",id:movies:movie::2991,0
What is the title and genre mix of the 1995 film GoldenEye?,id:movies:movie::7013,0
What is the title and genre mix of the 1995 film GoldenEye?,id:movies:movie::69516,0
Tell me about the movie GoldenEye from 1995 and its genres.,id:movies:movie::55620,0
Tell me about the movie GoldenEye from 1995 and its genres.,id:movies:movie::330,0
Tell me about the movie GoldenEye from 1995 and its genres.,id:movies:movie::2327,0
Describe GoldenEye (1995) and its adventure and thriller classifications.,id:movies:movie::8,0
Describe GoldenEye (1995) and its adventure and thriller classifications.,id:movies:movie::85,0
Describe GoldenEye (1995) and its adventure and thriller classifications.,id:movies:movie::17,0
Name the two genres associated with the Sabrina (1995) entry.,id:movies:movie::4412,0
Name the two genres associated with the Sabrina (1995) entry.,id:movies:movie::2111,0
Name the two genres associated with the Sabrina (1995) entry.,id:movies:movie::915,1
What is the document identifier for the Casino (1995) movie?,id:movies:movie::134004,0
What is the document identifier for the Casino (1995) movie?,id:movies:movie::585,0
What is the document identifier for the Casino (1995) movie?,id:movies:movie::57,0
What is the exact title tied to the document ID id:movies:movie::16?,id:movies:movie::134004,0
What is the exact title tied to the document ID id:movies:movie::16?,id:movies:movie::7624,0
What is the exact title tied to the document ID id:movies:movie::16?,id:movies:movie::1190,0
What is the exact title tied to the document ID id:movies:movie::16?,id:movies:movie::5028,0
"If I search for a film with Crime and Drama as its genres, which movie would I get from this document?",id:movies:movie::113604,0
"If I search for a film with Crime and Drama as its genres, which movie would I get from this document?",id:movies:movie::8765,1
"If I search for a film with Crime and Drama as its genres, which movie would I get from this document?",id:movies:movie::7883,0
Which movie is associated with the document ID id:movies:movie::16?,id:movies:movie::5382,0
Which movie is associated with the document ID id:movies:movie::16?,id:movies:movie::4714,0
Which movie is associated with the document ID id:movies:movie::16?,id:movies:movie::6433,0
Which movie is associated with the document ID id:movies:movie::16?,id:movies:movie::26701,0
What year is denoted in the film title Casino (1995)?,id:movies:movie::134004,0
What year is denoted in the film title Casino (1995)?,id:movies:movie::137,0
In what year is the Nixon film listed?,id:movies:movie::64620,2
In what year is the Nixon film listed?,id:movies:movie::56587,0
What is the title of the film described in the document?,id:movies:movie::134004,2
What is the title of the film described in the document?,id:movies:movie::7013,2
What is the title of the film described in the document?,id:movies:movie::999,2
What is the title of the film described in the document?,id:movies:movie::115122,2
What are the two genres listed for the film Casino (1995)?,id:movies:movie::107997,0
What are the two genres listed for the film Casino (1995)?,id:movies:movie::618,0
What genre is Nixon (1995) categorized under?,id:movies:movie::64620,1
Which field in the document holds the genre information for Nixon (1995)?,id:movies:movie::103685,2
Can you summarize the Nixon (1995) entry as it appears in the document?,id:movies:movie::56837,0
Which field in the document holds the genre information for Nixon (1995)?,id:movies:movie::1299,2
Can you summarize the Nixon (1995) entry as it appears in the document?,id:movies:movie::1934,0
"Does the Casino (1995) entry categorize the film as crime, drama, or both?",id:movies:movie::4354,0
Which field in the document holds the genre information for Nixon (1995)?,id:movies:movie::57,2
Can you summarize the Nixon (1995) entry as it appears in the document?,id:movies:movie::1784,0
"Does the Casino (1995) entry categorize the film as crime, drama, or both?",id:movies:movie::82053,0
"Does the Casino (1995) entry categorize the film as crime, drama, or both?",id:movies:movie::1179,0
What genres are listed for Jumanji (1995)?,id:movies:movie::107997,0
What genres are listed for Jumanji (1995)?,id:movies:movie::136786,0
What is the document ID for Nixon (1995)?,id:movies:movie::134004,0
What is the document ID for Nixon (1995)?,id:movies:movie::64620,1
What is the document ID for Nixon (1995)?,id:movies:movie::136786,0
"From Nixon's document ID, which collection does the entry belong to?",id:movies:movie::105037,2
"From Nixon's document ID, which collection does the entry belong to?",id:movies:movie::4354,2
"From Nixon's document ID, which collection does the entry belong to?",id:movies:movie::27002,2
"From Nixon's document ID, which collection does the entry belong to?",id:movies:movie::1944,2
"From Nixon's document ID, what is the type indicated after the collection?",id:movies:movie::134004,2
"From Nixon's document ID, what is the type indicated after the collection?",id:movies:movie::3326,2
"From Nixon's document ID, what is the type indicated after the collection?",id:movies:movie::2749,2
"From Nixon's document ID, what is the type indicated after the collection?",id:movies:movie::8968,2
Which genres accompany the 1995 Jumanji movie?,id:movies:movie::239,0
In what year was Jumanji released?,id:movies:movie::172577,0
In what year was Jumanji released?,id:movies:movie::50792,0
Is Jumanji (1995) considered a children's movie based on its genres?,id:movies:movie::239,0
What is the document ID for the Jumanji movie described here?,id:movies:movie::134004,0
What is the document ID for the Jumanji movie described here?,id:movies:movie::61167,0
What is the document ID for the Jumanji movie described here?,id:movies:movie::179401,2
What year was Father of the Bride Part II released?,id:movies:movie::496,0
What genres are associated with the film identified by id:movies:movie::2?,id:movies:movie::107997,0
What is the document ID for Father of the Bride Part II?,id:movies:movie::1221,0
What genre is Father of the Bride Part II (1995)?,id:movies:movie::134004,0
What is the exact title of the 1995 comedy film in the document?,id:movies:movie::134004,0
What is the exact title of the 1995 comedy film in the document?,id:movies:movie::407,0
What is the exact title of the 1995 comedy film in the document?,id:movies:movie::7013,0
How would you summarize the genre mix of Jumanji (1995)?,id:movies:movie::82499,0
"What is the title of the 1995 film that is categorized as Adventure, Children, and Fantasy?",id:movies:movie::134004,0
How would you summarize the genre mix of Jumanji (1995)?,id:movies:movie::179401,0
How would you summarize the genre mix of Jumanji (1995)?,id:movies:movie::1303,0
"What is the title of the 1995 film that is categorized as Adventure, Children, and Fantasy?",id:movies:movie::55259,0
How is the sequel indicated in the film's title?,id:movies:movie::2792,2
How is the sequel indicated in the film's title?,id:movies:movie::1245,0
How is the sequel indicated in the film's title?,id:movies:movie::2727,0
How is the sequel indicated in the film's title?,id:movies:movie::4605,0
What year was Balto released?,id:movies:movie::172577,0
What is the year-genre combination listed for Father of the Bride Part II?,id:movies:movie::86911,0
What year was Balto released?,id:movies:movie::50792,0
Which 1995 comedy film has Part II in its title?,id:movies:movie::3041,0
Which 1995 comedy film has Part II in its title?,id:movies:movie::164,0
Which 1995 comedy film has Part II in its title?,id:movies:movie::86911,0
What genres describe Balto (1995)?,id:movies:movie::104863,0
What genres describe Balto (1995)?,id:movies:movie::3809,0
What genres describe Balto (1995)?,id:movies:movie::3798,0
Is Balto (1995) an animated film?,id:movies:movie::4526,0
Is Balto (1995) an animated film?,id:movies:movie::3018,0
What is Balto (1995) classified as in terms of genre?,id:movies:movie::1784,0
Is Balto (1995) categorized as animation for kids?,id:movies:movie::310,0
Is Balto (1995) categorized as animation for kids?,id:movies:movie::1784,0
What genre mix is Dracula: Dead and Loving It (1995) classified under?,id:movies:movie::303,0
In what year was Dracula: Dead and Loving It released?,id:movies:movie::50792,0
Does Balto (1995) belong to the adventure genre?,id:movies:movie::105037,0
In what year was Dracula: Dead and Loving It released?,id:movies:movie::172577,0
Does Balto (1995) belong to the adventure genre?,id:movies:movie::6557,0
Does Balto (1995) belong to the adventure genre?,id:movies:movie::81,0
"Which movie released in 1995 has the genres Adventure, Animation, and Children?",id:movies:movie::239,1
"Which movie released in 1995 has the genres Adventure, Animation, and Children?",id:movies:movie::89586,0
"Which movie released in 1995 has the genres Adventure, Animation, and Children?",id:movies:movie::4006,0
"Which movie released in 1995 has the genres Adventure, Animation, and Children?",id:movies:movie::145935,0
What is the full title of the movie linked to the document ID id:movies:movie::12?,id:movies:movie::134004,0
What is the full title of the movie linked to the document ID id:movies:movie::12?,id:movies:movie::1641,0
What is the full title of the movie linked to the document ID id:movies:movie::12?,id:movies:movie::26701,0
What is the full title of the movie linked to the document ID id:movies:movie::12?,id:movies:movie::8372,0
Which genres are listed for Dracula: Dead and Loving It?,id:movies:movie::1329,0
Which genres are listed for Dracula: Dead and Loving It?,id:movies:movie::5649,0
Is Balto (1995) intended for children?,id:movies:movie::49,0
Is Balto (1995) intended for children?,id:movies:movie::45,0
Is Balto (1995) intended for children?,id:movies:movie::57,0
What is the title of the film released in 1995 that blends horror and comedy?,id:movies:movie::50792,0
What is the title of the film released in 1995 that blends horror and comedy?,id:movies:movie::134004,0
What genres are listed for Grumpier Old Men?,id:movies:movie::107997,0
What is the genre pairing for Grumpier Old Men (1995)?,id:movies:movie::55820,0
Is Grumpier Old Men a romantic comedy?,id:movies:movie::81949,0
Is Dracula: Dead and Loving It categorized under both comedy and horror?,id:movies:movie::5649,0
Is Dracula: Dead and Loving It categorized under both comedy and horror?,id:movies:movie::112749,0
Is Dracula: Dead and Loving It categorized under both comedy and horror?,id:movies:movie::149830,1
What is the internal document ID for Dracula: Dead and Loving It?,id:movies:movie::118888,0
What is the internal document ID for Dracula: Dead and Loving It?,id:movies:movie::1329,0
Is Grumpier Old Men described as a comedy film?,id:movies:movie::3450,0
Is Grumpier Old Men described as a comedy film?,id:movies:movie::141820,0
Is Grumpier Old Men described as a comedy film?,id:movies:movie::55820,0
Which 1995 movie combines comedy and romance?,id:movies:movie::85,1
Which 1995 movie combines comedy and romance?,id:movies:movie::17,1
Which 1995 movie combines comedy and romance?,id:movies:movie::7669,1
Grumpier Old Men (1995): what two genres is it categorized under?,id:movies:movie::141820,0
What genres are listed for Sense and Sensibility (1995)?,id:movies:movie::107997,0
What genres are listed for Sense and Sensibility (1995)?,id:movies:movie::136786,0
Describe Dracula: Dead and Loving It using its comedy and horror genres.,id:movies:movie::5649,0
Describe Dracula: Dead and Loving It using its comedy and horror genres.,id:movies:movie::149830,1
Is Grumpier Old Men described as a romance film?,id:movies:movie::3450,0
Is Grumpier Old Men described as a romance film?,id:movies:movie::141820,0
Is Grumpier Old Men described as a romance film?,id:movies:movie::1784,0
What is the document ID for Sense and Sensibility (1995)?,id:movies:movie::2762,0
What is the document ID for Sense and Sensibility (1995)?,id:movies:movie::136786,0
Which film entry in the document has the genres Drama and Romance?,id:movies:movie::1353,2
Which film entry in the document has the genres Drama and Romance?,id:movies:movie::42007,2
Which film entry in the document has the genres Drama and Romance?,id:movies:movie::4354,0
What year is shown in the Sense and Sensibility title in the document?,id:movies:movie::115122,0
What year is shown in the Sense and Sensibility title in the document?,id:movies:movie::59421,0
What year is shown in the Sense and Sensibility title in the document?,id:movies:movie::134004,0
Which movie in this document is labeled as belonging to both Drama and Romance?,id:movies:movie::52952,0
Which movie in this document is labeled as belonging to both Drama and Romance?,id:movies:movie::99117,0
What two genres are associated with Sense and Sensibility in the document?,id:movies:movie::107997,0
What two genres are associated with Sense and Sensibility in the document?,id:movies:movie::4412,0
What is the title of the movie described in the document with the ID id:movies:movie::19?,id:movies:movie::134004,0
What is the title of the movie described in the document with the ID id:movies:movie::19?,id:movies:movie::3990,0
What is the title of the movie described in the document with the ID id:movies:movie::19?,id:movies:movie::115122,0
What is the title of the movie described in the document with the ID id:movies:movie::19?,id:movies:movie::6433,0
In what year was Ace Ventura: When Nature Calls released?,id:movies:movie::98160,0
In what year was Ace Ventura: When Nature Calls released?,id:movies:movie::344,0
In what year was Ace Ventura: When Nature Calls released?,id:movies:movie::496,0
How is Sense and Sensibility (1995) categorized in the dataset's metadata?,id:movies:movie::2762,0
How is Sense and Sensibility (1995) categorized in the dataset's metadata?,id:movies:movie::92694,0
How is Sense and Sensibility (1995) categorized in the dataset's metadata?,id:movies:movie::49,0
What is the exact title of the movie entry that includes the year 1995?,id:movies:movie::137,2
What is the exact title of the movie entry that includes the year 1995?,id:movies:movie::134004,0
What is the exact title of the movie entry that includes the year 1995?,id:movies:movie::585,2
What is the exact title of the movie entry that includes the year 1995?,id:movies:movie::1652,0
Which film in the document is a 1995 comedy?,id:movies:movie::164,0
Which film in the document is a 1995 comedy?,id:movies:movie::6273,0
Which film in the document is a 1995 comedy?,id:movies:movie::207,0
Which film in the document is a 1995 comedy?,id:movies:movie::156,2
What is the full display title of the 1995 comedy film Ace Ventura: When Nature Calls?,id:movies:movie::98160,0
What is the full display title of the 1995 comedy film Ace Ventura: When Nature Calls?,id:movies:movie::344,0
What is the full display title of the 1995 comedy film Ace Ventura: When Nature Calls?,id:movies:movie::49,0
Which movie is identified by the document ID id:movies:movie::19?,id:movies:movie::111817,0
Which movie is identified by the document ID id:movies:movie::19?,id:movies:movie::5382,0
Which movie is identified by the document ID id:movies:movie::19?,id:movies:movie::4714,0
What basic details does the document provide about Ace Ventura: When Nature Calls?,id:movies:movie::98160,0
What basic details does the document provide about Ace Ventura: When Nature Calls?,id:movies:movie::3809,0
What is the internal document ID for the Get Shorty movie entry?,id:movies:movie::134004,0
What is the internal document ID for the Get Shorty movie entry?,id:movies:movie::4354,0
What is the internal document ID for the Get Shorty movie entry?,id:movies:movie::136786,0
What genre is Ace Ventura: When Nature Calls categorized as?,id:movies:movie::98160,0
What genre is Ace Ventura: When Nature Calls categorized as?,id:movies:movie::344,1
What genre is Ace Ventura: When Nature Calls categorized as?,id:movies:movie::43904,0
What is the document ID for the film Ace Ventura: When Nature Calls?,id:movies:movie::98160,0
What is the document ID for the film Ace Ventura: When Nature Calls?,id:movies:movie::344,0
What is the document ID for the film Ace Ventura: When Nature Calls?,id:movies:movie::43904,0
How many genres are listed for Get Shorty (1995)?,id:movies:movie::4605,0
How many genres are listed for Get Shorty (1995)?,id:movies:movie::89837,0
How many genres are listed for Get Shorty (1995)?,id:movies:movie::45,0
Is the movie Get Shorty (1995) linked to the internal ID id:movies:movie::21?,id:movies:movie::585,0
Is the movie Get Shorty (1995) linked to the internal ID id:movies:movie::21?,id:movies:movie::562,0
What is the exact title of the movie associated with the ID id:movies:movie::21?,id:movies:movie::134004,0
What is the exact title of the movie associated with the ID id:movies:movie::21?,id:movies:movie::6433,0
What is the exact title of the movie associated with the ID id:movies:movie::21?,id:movies:movie::26701,0
What is the exact title of the movie associated with the ID id:movies:movie::21?,id:movies:movie::54272,0
What are the three genres listed for Get Shorty (1995) in this record?,id:movies:movie::3477,0
What year is indicated in the movie title Get Shorty (1995)?,id:movies:movie::134004,2
What are the three genres listed for Get Shorty (1995) in this record?,id:movies:movie::107997,0
What year is indicated in the movie title Get Shorty (1995)?,id:movies:movie::137,2
What are the three genres listed for Get Shorty (1995) in this record?,id:movies:movie::201,0
What year is indicated in the movie title Get Shorty (1995)?,id:movies:movie::585,2
What genres are listed for Copycat (1995)?,id:movies:movie::107997,0
What genres are listed for Copycat (1995)?,id:movies:movie::3326,0
What genres are listed for Copycat (1995)?,id:movies:movie::136786,0
When was Copycat released?,id:movies:movie::50792,0
When was Copycat released?,id:movies:movie::496,0
When was Copycat released?,id:movies:movie::779,0
Does Copycat belong to the horror genre?,id:movies:movie::115122,0
"Which data fields are provided for the Get Shorty (1995) entry (e.g., documentid, title, genres)?",id:movies:movie::4354,2
"Which data fields are provided for the Get Shorty (1995) entry (e.g., documentid, title, genres)?",id:movies:movie::1299,2
"Which data fields are provided for the Get Shorty (1995) entry (e.g., documentid, title, genres)?",id:movies:movie::57,2
How many genres describe Copycat (1995)?,id:movies:movie::117109,0
How many genres describe Copycat (1995)?,id:movies:movie::4989,0
Can you confirm if Copycat is a crime drama thriller?,id:movies:movie::3983,0
Can you confirm if Copycat is a crime drama thriller?,id:movies:movie::1934,0
What is the complete genre lineup for the movie Copycat released in 1995?,id:movies:movie::134004,0
What is the complete genre lineup for the movie Copycat released in 1995?,id:movies:movie::585,0
What is the complete genre lineup for the movie Copycat released in 1995?,id:movies:movie::57,0
Is Mystery among the genres for Copycat (1995)?,id:movies:movie::114246,0
Is Mystery among the genres for Copycat (1995)?,id:movies:movie::57,0
Is Mystery among the genres for Copycat (1995)?,id:movies:movie::49,0
Which genre is Four Rooms categorized under in this entry?,id:movies:movie::52952,0
Which genre is Four Rooms categorized under in this entry?,id:movies:movie::99117,0
Which genre is Four Rooms categorized under in this entry?,id:movies:movie::2620,0
What is the full title including the year as it appears in the entry?,id:movies:movie::1784,2
What is the full title including the year as it appears in the entry?,id:movies:movie::134004,2
What is the full title including the year as it appears in the entry?,id:movies:movie::1641,2
What is the full title including the year as it appears in the entry?,id:movies:movie::56837,2
"What is the title of the film associated with the genres Crime, Drama, Horror, Mystery, and Thriller?",id:movies:movie::26701,1
"What is the title of the film associated with the genres Crime, Drama, Horror, Mystery, and Thriller?",id:movies:movie::41014,1
"What is the title of the film associated with the genres Crime, Drama, Horror, Mystery, and Thriller?",id:movies:movie::120827,1
"What is the title of the film associated with the genres Crime, Drama, Horror, Mystery, and Thriller?",id:movies:movie::81132,2
"If you were searching for a 1995 comedy in this document, which film would you find?",id:movies:movie::339,2
"If you were searching for a 1995 comedy in this document, which film would you find?",id:movies:movie::4714,0
"If you were searching for a 1995 comedy in this document, which film would you find?",id:movies:movie::165639,0
"If you were searching for a 1995 comedy in this document, which film would you find?",id:movies:movie::8765,0
"According to the document ID, what is the media type of Four Rooms?",id:movies:movie::4280,0
When was The City of Lost Children released?,id:movies:movie::6009,0
"According to the document ID, what is the media type of Four Rooms?",id:movies:movie::134004,0
When was The City of Lost Children released?,id:movies:movie::62376,0
"According to the document ID, what is the media type of Four Rooms?",id:movies:movie::90945,0
When was The City of Lost Children released?,id:movies:movie::1867,0
What is the document identifier for the movie Four Rooms?,id:movies:movie::134004,0
What is the document identifier for the movie Four Rooms?,id:movies:movie::5745,0
What is the document identifier for the movie Four Rooms?,id:movies:movie::5611,0
In what year is the film Four Rooms listed?,id:movies:movie::134004,0
In what year is the film Four Rooms listed?,id:movies:movie::56587,0
In what year is the film Four Rooms listed?,id:movies:movie::59421,0
"According to the document ID, which data collection does this film belong to?",id:movies:movie::4280,2
"According to the document ID, which data collection does this film belong to?",id:movies:movie::47566,2
"What is the English title for the film with the French title Cité des enfants perdus, La?",id:movies:movie::1953,0
"What is the English title for the film with the French title Cité des enfants perdus, La?",id:movies:movie::134004,0
"What is the English title for the film with the French title Cité des enfants perdus, La?",id:movies:movie::102165,0
What is the French title of The City of Lost Children?,id:movies:movie::62376,0
What is the French title of The City of Lost Children?,id:movies:movie::2748,0
"Which 1995 film combines Adventure, Drama, Fantasy, Mystery, and Sci-Fi?",id:movies:movie::160,1
Is The City of Lost Children categorized as Sci-Fi?,id:movies:movie::69278,0
What is the document ID for The City of Lost Children movie?,id:movies:movie::6009,0
What is the document ID for The City of Lost Children movie?,id:movies:movie::1867,0
What is the document ID for The City of Lost Children movie?,id:movies:movie::134004,0
What genres are listed for The City of Lost Children?,id:movies:movie::107997,0
What genres are listed for The City of Lost Children?,id:movies:movie::1867,0
Does the film's listing include both English and French titles?,id:movies:movie::105037,0
Does the film's listing include both English and French titles?,id:movies:movie::56587,0
What genres are listed for Persuasion (1995)?,id:movies:movie::107997,0
Can you confirm the year and genre for the film Othello?,id:movies:movie::2848,2
Can you confirm the year and genre for the film Othello?,id:movies:movie::1934,0
Can you confirm the year and genre for the film Othello?,id:movies:movie::5989,0
What is the title of the film released in 1995 that is a drama?,id:movies:movie::134004,0
What is the title of the film released in 1995 that is a drama?,id:movies:movie::49,2
What is the title of the film released in 1995 that is a drama?,id:movies:movie::3217,0
What is the title of the film released in 1995 that is a drama?,id:movies:movie::25996,0
Please provide the basic details for the movie Othello released in 1995.,id:movies:movie::3200,0
Please provide the basic details for the movie Othello released in 1995.,id:movies:movie::2848,1
Please provide the basic details for the movie Othello released in 1995.,id:movies:movie::6263,0
Show the entry for the movie titled Othello with the year 1995.,id:movies:movie::137,0
Show the entry for the movie titled Othello with the year 1995.,id:movies:movie::2848,0
Show the entry for the movie titled Othello with the year 1995.,id:movies:movie::585,0
Which movie in the database is Othello and was released in 1995?,id:movies:movie::50792,0
Which movie in the database is Othello and was released in 1995?,id:movies:movie::3990,0
Which movie in the database is Othello and was released in 1995?,id:movies:movie::156,0
Is Othello (1995) classified as a drama?,id:movies:movie::4880,0
Is Othello (1995) classified as a drama?,id:movies:movie::49,0
What is the genre of the 1995 film Othello?,id:movies:movie::2848,1
What is the genre of the 1995 film Othello?,id:movies:movie::134004,0
What is the genre of the 1995 film Othello?,id:movies:movie::7013,0
What year is associated with Persuasion in this document?,id:movies:movie::99117,0
What year is associated with Persuasion in this document?,id:movies:movie::52952,0
What year is associated with Persuasion in this document?,id:movies:movie::134004,0
What year is associated with Persuasion in this document?,id:movies:movie::7184,0
What is the unique document ID for Persuasion (1995)?,id:movies:movie::74508,0
What is the unique document ID for Persuasion (1995)?,id:movies:movie::4046,0
How many genres does Persuasion (1995) have according to the entry?,id:movies:movie::7215,0
How many genres does Persuasion (1995) have according to the entry?,id:movies:movie::4280,0
How many genres does Persuasion (1995) have according to the entry?,id:movies:movie::82499,0
Is the movie Persuasion (1995) labeled as both drama and romance?,id:movies:movie::49,0
"If I want to verify the film's genres in the dataset, which two genres should I expect to see for Persuasion (1995)?",id:movies:movie::45,0
What alternate title is shown for Twelve Monkeys in the entry?,id:movies:movie::134004,0
What alternate title is shown for Twelve Monkeys in the entry?,id:movies:movie::4354,0
What year is Twelve Monkeys listed as released?,id:movies:movie::134004,0
What year is Twelve Monkeys listed as released?,id:movies:movie::50792,0
What year is Twelve Monkeys listed as released?,id:movies:movie::1784,0
Which three genres are attributed to the film Twelve Monkeys?,id:movies:movie::2978,0
Is Twelve Monkeys also known as 12 Monkeys?,id:movies:movie::1770,0
What is the exact title used for the 1995 film in the record?,id:movies:movie::3477,2
What is the exact title used for the 1995 film in the record?,id:movies:movie::134004,0
What is the exact title used for the 1995 film in the record?,id:movies:movie::57,2
What is the exact title used for the 1995 film in the record?,id:movies:movie::164,2
Are Drama and Romance the only genres assigned to Persuasion (1995)?,id:movies:movie::74508,0
Are Drama and Romance the only genres assigned to Persuasion (1995)?,id:movies:movie::4,0
Are Drama and Romance the only genres assigned to Persuasion (1995)?,id:movies:movie::7015,0
What is the document ID for this movie entry?,id:movies:movie::102123,2
What is the document ID for this movie entry?,id:movies:movie::52952,2
What is the document ID for this movie entry?,id:movies:movie::99117,2
What is the document ID for this movie entry?,id:movies:movie::134004,2
"What is the full movie title as shown in the entry, including the year?",id:movies:movie::134004,2
"What is the full movie title as shown in the entry, including the year?",id:movies:movie::1641,2
"What is the full movie title as shown in the entry, including the year?",id:movies:movie::5786,2
"What is the full movie title as shown in the entry, including the year?",id:movies:movie::115122,2
"Which movie entry lists the year 1995 and includes the genres Mystery, Sci-Fi, and Thriller?",id:movies:movie::26701,0
"Which movie entry lists the year 1995 and includes the genres Mystery, Sci-Fi, and Thriller?",id:movies:movie::26887,2
"Which movie entry lists the year 1995 and includes the genres Mystery, Sci-Fi, and Thriller?",id:movies:movie::303,1
"Which movie entry lists the year 1995 and includes the genres Mystery, Sci-Fi, and Thriller?",id:movies:movie::198,2
What year was Now and Then released?,id:movies:movie::496,0
What year was Now and Then released?,id:movies:movie::50792,0
What year was Now and Then released?,id:movies:movie::172577,0
What genres are listed for Now and Then (1995)?,id:movies:movie::107997,0
What genres are listed for Now and Then (1995)?,id:movies:movie::3326,0
What genres are listed for Now and Then (1995)?,id:movies:movie::4969,0
What are the exact words used to indicate the alternate title after the main title in the entry?,id:movies:movie::96567,0
What are the exact words used to indicate the alternate title after the main title in the entry?,id:movies:movie::107997,0
What are the exact words used to indicate the alternate title after the main title in the entry?,id:movies:movie::8968,0
What are the exact words used to indicate the alternate title after the main title in the entry?,id:movies:movie::26467,0
Can you share basic information about Now and Then from 1995?,id:movies:movie::54004,0
Can you share basic information about Now and Then from 1995?,id:movies:movie::102903,0
Can you share basic information about Now and Then from 1995?,id:movies:movie::6263,0
Is Now and Then considered a children's film?,id:movies:movie::2008,0
Is Now and Then considered a children's film?,id:movies:movie::5452,1
Is Now and Then considered a children's film?,id:movies:movie::4969,0
Is the 1995 movie Now and Then also categorized as a drama?,id:movies:movie::239,0
Is the 1995 movie Now and Then also categorized as a drama?,id:movies:movie::4880,0
Is the 1995 movie Now and Then also categorized as a drama?,id:movies:movie::4969,0
What is the title of the 1995 film that falls under the genres Children and Drama?,id:movies:movie::95738,1
What is the title of the 1995 film that falls under the genres Children and Drama?,id:movies:movie::2089,0
What is the title of the 1995 film that falls under the genres Children and Drama?,id:movies:movie::7013,0
What is the title of the 1995 film that falls under the genres Children and Drama?,id:movies:movie::134004,0
How would you describe the genre mix of Now and Then (1995)?,id:movies:movie::54004,0
How would you describe the genre mix of Now and Then (1995)?,id:movies:movie::102903,0
How would you describe the genre mix of Now and Then (1995)?,id:movies:movie::82499,0
In what year was Shanghai Triad released?,id:movies:movie::172577,0
In what year was Shanghai Triad released?,id:movies:movie::50792,0
What is the parenthetical subtitle listed with Shanghai Triad?,id:movies:movie::56587,0
What is the parenthetical subtitle listed with Shanghai Triad?,id:movies:movie::89837,0
What genres are listed for Shanghai Triad?,id:movies:movie::107997,0
What genres are listed for Shanghai Triad?,id:movies:movie::3326,0
What genres are listed for Shanghai Triad?,id:movies:movie::136786,0
Does the document show a non-English title for Shanghai Triad?,id:movies:movie::1682,0
Does the document show a non-English title for Shanghai Triad?,id:movies:movie::55112,0
"What is the full title of the film as listed, including the year and alternate title?",id:movies:movie::56587,2
Does the document show a non-English title for Shanghai Triad?,id:movies:movie::6156,0
"What is the full title of the film as listed, including the year and alternate title?",id:movies:movie::134004,2
"What is the full title of the film as listed, including the year and alternate title?",id:movies:movie::1641,2
"What is the full title of the film as listed, including the year and alternate title?",id:movies:movie::137,2
Is Shanghai Triad categorized as a crime drama?,id:movies:movie::4880,0
Is Shanghai Triad categorized as a crime drama?,id:movies:movie::25996,0
Is Shanghai Triad categorized as a crime drama?,id:movies:movie::3217,0
What is the document ID for the Shanghai Triad entry?,id:movies:movie::134004,0
What is the document ID for the Shanghai Triad entry?,id:movies:movie::4354,0
What is the document ID for the Shanghai Triad entry?,id:movies:movie::25940,0
Which film is identified as a crime drama in the document?,id:movies:movie::164,1
Which film is identified as a crime drama in the document?,id:movies:movie::999,1
What is the genre of Dangerous Minds (1995)?,id:movies:movie::6003,0
What is the genre of Dangerous Minds (1995)?,id:movies:movie::144606,0
What is the exact title of the 1995 drama film listed in this record?,id:movies:movie::3477,2
What is the exact title of the 1995 drama film listed in this record?,id:movies:movie::102123,0
What is the exact title of the 1995 drama film listed in this record?,id:movies:movie::44788,0
What is the document ID for the movie Dangerous Minds (1995)?,id:movies:movie::144606,0
What is the document ID for the movie Dangerous Minds (1995)?,id:movies:movie::6003,0
What is the document ID for the movie Dangerous Minds (1995)?,id:movies:movie::134004,0
Could you provide the title and genre for the record with ID id:movies:movie::31?,id:movies:movie::361,0
Could you provide the title and genre for the record with ID id:movies:movie::31?,id:movies:movie::3477,0
Could you provide the title and genre for the record with ID id:movies:movie::31?,id:movies:movie::59900,0
Could you provide the title and genre for the record with ID id:movies:movie::31?,id:movies:movie::1934,0
Which film in the dataset is categorized as Drama and has the title Dangerous Minds (1995)?,id:movies:movie::144606,0
Which film in the dataset is categorized as Drama and has the title Dangerous Minds (1995)?,id:movies:movie::6003,0
Which film in the dataset is categorized as Drama and has the title Dangerous Minds (1995)?,id:movies:movie::1423,0
What details are given about the film with ID id:movies:movie::31 in this document?,id:movies:movie::107997,0
What details are given about the film with ID id:movies:movie::31 in this document?,id:movies:movie::3809,0
What details are given about the film with ID id:movies:movie::31 in this document?,id:movies:movie::131237,0
Which year is associated with the film Dangerous Minds in this document?,id:movies:movie::44788,0
Which year is associated with the film Dangerous Minds in this document?,id:movies:movie::6003,1
What genres are listed for Money Train (1995)?,id:movies:movie::107997,0
What genres are listed for Money Train (1995)?,id:movies:movie::38992,0
Is Dangerous Minds from 1995 classified as a drama?,id:movies:movie::144606,0
Is Dangerous Minds from 1995 classified as a drama?,id:movies:movie::6003,0
Is Dangerous Minds from 1995 classified as a drama?,id:movies:movie::4995,0
In what year was Money Train released?,id:movies:movie::172577,0
In what year was Money Train released?,id:movies:movie::50792,0
How would you categorize Money Train in terms of genre?,id:movies:movie::76093,0
What genres is Leaving Las Vegas (1995) categorized under?,id:movies:movie::1884,0
"Which film has the title Money Train and includes Action, Comedy, Crime, Drama, and Thriller?",id:movies:movie::1963,0
"Which film has the title Money Train and includes Action, Comedy, Crime, Drama, and Thriller?",id:movies:movie::2186,0
"Which film has the title Money Train and includes Action, Comedy, Crime, Drama, and Thriller?",id:movies:movie::7926,0
What is the full genre listing for the movie Money Train (1995)?,id:movies:movie::3537,0
What is the full genre listing for the movie Money Train (1995)?,id:movies:movie::38992,0
What is the full genre listing for the movie Money Train (1995)?,id:movies:movie::92264,0
Is Leaving Las Vegas a drama film or a romance film?,id:movies:movie::79251,0
What is the internal document ID for Leaving Las Vegas (1995)?,id:movies:movie::1884,0
"If I’m looking for a movie that mixes Action and Comedy, would Money Train be a match?",id:movies:movie::126577,1
"If I’m looking for a movie that mixes Action and Comedy, would Money Train be a match?",id:movies:movie::3786,1
"If I’m looking for a movie that mixes Action and Comedy, would Money Train be a match?",id:movies:movie::3851,1
Which movie released in 1995 has the title Now and Then?,id:movies:movie::50792,0
Which movie released in 1995 has the title Now and Then?,id:movies:movie::473,0
Which movie released in 1995 has the title Now and Then?,id:movies:movie::4969,0
"What is the official title of the movie described as having Action, Comedy, Crime, Drama, and Thriller?",id:movies:movie::7215,0
What year is shown in the title Leaving Las Vegas (1995)?,id:movies:movie::1884,0
What year is shown in the title Leaving Las Vegas (1995)?,id:movies:movie::1461,0
"What is the official title of the movie described as having Action, Comedy, Crime, Drama, and Thriller?",id:movies:movie::26701,1
"What is the official title of the movie described as having Action, Comedy, Crime, Drama, and Thriller?",id:movies:movie::134004,0
Does Money Train blend both drama and thriller elements?,id:movies:movie::111617,0
"What is the official title of the movie described as having Action, Comedy, Crime, Drama, and Thriller?",id:movies:movie::46335,1
Does Money Train blend both drama and thriller elements?,id:movies:movie::2344,2
Which 1995 film has both Drama and Romance genres and is titled Leaving Las Vegas?,id:movies:movie::1884,0
Which 1995 film has both Drama and Romance genres and is titled Leaving Las Vegas?,id:movies:movie::17,0
Which 1995 film has both Drama and Romance genres and is titled Leaving Las Vegas?,id:movies:movie::85,0
What is the document ID for the movie Assassins (1995)?,id:movies:movie::134004,0
What is the document ID for the movie Assassins (1995)?,id:movies:movie::585,0
What is the document ID for the movie Assassins (1995)?,id:movies:movie::57,0
In what year was Assassins released?,id:movies:movie::172577,0
In what year was Assassins released?,id:movies:movie::50792,0
What are the genres of the movie Leaving Las Vegas listed in the document?,id:movies:movie::59421,0
What are the genres of the movie Leaving Las Vegas listed in the document?,id:movies:movie::1884,0
What are the genres of the movie Leaving Las Vegas listed in the document?,id:movies:movie::1461,0
What are the genres of the 1995 film Assassins?,id:movies:movie::107997,0
What are the genres of the 1995 film Assassins?,id:movies:movie::3326,0
"Is Assassins (1995) categorized as Action, Crime, and Thriller?",id:movies:movie::6,0
"Is Assassins (1995) categorized as Action, Crime, and Thriller?",id:movies:movie::170,0
What is the unique identifier id for the movie Leaving Las Vegas (1995) in this dataset?,id:movies:movie::59421,0
What is the unique identifier id for the movie Leaving Las Vegas (1995) in this dataset?,id:movies:movie::114601,0
What is the unique identifier id for the movie Leaving Las Vegas (1995) in this dataset?,id:movies:movie::1884,0
What genre categories does the movie Assassins belong to according to the record?,id:movies:movie::477,0
What is the title of the drama romance movie listed in this document?,id:movies:movie::7184,2
What is the title of the drama romance movie listed in this document?,id:movies:movie::2620,2
What is the title of the drama romance movie listed in this document?,id:movies:movie::134004,1
What is the title of the drama romance movie listed in this document?,id:movies:movie::102123,0
What is the title of the movie with document ID id:movies:movie::23?,id:movies:movie::134004,0
What is the title of the movie with document ID id:movies:movie::23?,id:movies:movie::6433,0
What is the title of the movie with document ID id:movies:movie::23?,id:movies:movie::121715,0
What is the title of the movie with document ID id:movies:movie::23?,id:movies:movie::5028,0
What are the genres linked to the movie titled Assassins from 1995 in this document?,id:movies:movie::3326,0
What are the genres linked to the movie titled Assassins from 1995 in this document?,id:movies:movie::107997,0
What are the genres linked to the movie titled Assassins from 1995 in this document?,id:movies:movie::2327,0
Which film released in 1995 is titled Assassins?,id:movies:movie::50792,0
Which film released in 1995 is titled Assassins?,id:movies:movie::49,0
What is the full title and release year of the film Powder?,id:movies:movie::50792,0
What is the full title and release year of the film Powder?,id:movies:movie::134004,0
What is the full title and release year of the film Powder?,id:movies:movie::1641,0
What genres describe Powder (1995)?,id:movies:movie::104863,0
What genres describe Powder (1995)?,id:movies:movie::3809,0
What genres are associated with Powder (1995) in its metadata?,id:movies:movie::107997,0
What genres are associated with Powder (1995) in its metadata?,id:movies:movie::68650,0
"If I search by Powder's title, which genres should I expect to see?",id:movies:movie::113604,0
"If I search by Powder's title, which genres should I expect to see?",id:movies:movie::95199,0
"If I search by Powder's title, which genres should I expect to see?",id:movies:movie::6818,0
"If I search by Powder's title, which genres should I expect to see?",id:movies:movie::142558,0
Which film from 1995 carries the title Powder and what genres does it belong to?,id:movies:movie::105037,0
In what year was Powder released?,id:movies:movie::172577,0
In what year was Powder released?,id:movies:movie::68650,0
"Would Powder be considered a drama, a science-fiction film, or both?",id:movies:movie::946,0
"Would Powder be considered a drama, a science-fiction film, or both?",id:movies:movie::1303,0
"What is Cry, the Beloved Country (1995) and which genre does it belong to?",id:movies:movie::134004,0
"In what year was Cry, the Beloved Country released as a drama film?",id:movies:movie::496,0
"In what year was Cry, the Beloved Country released as a drama film?",id:movies:movie::36533,0
"Find the 1995 drama movie titled Cry, the Beloved Country.",id:movies:movie::2314,0
"What is the genre of Cry, the Beloved Country (1995)?",id:movies:movie::134004,0
"What is the genre of Cry, the Beloved Country (1995)?",id:movies:movie::2314,0
"Is Powder listed as Drama, Sci-Fi, or both in its genre tags?",id:movies:movie::188797,0
"Is Powder listed as Drama, Sci-Fi, or both in its genre tags?",id:movies:movie::68650,1
What genres does Dead Presidents (1995) belong to?,id:movies:movie::11,0
"Which film released in 1995 is called Cry, the Beloved Country and categorized as drama?",id:movies:movie::50792,0
"Which film released in 1995 is called Cry, the Beloved Country and categorized as drama?",id:movies:movie::679,0
"Give me information on Cry, the Beloved Country, the drama movie released in 1995.",id:movies:movie::679,0
"Give me information on Cry, the Beloved Country, the drama movie released in 1995.",id:movies:movie::113378,0
In what year was Dead Presidents released?,id:movies:movie::172577,0
In what year was Dead Presidents released?,id:movies:movie::50792,0
"Provide details for the Cry, the Beloved Country (1995) film in the drama category.",id:movies:movie::679,0
"Provide details for the Cry, the Beloved Country (1995) film in the drama category.",id:movies:movie::3200,0
"Is Cry, the Beloved Country a drama film from 1995?",id:movies:movie::36533,0
"Is Cry, the Beloved Country a drama film from 1995?",id:movies:movie::679,0
What are the three genres associated with Dead Presidents (1995)?,id:movies:movie::11,0
What are the three genres associated with Dead Presidents (1995)?,id:movies:movie::107997,0
What are the three genres associated with Dead Presidents (1995)?,id:movies:movie::201,0
What is the internal ID of the Dead Presidents movie in the dataset?,id:movies:movie::8375,0
What is the internal ID of the Dead Presidents movie in the dataset?,id:movies:movie::134004,0
What is the internal ID of the Dead Presidents movie in the dataset?,id:movies:movie::11,0
When was It Takes Two released?,id:movies:movie::3454,0
When was It Takes Two released?,id:movies:movie::50792,0
What is the exact title of the film listed with the ID id:movies:movie::42?,id:movies:movie::56587,0
What is the exact title of the film listed with the ID id:movies:movie::42?,id:movies:movie::134004,0
What is the exact title of the film listed with the ID id:movies:movie::42?,id:movies:movie::7013,0
What is the exact title of the film listed with the ID id:movies:movie::42?,id:movies:movie::105037,0
What is the title and year of the movie described by the document?,id:movies:movie::134004,2
What is the title and year of the movie described by the document?,id:movies:movie::5102,2
What is the title and year of the movie described by the document?,id:movies:movie::1652,2
What is the title and year of the movie described by the document?,id:movies:movie::48593,2
"Is Dead Presidents categorized as an action, crime, and drama film?",id:movies:movie::27692,0
"Is Dead Presidents categorized as an action, crime, and drama film?",id:movies:movie::4946,0
"If I want an action crime drama from this document, which title should I pick?",id:movies:movie::113604,0
"If I want an action crime drama from this document, which title should I pick?",id:movies:movie::3851,0
"If I want an action crime drama from this document, which title should I pick?",id:movies:movie::5803,1
Which genres are assigned to It Takes Two in the record?,id:movies:movie::3454,0
Which genres are assigned to It Takes Two in the record?,id:movies:movie::118512,0
Which genres are assigned to It Takes Two in the record?,id:movies:movie::3477,0
Does the document classify It Takes Two as a comedy?,id:movies:movie::3454,0
What is the title of the 1995 film in the document?,id:movies:movie::134004,0
What is the title of the 1995 film in the document?,id:movies:movie::7013,0
What is the title of the 1995 film in the document?,id:movies:movie::164,2
Does the document classify It Takes Two as a children's film?,id:movies:movie::1784,0
Does the document classify It Takes Two as a children's film?,id:movies:movie::3454,0
What year was Pocahontas released?,id:movies:movie::496,0
What year was Pocahontas released?,id:movies:movie::172577,0
What year was Pocahontas released?,id:movies:movie::50792,0
What genres is Pocahontas (1995) classified under?,id:movies:movie::134004,0
What genres is Pocahontas (1995) classified under?,id:movies:movie::204,0
What genres is Pocahontas (1995) classified under?,id:movies:movie::49,0
What are It Takes Two's release year and genres as recorded in the document?,id:movies:movie::1784,0
What are It Takes Two's release year and genres as recorded in the document?,id:movies:movie::50792,0
What are It Takes Two's release year and genres as recorded in the document?,id:movies:movie::107997,0
What are It Takes Two's release year and genres as recorded in the document?,id:movies:movie::5863,0
What two genres are listed for It Takes Two?,id:movies:movie::38992,0
What two genres are listed for It Takes Two?,id:movies:movie::6428,0
What two genres are listed for It Takes Two?,id:movies:movie::618,0
Is It Takes Two categorized under both Children and Comedy?,id:movies:movie::5863,0
Is It Takes Two categorized under both Children and Comedy?,id:movies:movie::3454,0
Is It Takes Two categorized under both Children and Comedy?,id:movies:movie::162578,0
Is Pocahontas (1995) an animated film?,id:movies:movie::94160,0
Is Pocahontas (1995) an animated film?,id:movies:movie::4526,0
Is Pocahontas (1995) an animated film?,id:movies:movie::3018,0
Is Pocahontas (1995) aimed at children?,id:movies:movie::95193,2
Is Pocahontas (1995) aimed at children?,id:movies:movie::49,0
Is Pocahontas (1995) aimed at children?,id:movies:movie::97285,0
How many genres are listed for Pocahontas (1995)?,id:movies:movie::89837,0
How many genres are listed for Pocahontas (1995)?,id:movies:movie::45,0
How many genres are listed for Pocahontas (1995)?,id:movies:movie::117109,0
What genres are listed for the 1995 film To Die For?,id:movies:movie::130482,0
What genres are listed for the 1995 film To Die For?,id:movies:movie::8765,0
What genres are listed for the 1995 film To Die For?,id:movies:movie::57,0
Do drama and romance appear among Pocahontas's genres?,id:movies:movie::82499,0
Do drama and romance appear among Pocahontas's genres?,id:movies:movie::1405,0
Do drama and romance appear among Pocahontas's genres?,id:movies:movie::114246,0
Do drama and romance appear among Pocahontas's genres?,id:movies:movie::121374,0
Is Pocahontas a musical?,id:movies:movie::25996,1
Is Pocahontas a musical?,id:movies:movie::8738,1
Is Pocahontas a musical?,id:movies:movie::93006,1
"What is the genre mix for To Die For, released in 1995?",id:movies:movie::57,0
"What is the genre mix for To Die For, released in 1995?",id:movies:movie::136786,0
"What is the genre mix for To Die For, released in 1995?",id:movies:movie::203,0
Which genres describe the film To Die For (1995)?,id:movies:movie::91483,0
Which genres describe the film To Die For (1995)?,id:movies:movie::130482,0
Which genres describe the film To Die For (1995)?,id:movies:movie::8765,0
How is the 1995 movie To Die For genre-classified?,id:movies:movie::46,0
How is the 1995 movie To Die For genre-classified?,id:movies:movie::6549,0
How is the 1995 movie To Die For genre-classified?,id:movies:movie::143896,0
Which genres accompany the animation listing for Pocahontas (1995)?,id:movies:movie::56587,0
Which genres accompany the animation listing for Pocahontas (1995)?,id:movies:movie::95193,1
Which genres accompany the animation listing for Pocahontas (1995)?,id:movies:movie::57,0
"Is To Die For (1995) a comedy, a drama, and a thriller?",id:movies:movie::7040,0
"Is To Die For (1995) a comedy, a drama, and a thriller?",id:movies:movie::165,0
"Is To Die For (1995) a comedy, a drama, and a thriller?",id:movies:movie::100498,0
What are the genre categories for To Die For (1995) according to the document?,id:movies:movie::4280,0
What are the genre categories for To Die For (1995) according to the document?,id:movies:movie::57,0
What are the genre categories for To Die For (1995) according to the document?,id:movies:movie::203,0
How would you categorize the 1995 film To Die For by genre?,id:movies:movie::46,0
How would you categorize the 1995 film To Die For by genre?,id:movies:movie::1273,0
How would you categorize the 1995 film To Die For by genre?,id:movies:movie::82499,0
Tell me about the genre combination of the 1995 film To Die For.,id:movies:movie::55620,0
Tell me about the genre combination of the 1995 film To Die For.,id:movies:movie::195,0
Tell me about the genre combination of the 1995 film To Die For.,id:movies:movie::91483,0
In what year was the movie Seven (also known as Se7en) released?,id:movies:movie::496,0
In what year was the movie Seven (also known as Se7en) released?,id:movies:movie::4359,0
In what year was the movie Seven (also known as Se7en) released?,id:movies:movie::172577,0
Tell me about the 1995 film Seven with the alternative title Se7en.,id:movies:movie::55620,0
What is the title of the 1995 mystery thriller film also known as Se7en?,id:movies:movie::164,0
Tell me about the 1995 film Seven with the alternative title Se7en.,id:movies:movie::4426,0
What is the title of the 1995 mystery thriller film also known as Se7en?,id:movies:movie::26701,0
Tell me about the 1995 film Seven with the alternative title Se7en.,id:movies:movie::8600,0
What is the title of the 1995 mystery thriller film also known as Se7en?,id:movies:movie::110387,0
Is Seven the same movie as Se7en released in 1995?,id:movies:movie::1619,0
Is Seven the same movie as Se7en released in 1995?,id:movies:movie::3634,0
Is Seven the same movie as Se7en released in 1995?,id:movies:movie::50792,0
What genres describe the film Seven (Se7en)?,id:movies:movie::6785,0
What genres describe the film Seven (Se7en)?,id:movies:movie::162350,0
What genres describe the film Seven (Se7en)?,id:movies:movie::4327,0
Give me information on the movie Seven from 1995.,id:movies:movie::113378,0
Give me information on the movie Seven from 1995.,id:movies:movie::4616,0
Give me information on the movie Seven from 1995.,id:movies:movie::330,0
Give me information on the movie Seven from 1995.,id:movies:movie::2327,0
Which movie has the alternate title Se7en and belongs to Mystery and Thriller?,id:movies:movie::31427,0
Which movie has the alternate title Se7en and belongs to Mystery and Thriller?,id:movies:movie::4409,0
Which movie has the alternate title Se7en and belongs to Mystery and Thriller?,id:movies:movie::8773,0
Which movie in this record has the identifier id:movies:movie::43?,id:movies:movie::6760,0
Which movie in this record has the identifier id:movies:movie::43?,id:movies:movie::3477,0
Which movie in this record has the identifier id:movies:movie::43?,id:movies:movie::3985,0
Which movie in this record has the identifier id:movies:movie::43?,id:movies:movie::3990,0
What is the title and release year of the drama film in this document?,id:movies:movie::50792,2
What is the title and release year of the drama film in this document?,id:movies:movie::102123,0
What is the title and release year of the drama film in this document?,id:movies:movie::44788,0
What is the title and release year of the drama film in this document?,id:movies:movie::2008,2
In what year was Restoration released according to this document?,id:movies:movie::496,0
In what year was Restoration released according to this document?,id:movies:movie::4280,0
In what year was Restoration released according to this document?,id:movies:movie::172577,0
What metadata fields are provided for Restoration (1995) in this entry?,id:movies:movie::107997,0
What metadata fields are provided for Restoration (1995) in this entry?,id:movies:movie::103685,0
What metadata fields are provided for Restoration (1995) in this entry?,id:movies:movie::4354,0
What is the genre tag attached to Restoration (1995)?,id:movies:movie::134004,0
What is the genre tag attached to Restoration (1995)?,id:movies:movie::188797,0
What is the genre tag attached to Restoration (1995)?,id:movies:movie::84374,0
What genre is Restoration (1995) classified under?,id:movies:movie::134004,0
What genre is Restoration (1995) classified under?,id:movies:movie::204,0
What genre is Restoration (1995) classified under?,id:movies:movie::49,0
What are the document ID and title for the film Restoration (1995)?,id:movies:movie::107997,0
What are the document ID and title for the film Restoration (1995)?,id:movies:movie::3326,0
What are the document ID and title for the film Restoration (1995)?,id:movies:movie::57,0
Which entry describes a drama film titled Restoration?,id:movies:movie::4354,0
Which entry describes a drama film titled Restoration?,id:movies:movie::922,0
Which entry describes a drama film titled Restoration?,id:movies:movie::8044,0
Describe the film Seven that is listed under the genres Mystery and Thriller.,id:movies:movie::89837,0
Describe the film Seven that is listed under the genres Mystery and Thriller.,id:movies:movie::7930,0
Describe the film Seven that is listed under the genres Mystery and Thriller.,id:movies:movie::31921,1
Describe the film Seven that is listed under the genres Mystery and Thriller.,id:movies:movie::26701,0
What is the document ID for the movie Richard III (1995)?,id:movies:movie::1050,0
What is the document ID for the movie Richard III (1995)?,id:movies:movie::134004,0
What is the document ID for the movie Richard III (1995)?,id:movies:movie::585,0
In what year was Richard III released according to this record?,id:movies:movie::496,0
In what year was Richard III released according to this record?,id:movies:movie::4280,0
In what year was Richard III released according to this record?,id:movies:movie::172577,0
Which genres are listed for Richard III (1995)?,id:movies:movie::1050,1
Which genres are listed for Richard III (1995)?,id:movies:movie::89837,0
Which genres are listed for Richard III (1995)?,id:movies:movie::45,0
What are the two genre tags attached to Richard III (1995)?,id:movies:movie::107997,0
What are the two genre tags attached to Richard III (1995)?,id:movies:movie::188797,0
What are the two genre tags attached to Richard III (1995)?,id:movies:movie::618,0
"Is Richard III (1995) considered a drama film, a war film, or both?",id:movies:movie::164,0
"Is Richard III (1995) considered a drama film, a war film, or both?",id:movies:movie::79251,0
How would I search for the film named Richard III with the year 1995 in this dataset?,id:movies:movie::1375,0
"Is Richard III (1995) considered a drama film, a war film, or both?",id:movies:movie::922,0
How would I search for the film named Richard III with the year 1995 in this dataset?,id:movies:movie::8765,0
How would I search for the film named Richard III with the year 1995 in this dataset?,id:movies:movie::123553,0
What is the title of the film released in 1995 that is categorized as Drama and War?,id:movies:movie::134004,0
What is the title of the film released in 1995 that is categorized as Drama and War?,id:movies:movie::49,1
What is the title of the film released in 1995 that is categorized as Drama and War?,id:movies:movie::50792,0
What is the title of the film released in 1995 that is categorized as Drama and War?,id:movies:movie::3537,0
"When was Usual Suspects, The (1995) released?",id:movies:movie::96520,0
"When was Usual Suspects, The (1995) released?",id:movies:movie::49,0
"When was Usual Suspects, The (1995) released?",id:movies:movie::50792,0
"What genres are listed for Usual Suspects, The (1995)?",id:movies:movie::107997,0
"What genres are listed for Usual Suspects, The (1995)?",id:movies:movie::96520,0
"What genres are listed for Usual Suspects, The (1995)?",id:movies:movie::3326,0
"What is the document ID for Usual Suspects, The (1995)?",id:movies:movie::96520,0
"What is the document ID for Usual Suspects, The (1995)?",id:movies:movie::134004,0
"What is the document ID for Usual Suspects, The (1995)?",id:movies:movie::57,0
What is the exact film name and release year shown for the Drama and War entry in the document?,id:movies:movie::50792,0
What is the exact film name and release year shown for the Drama and War entry in the document?,id:movies:movie::1398,0
What is the exact film name and release year shown for the Drama and War entry in the document?,id:movies:movie::5975,2
What is the exact film name and release year shown for the Drama and War entry in the document?,id:movies:movie::475,0
"Is Usual Suspects, The (1995) a crime, mystery, and thriller film?",id:movies:movie::164,2
"Is Usual Suspects, The (1995) a crime, mystery, and thriller film?",id:movies:movie::1617,2
"Is Usual Suspects, The (1995) a crime, mystery, and thriller film?",id:movies:movie::26761,2
What year was Mighty Aphrodite released?,id:movies:movie::496,0
What year was Mighty Aphrodite released?,id:movies:movie::172577,0
What year was Mighty Aphrodite released?,id:movies:movie::50792,0
"Which movie from 1995 is categorized under Crime, Mystery, and Thriller?",id:movies:movie::4865,0
"Which movie from 1995 is categorized under Crime, Mystery, and Thriller?",id:movies:movie::26701,0
"Which movie from 1995 is categorized under Crime, Mystery, and Thriller?",id:movies:movie::22,2
"Which movie from 1995 is categorized under Crime, Mystery, and Thriller?",id:movies:movie::3906,0
What is the exact title used for the 1995 film in this document?,id:movies:movie::8765,0
What is the exact title used for the 1995 film in this document?,id:movies:movie::102123,0
What is the exact title used for the 1995 film in this document?,id:movies:movie::44788,0
"Describe the 1995 film Usual Suspects, The in terms of its genres.",id:movies:movie::96520,0
What is the exact title used for the 1995 film in this document?,id:movies:movie::2008,0
"Describe the 1995 film Usual Suspects, The in terms of its genres.",id:movies:movie::1958,0
"Describe the 1995 film Usual Suspects, The in terms of its genres.",id:movies:movie::164,0
What are the genres listed for Mighty Aphrodite (1995)?,id:movies:movie::107997,0
What are the genres listed for Mighty Aphrodite (1995)?,id:movies:movie::3326,0
"Are Crime and Thriller the only genres for Usual Suspects, The (1995), or does Mystery also apply?",id:movies:movie::96520,0
What are the genres listed for Mighty Aphrodite (1995)?,id:movies:movie::181,0
"Are Crime and Thriller the only genres for Usual Suspects, The (1995), or does Mystery also apply?",id:movies:movie::26761,0
"Are Crime and Thriller the only genres for Usual Suspects, The (1995), or does Mystery also apply?",id:movies:movie::96471,0
What is the exact title of the movie that has the document ID id:movies:movie::52?,id:movies:movie::134004,0
What is the exact title of the movie that has the document ID id:movies:movie::52?,id:movies:movie::193567,0
What is the exact title of the movie that has the document ID id:movies:movie::52?,id:movies:movie::3985,0
What is the exact title of the movie that has the document ID id:movies:movie::52?,id:movies:movie::1353,0
What is the document ID for the film Mighty Aphrodite?,id:movies:movie::134004,0
What is the document ID for the film Mighty Aphrodite?,id:movies:movie::2310,0
What is the document ID for the film Mighty Aphrodite?,id:movies:movie::2082,0
Which movie entry corresponds to the ID id:movies:movie::52?,id:movies:movie::4354,0
Which movie entry corresponds to the ID id:movies:movie::52?,id:movies:movie::5382,0
Which movie entry corresponds to the ID id:movies:movie::52?,id:movies:movie::4714,0
Which movie entry corresponds to the ID id:movies:movie::52?,id:movies:movie::26701,0
Is Mighty Aphrodite associated with more than one genre in this document?,id:movies:movie::52952,0
Is Mighty Aphrodite associated with more than one genre in this document?,id:movies:movie::99117,0
Is Mighty Aphrodite associated with more than one genre in this document?,id:movies:movie::7184,0
Which data fields are included for Mighty Aphrodite in the document?,id:movies:movie::103685,0
Which data fields are included for Mighty Aphrodite in the document?,id:movies:movie::2310,0
Which data fields are included for Mighty Aphrodite in the document?,id:movies:movie::8169,0
How many genres is Mighty Aphrodite categorized under in the record?,id:movies:movie::3414,0
How many genres is Mighty Aphrodite categorized under in the record?,id:movies:movie::3477,0
How many genres is Mighty Aphrodite categorized under in the record?,id:movies:movie::2310,0
What genres are listed for Dead Man Walking in the entry?,id:movies:movie::336,0
What genres are listed for Dead Man Walking in the entry?,id:movies:movie::107997,0
What genres are listed for Dead Man Walking in the entry?,id:movies:movie::714,0
What is the document ID for the movie Dead Man Walking?,id:movies:movie::134004,0
What is the document ID for the movie Dead Man Walking?,id:movies:movie::714,0
What is the exact movie title shown in the document?,id:movies:movie::134004,2
What is the exact movie title shown in the document?,id:movies:movie::115122,2
What is the exact movie title shown in the document?,id:movies:movie::3990,2
What is the exact movie title shown in the document?,id:movies:movie::59421,2
Which film corresponds to the document identifier id:movies:movie::36?,id:movies:movie::91483,0
Which film corresponds to the document identifier id:movies:movie::36?,id:movies:movie::47566,0
Which film corresponds to the document identifier id:movies:movie::36?,id:movies:movie::7926,0
Which film corresponds to the document identifier id:movies:movie::36?,id:movies:movie::5382,0
What year is listed in the Dead Man Walking title in this record?,id:movies:movie::336,2
What year is listed in the Dead Man Walking title in this record?,id:movies:movie::6760,0
What year is listed in the Dead Man Walking title in this record?,id:movies:movie::59421,0
"Which fields are included for this movie entry (documentid, title, genres)?",id:movies:movie::4354,2
"Which fields are included for this movie entry (documentid, title, genres)?",id:movies:movie::8765,2
"Which fields are included for this movie entry (documentid, title, genres)?",id:movies:movie::8169,2
"Which fields are included for this movie entry (documentid, title, genres)?",id:movies:movie::1302,2
Are both Crime and Drama listed as genres for Dead Man Walking?,id:movies:movie::336,0
Are both Crime and Drama listed as genres for Dead Man Walking?,id:movies:movie::1243,0
Are both Crime and Drama listed as genres for Dead Man Walking?,id:movies:movie::803,0
What two genres does the catalog assign to Dead Man Walking?,id:movies:movie::336,0
What two genres does the catalog assign to Dead Man Walking?,id:movies:movie::477,0
What two genres does the catalog assign to Dead Man Walking?,id:movies:movie::27899,0
"Which film in the document has the genres Action, Adventure, and Fantasy?",id:movies:movie::33681,2
"Which film in the document has the genres Action, Adventure, and Fantasy?",id:movies:movie::7757,2
"Which film in the document has the genres Action, Adventure, and Fantasy?",id:movies:movie::123553,2
What genres is Mortal Kombat (1995) categorized under?,id:movies:movie::136297,1
"Which film in the document has the genres Action, Adventure, and Fantasy?",id:movies:movie::188301,2
What genres is Mortal Kombat (1995) categorized under?,id:movies:movie::1681,0
What genres is Mortal Kombat (1995) categorized under?,id:movies:movie::134004,0
"If I want a 1995 film called Mortal Kombat, what genres should I expect according to the document?",id:movies:movie::5384,0
"If I want a 1995 film called Mortal Kombat, what genres should I expect according to the document?",id:movies:movie::136297,2
"If I want a 1995 film called Mortal Kombat, what genres should I expect according to the document?",id:movies:movie::95199,0
Which year is shown in the title Mortal Kombat (1995) in the document?,id:movies:movie::136297,2
Which year is shown in the title Mortal Kombat (1995) in the document?,id:movies:movie::1681,0
Which year is shown in the title Mortal Kombat (1995) in the document?,id:movies:movie::96,0
How is the film Mortal Kombat (1995) titled in the document?,id:movies:movie::136297,2
How is the film Mortal Kombat (1995) titled in the document?,id:movies:movie::1681,0
How is the film Mortal Kombat (1995) titled in the document?,id:movies:movie::164,0
What is the full title of the movie released in 1995 that’s included in the document?,id:movies:movie::5786,0
What is the full title of the movie released in 1995 that’s included in the document?,id:movies:movie::407,2
What is the full title of the movie released in 1995 that’s included in the document?,id:movies:movie::60,2
What is the full title of the movie released in 1995 that’s included in the document?,id:movies:movie::156,2
What are the genres of the film 'How to Make an American Quilt' released in 1995?,id:movies:movie::139915,0
What are the genres of the film 'How to Make an American Quilt' released in 1995?,id:movies:movie::98908,0
What are the genres of the film 'How to Make an American Quilt' released in 1995?,id:movies:movie::900,0
What exactly are the genres listed for Mortal Kombat (1995) in this document?,id:movies:movie::136297,2
What exactly are the genres listed for Mortal Kombat (1995) in this document?,id:movies:movie::1681,0
"When did How to Make an American Quilt come out, and what genres is it categorized under?",id:movies:movie::139915,0
What exactly are the genres listed for Mortal Kombat (1995) in this document?,id:movies:movie::107997,0
"Is Mortal Kombat (1995) described as action, adventure, and fantasy?",id:movies:movie::1681,0
"When did How to Make an American Quilt come out, and what genres is it categorized under?",id:movies:movie::98908,0
"Is Mortal Kombat (1995) described as action, adventure, and fantasy?",id:movies:movie::136297,1
"When did How to Make an American Quilt come out, and what genres is it categorized under?",id:movies:movie::95199,0
"Is Mortal Kombat (1995) described as action, adventure, and fantasy?",id:movies:movie::55259,0
What year was How to Make an American Quilt released and which genres does it belong to?,id:movies:movie::139915,0
What year was How to Make an American Quilt released and which genres does it belong to?,id:movies:movie::98908,0
What year was How to Make an American Quilt released and which genres does it belong to?,id:movies:movie::477,0
What genre classifications does How to Make an American Quilt have?,id:movies:movie::139915,0
Is How to Make an American Quilt considered both a drama and a romance movie?,id:movies:movie::98908,0
What genre classifications does How to Make an American Quilt have?,id:movies:movie::98908,0
What is the document ID for the Clueless movie entry?,id:movies:movie::134004,0
Is How to Make an American Quilt considered both a drama and a romance movie?,id:movies:movie::139915,0
What genre classifications does How to Make an American Quilt have?,id:movies:movie::7215,0
Is How to Make an American Quilt considered both a drama and a romance movie?,id:movies:movie::4357,0
What is the document ID for the Clueless movie entry?,id:movies:movie::4354,0
What is the document ID for the Clueless movie entry?,id:movies:movie::136786,0
What genres is Clueless (1995) listed under in this document?,id:movies:movie::99117,0
What genres is Clueless (1995) listed under in this document?,id:movies:movie::52952,0
What genres is Clueless (1995) listed under in this document?,id:movies:movie::134004,0
Tell me about the 1995 movie How to Make an American Quilt.,id:movies:movie::139915,0
Tell me about the 1995 movie How to Make an American Quilt.,id:movies:movie::98908,0
Tell me about the 1995 movie How to Make an American Quilt.,id:movies:movie::195,0
Which film titled How to Make an American Quilt is associated with the drama and romance genres?,id:movies:movie::139915,0
Which film titled How to Make an American Quilt is associated with the drama and romance genres?,id:movies:movie::98908,0
Which film titled How to Make an American Quilt is associated with the drama and romance genres?,id:movies:movie::6549,0
Describe the genre profile of How to Make an American Quilt.,id:movies:movie::139915,0
Describe the genre profile of How to Make an American Quilt.,id:movies:movie::98908,0
Describe the genre profile of How to Make an American Quilt.,id:movies:movie::45361,0
Which movie entry has the document ID id:movies:movie::39 and what is its title?,id:movies:movie::134004,0
Which movie entry has the document ID id:movies:movie::39 and what is its title?,id:movies:movie::4354,0
Which movie entry has the document ID id:movies:movie::39 and what is its title?,id:movies:movie::3985,0
Which movie entry has the document ID id:movies:movie::39 and what is its title?,id:movies:movie::5028,0
What is the exact title of the movie associated with the ID id:movies:movie::39?,id:movies:movie::134004,0
What genres are attached to the film titled Clueless (1995) in the entry?,id:movies:movie::107997,0
"Does this record indicate that Clueless (1995) falls under comedy, romance, or both?",id:movies:movie::3477,0
What genres are attached to the film titled Clueless (1995) in the entry?,id:movies:movie::164,0
What is the exact title of the movie associated with the ID id:movies:movie::39?,id:movies:movie::6433,0
What genres are attached to the film titled Clueless (1995) in the entry?,id:movies:movie::91483,0
What is the exact title of the movie associated with the ID id:movies:movie::39?,id:movies:movie::26701,0
"Does this record indicate that Clueless (1995) falls under comedy, romance, or both?",id:movies:movie::121374,0
What is the exact title of the movie associated with the ID id:movies:movie::39?,id:movies:movie::54272,0
"Does this record indicate that Clueless (1995) falls under comedy, romance, or both?",id:movies:movie::1042,0
What genres is When Night Is Falling categorized under?,id:movies:movie::134004,0
What year is included in the Clueless title in this dataset?,id:movies:movie::6760,0
What genres is When Night Is Falling categorized under?,id:movies:movie::27369,0
What year is included in the Clueless title in this dataset?,id:movies:movie::59421,0
What genres is When Night Is Falling categorized under?,id:movies:movie::177939,0
What year is included in the Clueless title in this dataset?,id:movies:movie::102123,0
What year is included in the Clueless title in this dataset?,id:movies:movie::99117,0
"If I search for a 1995 romantic comedy in this document, would Clueless be a match?",id:movies:movie::142558,0
"If I search for a 1995 romantic comedy in this document, would Clueless be a match?",id:movies:movie::2339,1
"If I search for a 1995 romantic comedy in this document, would Clueless be a match?",id:movies:movie::1303,0
What is the document ID for Nixon (1995)?,id:movies:movie::27899,0
What is the document ID for Nixon (1995)?,id:movies:movie::5028,0
"From Nixon's document ID, which collection does the entry belong to?",id:movies:movie::3424,2
Which movie is associated with the document ID id:movies:movie::16?,id:movies:movie::164367,0
Which movie is associated with the document ID id:movies:movie::16?,id:movies:movie::102852,0
Which movie is associated with the document ID id:movies:movie::16?,id:movies:movie::175475,0
What is the exact title tied to the document ID id:movies:movie::16?,id:movies:movie::177939,0
What is the exact title tied to the document ID id:movies:movie::16?,id:movies:movie::27899,0
What is the exact title tied to the document ID id:movies:movie::16?,id:movies:movie::102742,0
"Does the Casino (1995) entry categorize the film as crime, drama, or both?",id:movies:movie::26701,0
What is the exact title tied to the document ID id:movies:movie::16?,id:movies:movie::115122,0
"Does the Casino (1995) entry categorize the film as crime, drama, or both?",id:movies:movie::2008,0
"Which 1995 film is titled GoldenEye and includes action, adventure, and thriller?",id:movies:movie::81132,0
"Which 1995 film is titled GoldenEye and includes action, adventure, and thriller?",id:movies:movie::33681,0
Tell me about the movie GoldenEye from 1995 and its genres.,id:movies:movie::127202,0
Tell me about the movie GoldenEye from 1995 and its genres.,id:movies:movie::33880,0
Tell me about the movie GoldenEye from 1995 and its genres.,id:movies:movie::27002,0
How would you summarize the genre mix of Jumanji (1995)?,id:movies:movie::116724,0
How would you summarize the genre mix of Jumanji (1995)?,id:movies:movie::167772,0
How is the sequel indicated in the film's title?,id:movies:movie::4061,0
How is the sequel indicated in the film's title?,id:movies:movie::111921,0
How is the sequel indicated in the film's title?,id:movies:movie::177939,0
What genre is Ace Ventura: When Nature Calls categorized as?,id:movies:movie::4893,0
How is the sequel indicated in the film's title?,id:movies:movie::147936,0
Is Grumpier Old Men described as a comedy film?,id:movies:movie::1580,0
What is the document ID for the Jumanji movie described here?,id:movies:movie::173535,0
What is the document ID for the Jumanji movie described here?,id:movies:movie::175475,0
What is the document ID for the Jumanji movie described here?,id:movies:movie::108932,0
What is the document ID for the Jumanji movie described here?,id:movies:movie::157340,0
"Which movie released in 1995 has the genres Adventure, Animation, and Children?",id:movies:movie::3754,0
"Which movie released in 1995 has the genres Adventure, Animation, and Children?",id:movies:movie::108932,0
"Which movie released in 1995 has the genres Adventure, Animation, and Children?",id:movies:movie::126921,0
Is Grumpier Old Men described as a romance film?,id:movies:movie::922,0
Is Grumpier Old Men described as a romance film?,id:movies:movie::6273,0
Is Dracula: Dead and Loving It categorized under both comedy and horror?,id:movies:movie::116668,2
Is Dracula: Dead and Loving It categorized under both comedy and horror?,id:movies:movie::1241,2
What is the title of the movie described in the document with the ID id:movies:movie::19?,id:movies:movie::4061,0
What is the title of the movie described in the document with the ID id:movies:movie::19?,id:movies:movie::164367,0
What is the title of the movie described in the document with the ID id:movies:movie::19?,id:movies:movie::4518,0
What is the title of the movie described in the document with the ID id:movies:movie::19?,id:movies:movie::175475,0
What genres are listed for Copycat (1995)?,id:movies:movie::31422,0
What genres are listed for Copycat (1995)?,id:movies:movie::52279,0
Which genre is Four Rooms categorized under in this entry?,id:movies:movie::1288,0
What is the internal document ID for the Get Shorty movie entry?,id:movies:movie::173535,0
What is the internal document ID for the Get Shorty movie entry?,id:movies:movie::108932,0
What is the internal document ID for the Get Shorty movie entry?,id:movies:movie::175475,0
What is the internal document ID for the Get Shorty movie entry?,id:movies:movie::132584,0
How many genres are listed for Get Shorty (1995)?,id:movies:movie::46,0
How many genres are listed for Get Shorty (1995)?,id:movies:movie::31193,0
What is the full title including the year as it appears in the entry?,id:movies:movie::4061,2
What is the full title including the year as it appears in the entry?,id:movies:movie::3329,2
What is the full title including the year as it appears in the entry?,id:movies:movie::160565,2
What is the full title including the year as it appears in the entry?,id:movies:movie::111921,2
When was The City of Lost Children released?,id:movies:movie::183301,0
What is the complete genre lineup for the movie Copycat released in 1995?,id:movies:movie::4061,0
What is the document identifier for the movie Four Rooms?,id:movies:movie::173535,0
What is the complete genre lineup for the movie Copycat released in 1995?,id:movies:movie::175475,0
What is the document identifier for the movie Four Rooms?,id:movies:movie::108932,0
What is the complete genre lineup for the movie Copycat released in 1995?,id:movies:movie::108932,0
What is the document identifier for the movie Four Rooms?,id:movies:movie::175475,0
What is the complete genre lineup for the movie Copycat released in 1995?,id:movies:movie::115122,0
What is the document identifier for the movie Four Rooms?,id:movies:movie::167746,0
Is Mystery among the genres for Copycat (1995)?,id:movies:movie::1645,0
Is Mystery among the genres for Copycat (1995)?,id:movies:movie::5008,0
Show the entry for the movie titled Othello with the year 1995.,id:movies:movie::164367,0
Show the entry for the movie titled Othello with the year 1995.,id:movies:movie::3329,0
Show the entry for the movie titled Othello with the year 1995.,id:movies:movie::160565,0
Show the entry for the movie titled Othello with the year 1995.,id:movies:movie::175475,0
What is the genre of the 1995 film Othello?,id:movies:movie::167772,0
What is the genre of the 1995 film Othello?,id:movies:movie::2066,0
"What is the title of the film associated with the genres Crime, Drama, Horror, Mystery, and Thriller?",id:movies:movie::183011,1
"What is the title of the film associated with the genres Crime, Drama, Horror, Mystery, and Thriller?",id:movies:movie::164367,1
What year is Twelve Monkeys listed as released?,id:movies:movie::5028,0
Which movie in the database is Othello and was released in 1995?,id:movies:movie::96,0
Which movie in the database is Othello and was released in 1995?,id:movies:movie::407,0
Which movie in the database is Othello and was released in 1995?,id:movies:movie::175397,0
Which movie in the database is Othello and was released in 1995?,id:movies:movie::475,0
What year is associated with Persuasion in this document?,id:movies:movie::2620,0
What year is associated with Persuasion in this document?,id:movies:movie::102123,0
Are Drama and Romance the only genres assigned to Persuasion (1995)?,id:movies:movie::7215,0
What is the title of the film released in 1995 that is a drama?,id:movies:movie::27899,0
Are Drama and Romance the only genres assigned to Persuasion (1995)?,id:movies:movie::107771,0
What is the title of the film released in 1995 that is a drama?,id:movies:movie::6273,0
What is the title of the film released in 1995 that is a drama?,id:movies:movie::475,0
What is the title of the film released in 1995 that is a drama?,id:movies:movie::1950,0
"Which movie entry lists the year 1995 and includes the genres Mystery, Sci-Fi, and Thriller?",id:movies:movie::184253,0
"Which movie entry lists the year 1995 and includes the genres Mystery, Sci-Fi, and Thriller?",id:movies:movie::1909,0
What genres are listed for Now and Then (1995)?,id:movies:movie::6588,0
What is the document ID for this movie entry?,id:movies:movie::8765,2
What is the document ID for this movie entry?,id:movies:movie::27899,2
Can you share basic information about Now and Then from 1995?,id:movies:movie::1934,0
What are the exact words used to indicate the alternate title after the main title in the entry?,id:movies:movie::4061,2
Can you share basic information about Now and Then from 1995?,id:movies:movie::6588,0
Can you share basic information about Now and Then from 1995?,id:movies:movie::3983,0
What are the exact words used to indicate the alternate title after the main title in the entry?,id:movies:movie::111921,2
What are the exact words used to indicate the alternate title after the main title in the entry?,id:movies:movie::147936,2
What are the exact words used to indicate the alternate title after the main title in the entry?,id:movies:movie::117368,2
What is the title of the 1995 film that falls under the genres Children and Drama?,id:movies:movie::126921,0
What is the title of the 1995 film that falls under the genres Children and Drama?,id:movies:movie::2846,0
Is Now and Then considered a children's film?,id:movies:movie::4896,2
Is Now and Then considered a children's film?,id:movies:movie::953,1
Is the 1995 movie Now and Then also categorized as a drama?,id:movies:movie::27692,0
Is the 1995 movie Now and Then also categorized as a drama?,id:movies:movie::103539,0
Is the 1995 movie Now and Then also categorized as a drama?,id:movies:movie::2071,0
Which movie released in 1995 has the title Now and Then?,id:movies:movie::96,0
What year was Now and Then released?,id:movies:movie::6588,0
Which movie released in 1995 has the title Now and Then?,id:movies:movie::407,0
What year was Now and Then released?,id:movies:movie::4969,0
How would you describe the genre mix of Now and Then (1995)?,id:movies:movie::116724,0
How would you describe the genre mix of Now and Then (1995)?,id:movies:movie::146028,0
How would you describe the genre mix of Now and Then (1995)?,id:movies:movie::6588,0
Is Dangerous Minds from 1995 classified as a drama?,id:movies:movie::89761,0
What two genres are listed for It Takes Two?,id:movies:movie::4759,0
What genres are listed for Shanghai Triad?,id:movies:movie::3390,0
What genres are listed for Shanghai Triad?,id:movies:movie::55112,0
Could you provide the title and genre for the record with ID id:movies:movie::31?,id:movies:movie::173535,0
Could you provide the title and genre for the record with ID id:movies:movie::31?,id:movies:movie::146309,0
Could you provide the title and genre for the record with ID id:movies:movie::31?,id:movies:movie::3169,0
Could you provide the title and genre for the record with ID id:movies:movie::31?,id:movies:movie::126921,0
What genres is Pocahontas (1995) classified under?,id:movies:movie::5028,0
Is It Takes Two categorized under both Children and Comedy?,id:movies:movie::60487,0
Is It Takes Two categorized under both Children and Comedy?,id:movies:movie::52730,0
Is Pocahontas a musical?,id:movies:movie::5560,0
What year was Pocahontas released?,id:movies:movie::95193,2
What year was Pocahontas released?,id:movies:movie::1652,0
What are It Takes Two's release year and genres as recorded in the document?,id:movies:movie::115122,0
What are It Takes Two's release year and genres as recorded in the document?,id:movies:movie::1963,0
What are It Takes Two's release year and genres as recorded in the document?,id:movies:movie::6324,0
What genres are listed for the 1995 film To Die For?,id:movies:movie::3674,0
What genres are listed for the 1995 film To Die For?,id:movies:movie::4290,0
What genres are listed for the 1995 film To Die For?,id:movies:movie::95858,0
Do drama and romance appear among Pocahontas's genres?,id:movies:movie::5856,0
Do drama and romance appear among Pocahontas's genres?,id:movies:movie::112749,0
Do drama and romance appear among Pocahontas's genres?,id:movies:movie::5225,0
Do drama and romance appear among Pocahontas's genres?,id:movies:movie::2894,0
"Is To Die For (1995) a comedy, a drama, and a thriller?",id:movies:movie::78469,0
"Is To Die For (1995) a comedy, a drama, and a thriller?",id:movies:movie::119828,0
How many genres are listed for Pocahontas (1995)?,id:movies:movie::46,0
How many genres are listed for Pocahontas (1995)?,id:movies:movie::95193,0
How many genres are listed for Pocahontas (1995)?,id:movies:movie::31193,0
Which genres accompany the animation listing for Pocahontas (1995)?,id:movies:movie::95858,2
Which genres accompany the animation listing for Pocahontas (1995)?,id:movies:movie::167772,2
Is Pocahontas (1995) aimed at children?,id:movies:movie::73804,0
Is Pocahontas (1995) aimed at children?,id:movies:movie::119155,0
How is the 1995 movie To Die For genre-classified?,id:movies:movie::203,0
Film-Noir,id:movies:movie::89753,2
"What is Toy Story (1995), the children's animated adventure comedy fantasy film?",id:movies:movie::3754,0
Is Tom and Huck (1995) considered a children's movie?,id:movies:movie::136503,0
Which movie is associated with the document ID id:movies:movie::16?,id:movies:movie::100083,0
Which movie is associated with the document ID id:movies:movie::16?,id:movies:movie::108932,0
What is the exact film title as stored in the dataset for document id id:movies:movie::7?,id:movies:movie::26701,0
What is the title of the film described by the document with ID id:movies:movie::1?,id:movies:movie::141646,0
What is the title of the film described by the document with ID id:movies:movie::1?,id:movies:movie::4518,0
What is the title of the film described by the document with ID id:movies:movie::1?,id:movies:movie::164367,0
Would Toy Story (1995) be considered a children's film based on its genres?,id:movies:movie::127172,0
What is the exact title tied to the document ID id:movies:movie::16?,id:movies:movie::175475,0
What is the exact title tied to the document ID id:movies:movie::16?,id:movies:movie::108932,0
What is the exact title tied to the document ID id:movies:movie::16?,id:movies:movie::132584,0
"From Nixon's document ID, which collection does the entry belong to?",id:movies:movie::165343,2
"From Nixon's document ID, what is the type indicated after the collection?",id:movies:movie::5873,2
Is Jumanji (1995) considered a children's movie based on its genres?,id:movies:movie::179401,1
"From Nixon's document ID, what is the type indicated after the collection?",id:movies:movie::1645,2
What genres are associated with the film identified by id:movies:movie::2?,id:movies:movie::999,0
What genres are associated with the film identified by id:movies:movie::2?,id:movies:movie::26701,0
What genres are associated with the film identified by id:movies:movie::2?,id:movies:movie::176389,0
How is Sense and Sensibility (1995) categorized in the dataset's metadata?,id:movies:movie::147936,0
How is the sequel indicated in the film's title?,id:movies:movie::999,0
What is the full title of the movie linked to the document ID id:movies:movie::12?,id:movies:movie::167746,0
What is the full title of the movie linked to the document ID id:movies:movie::12?,id:movies:movie::157340,0
Which movie is identified by the document ID id:movies:movie::19?,id:movies:movie::100083,0
Which movie is identified by the document ID id:movies:movie::19?,id:movies:movie::108932,0
Which movie is identified by the document ID id:movies:movie::19?,id:movies:movie::175475,0
Which movie is identified by the document ID id:movies:movie::19?,id:movies:movie::132584,0
What is the title of the movie described in the document with the ID id:movies:movie::19?,id:movies:movie::108932,0
What is the title of the movie described in the document with the ID id:movies:movie::19?,id:movies:movie::157340,0
What is the title of the movie described in the document with the ID id:movies:movie::19?,id:movies:movie::167746,0
Is the movie Get Shorty (1995) linked to the internal ID id:movies:movie::21?,id:movies:movie::132584,0
Is the movie Get Shorty (1995) linked to the internal ID id:movies:movie::21?,id:movies:movie::157340,0
Does the film's listing include both English and French titles?,id:movies:movie::165343,0
Is The City of Lost Children categorized as Sci-Fi?,id:movies:movie::135216,0
What is the exact title of the movie associated with the ID id:movies:movie::21?,id:movies:movie::108932,0
What is the exact title of the movie associated with the ID id:movies:movie::21?,id:movies:movie::175475,0
What is the exact title of the movie associated with the ID id:movies:movie::21?,id:movies:movie::132584,0
What is the exact title of the movie associated with the ID id:movies:movie::21?,id:movies:movie::167746,0
Is Now and Then considered a children's film?,id:movies:movie::127172,0
"If I want to verify the film's genres in the dataset, which two genres should I expect to see for Persuasion (1995)?",id:movies:movie::8044,0
Does the document show a non-English title for Shanghai Triad?,id:movies:movie::1183,0
Could you provide the title and genre for the record with ID id:movies:movie::31?,id:movies:movie::164367,0
"Which data fields are provided for the Get Shorty (1995) entry (e.g., documentid, title, genres)?",id:movies:movie::26590,2
"If I’m looking for a movie that mixes Action and Comedy, would Money Train be a match?",id:movies:movie::142558,0
What details are given about the film with ID id:movies:movie::31 in this document?,id:movies:movie::26701,0
"If I search by Powder's title, which genres should I expect to see?",id:movies:movie::61257,0
What is the title of the movie with document ID id:movies:movie::23?,id:movies:movie::132584,0
What is the title of the movie with document ID id:movies:movie::23?,id:movies:movie::157340,0
"Is Powder listed as Drama, Sci-Fi, or both in its genre tags?",id:movies:movie::168612,0
What are It Takes Two's release year and genres as recorded in the document?,id:movies:movie::477,0
"What is the genre mix for To Die For, released in 1995?",id:movies:movie::3674,0
What is the exact title of the film listed with the ID id:movies:movie::42?,id:movies:movie::164367,0
"What is the genre mix for To Die For, released in 1995?",id:movies:movie::95858,0
What is the exact title of the film listed with the ID id:movies:movie::42?,id:movies:movie::4518,0
"What is the genre mix for To Die For, released in 1995?",id:movies:movie::4290,0
What is the exact title of the film listed with the ID id:movies:movie::42?,id:movies:movie::5470,0
Which genres describe the film To Die For (1995)?,id:movies:movie::86068,0
Which genres describe the film To Die For (1995)?,id:movies:movie::203,0
Tell me about the genre combination of the 1995 film To Die For.,id:movies:movie::167772,0
Tell me about the genre combination of the 1995 film To Die For.,id:movies:movie::173535,0
What are the genre categories for To Die For (1995) according to the document?,id:movies:movie::4290,0
What are the genre categories for To Die For (1995) according to the document?,id:movies:movie::3674,0
How would you categorize the 1995 film To Die For by genre?,id:movies:movie::86068,0
How would you categorize the 1995 film To Die For by genre?,id:movies:movie::6515,0
In what year was the movie Seven (also known as Se7en) released?,id:movies:movie::115122,0
What genres describe the film Seven (Se7en)?,id:movies:movie::27899,0
What genres describe the film Seven (Se7en)?,id:movies:movie::4359,0
What genres describe the film Seven (Se7en)?,id:movies:movie::31921,0
Is Seven the same movie as Se7en released in 1995?,id:movies:movie::96,0
Is Seven the same movie as Se7en released in 1995?,id:movies:movie::407,0
What is the title of the 1995 mystery thriller film also known as Se7en?,id:movies:movie::1212,0
Is Seven the same movie as Se7en released in 1995?,id:movies:movie::4359,0
What is the title of the 1995 mystery thriller film also known as Se7en?,id:movies:movie::3849,0
What is the title of the 1995 mystery thriller film also known as Se7en?,id:movies:movie::1645,0
Tell me about the 1995 film Seven with the alternative title Se7en.,id:movies:movie::164367,0
Tell me about the 1995 film Seven with the alternative title Se7en.,id:movies:movie::162350,0
Tell me about the 1995 film Seven with the alternative title Se7en.,id:movies:movie::167772,0
Give me information on the movie Seven from 1995.,id:movies:movie::4359,0
Give me information on the movie Seven from 1995.,id:movies:movie::31921,0
What genre is Restoration (1995) classified under?,id:movies:movie::5028,0
Describe the film Seven that is listed under the genres Mystery and Thriller.,id:movies:movie::1212,0
Describe the film Seven that is listed under the genres Mystery and Thriller.,id:movies:movie::3849,0
What is the title and release year of the drama film in this document?,id:movies:movie::7047,2
What is the title and release year of the drama film in this document?,id:movies:movie::2919,2
What is the title and release year of the drama film in this document?,id:movies:movie::7013,2
Which movie in this record has the identifier id:movies:movie::43?,id:movies:movie::100083,0
Which movie in this record has the identifier id:movies:movie::43?,id:movies:movie::175475,0
Which movie in this record has the identifier id:movies:movie::43?,id:movies:movie::108932,0
Which movie in this record has the identifier id:movies:movie::43?,id:movies:movie::157340,0
What is the genre tag attached to Restoration (1995)?,id:movies:movie::27899,0
What is the genre tag attached to Restoration (1995)?,id:movies:movie::5028,0
What metadata fields are provided for Restoration (1995) in this entry?,id:movies:movie::3326,0
What metadata fields are provided for Restoration (1995) in this entry?,id:movies:movie::6760,0
Which entry describes a drama film titled Restoration?,id:movies:movie::6273,0
Which entry describes a drama film titled Restoration?,id:movies:movie::2186,0
In what year was Restoration released according to this document?,id:movies:movie::26527,0
In what year was Restoration released according to this document?,id:movies:movie::59421,0
In what year was Restoration released according to this document?,id:movies:movie::115122,0
What is the title of the film released in 1995 that is categorized as Drama and War?,id:movies:movie::7303,0
Which movie has the alternate title Se7en and belongs to Mystery and Thriller?,id:movies:movie::6588,0
What is the title of the film released in 1995 that is categorized as Drama and War?,id:movies:movie::6947,0
Which movie has the alternate title Se7en and belongs to Mystery and Thriller?,id:movies:movie::4969,1
What is the title of the film released in 1995 that is categorized as Drama and War?,id:movies:movie::4475,0
Which movie has the alternate title Se7en and belongs to Mystery and Thriller?,id:movies:movie::933,2
What is the title of the film released in 1995 that is categorized as Drama and War?,id:movies:movie::340,0
What is the document ID for the movie Richard III (1995)?,id:movies:movie::175475,0
What is the document ID for the movie Richard III (1995)?,id:movies:movie::108932,0
What is the document ID for the movie Richard III (1995)?,id:movies:movie::157340,0
Which genres are listed for Richard III (1995)?,id:movies:movie::6122,0
Which genres are listed for Richard III (1995)?,id:movies:movie::31422,0
Which genres are listed for Richard III (1995)?,id:movies:movie::52279,0
In what year was Richard III released according to this record?,id:movies:movie::26527,0
In what year was Richard III released according to this record?,id:movies:movie::59421,0
"When was Usual Suspects, The (1995) released?",id:movies:movie::1571,0
"What genres are listed for Usual Suspects, The (1995)?",id:movies:movie::27899,0
"Is Richard III (1995) considered a drama film, a war film, or both?",id:movies:movie::8044,0
"Is Richard III (1995) considered a drama film, a war film, or both?",id:movies:movie::6273,0
What are the document ID and title for the film Restoration (1995)?,id:movies:movie::173535,0
What are the two genre tags attached to Richard III (1995)?,id:movies:movie::3326,0
What are the document ID and title for the film Restoration (1995)?,id:movies:movie::3169,0
What are the two genre tags attached to Richard III (1995)?,id:movies:movie::27899,0
What are the document ID and title for the film Restoration (1995)?,id:movies:movie::167772,0
What are the two genre tags attached to Richard III (1995)?,id:movies:movie::6122,0
What are the document ID and title for the film Restoration (1995)?,id:movies:movie::27899,0
How would I search for the film named Richard III with the year 1995 in this dataset?,id:movies:movie::2008,0
How would I search for the film named Richard III with the year 1995 in this dataset?,id:movies:movie::475,0
"Which movie from 1995 is categorized under Crime, Mystery, and Thriller?",id:movies:movie::1406,2
What is the exact film name and release year shown for the Drama and War entry in the document?,id:movies:movie::3169,0
What is the exact film name and release year shown for the Drama and War entry in the document?,id:movies:movie::4061,0
What is the exact film name and release year shown for the Drama and War entry in the document?,id:movies:movie::2897,0
What is the exact film name and release year shown for the Drama and War entry in the document?,id:movies:movie::2919,2
"What is the document ID for Usual Suspects, The (1995)?",id:movies:movie::173535,0
"What is the document ID for Usual Suspects, The (1995)?",id:movies:movie::177939,0
"What is the document ID for Usual Suspects, The (1995)?",id:movies:movie::167772,0
"Is Usual Suspects, The (1995) a crime, mystery, and thriller film?",id:movies:movie::26701,2
"Describe the 1995 film Usual Suspects, The in terms of its genres.",id:movies:movie::407,0
What is the exact title used for the 1995 film in this document?,id:movies:movie::173535,0
"Describe the 1995 film Usual Suspects, The in terms of its genres.",id:movies:movie::167772,0
"Describe the 1995 film Usual Suspects, The in terms of its genres.",id:movies:movie::4061,0
What are the genres listed for Mighty Aphrodite (1995)?,id:movies:movie::27899,0
What year was Mighty Aphrodite released?,id:movies:movie::2082,0
What year was Mighty Aphrodite released?,id:movies:movie::2310,0
What is the document ID for the film Mighty Aphrodite?,id:movies:movie::173535,0
What is the document ID for the film Mighty Aphrodite?,id:movies:movie::177939,0
What is the document ID for the film Mighty Aphrodite?,id:movies:movie::27899,0
How many genres is Mighty Aphrodite categorized under in the record?,id:movies:movie::31193,0
"Are Crime and Thriller the only genres for Usual Suspects, The (1995), or does Mystery also apply?",id:movies:movie::183011,0
What is the exact title of the movie that has the document ID id:movies:movie::52?,id:movies:movie::108932,0
How many genres is Mighty Aphrodite categorized under in the record?,id:movies:movie::3048,0
"Are Crime and Thriller the only genres for Usual Suspects, The (1995), or does Mystery also apply?",id:movies:movie::158238,0
What is the exact title of the movie that has the document ID id:movies:movie::52?,id:movies:movie::175475,0
"Are Crime and Thriller the only genres for Usual Suspects, The (1995), or does Mystery also apply?",id:movies:movie::3169,0
How many genres is Mighty Aphrodite categorized under in the record?,id:movies:movie::109848,0
What is the exact title of the movie that has the document ID id:movies:movie::52?,id:movies:movie::167746,0
What is the exact title of the movie that has the document ID id:movies:movie::52?,id:movies:movie::132584,0
Which movie entry corresponds to the ID id:movies:movie::52?,id:movies:movie::100083,0
Which movie entry corresponds to the ID id:movies:movie::52?,id:movies:movie::175475,0
Which movie entry corresponds to the ID id:movies:movie::52?,id:movies:movie::108932,0
Which movie entry corresponds to the ID id:movies:movie::52?,id:movies:movie::157340,0
Is Mighty Aphrodite associated with more than one genre in this document?,id:movies:movie::102123,0
Is Mighty Aphrodite associated with more than one genre in this document?,id:movies:movie::2620,0
What year is listed in the Dead Man Walking title in this record?,id:movies:movie::175397,0
What year is listed in the Dead Man Walking title in this record?,id:movies:movie::117466,0
What year is listed in the Dead Man Walking title in this record?,id:movies:movie::1950,0
Which data fields are included for Mighty Aphrodite in the document?,id:movies:movie::4144,0
What genres are listed for Dead Man Walking in the entry?,id:movies:movie::4061,0
What genres are listed for Dead Man Walking in the entry?,id:movies:movie::1801,0
"Which fields are included for this movie entry (documentid, title, genres)?",id:movies:movie::103685,2
"Which fields are included for this movie entry (documentid, title, genres)?",id:movies:movie::2620,2
Are both Crime and Drama listed as genres for Dead Man Walking?,id:movies:movie::2973,0
Are both Crime and Drama listed as genres for Dead Man Walking?,id:movies:movie::42,0
Are both Crime and Drama listed as genres for Dead Man Walking?,id:movies:movie::27549,0
What two genres does the catalog assign to Dead Man Walking?,id:movies:movie::115122,0
Which film corresponds to the document identifier id:movies:movie::36?,id:movies:movie::26701,0
Which film corresponds to the document identifier id:movies:movie::36?,id:movies:movie::86068,0
What is the exact movie title shown in the document?,id:movies:movie::4061,2
What is the exact movie title shown in the document?,id:movies:movie::175475,2
What is the exact movie title shown in the document?,id:movies:movie::108932,2
What exactly are the genres listed for Mortal Kombat (1995) in this document?,id:movies:movie::115122,0
"Is Mortal Kombat (1995) described as action, adventure, and fantasy?",id:movies:movie::33681,0
"Which film in the document has the genres Action, Adventure, and Fantasy?",id:movies:movie::57326,2
"Which film in the document has the genres Action, Adventure, and Fantasy?",id:movies:movie::106072,2
"If I want a 1995 film called Mortal Kombat, what genres should I expect according to the document?",id:movies:movie::8044,0
"If I want a 1995 film called Mortal Kombat, what genres should I expect according to the document?",id:movies:movie::3851,0
How is the film Mortal Kombat (1995) titled in the document?,id:movies:movie::4061,0
How is the film Mortal Kombat (1995) titled in the document?,id:movies:movie::999,0
What is the full title of the movie released in 1995 that’s included in the document?,id:movies:movie::1950,0
What is the full title of the movie released in 1995 that’s included in the document?,id:movies:movie::30892,0
What is the full title of the movie released in 1995 that’s included in the document?,id:movies:movie::117466,0
Which year is shown in the title Mortal Kombat (1995) in the document?,id:movies:movie::407,2
Which year is shown in the title Mortal Kombat (1995) in the document?,id:movies:movie::175397,0
"When did How to Make an American Quilt come out, and what genres is it categorized under?",id:movies:movie::5028,0
Tell me about the 1995 movie How to Make an American Quilt.,id:movies:movie::143896,0
What genre classifications does How to Make an American Quilt have?,id:movies:movie::26527,0
What are the genres of the film 'How to Make an American Quilt' released in 1995?,id:movies:movie::136654,0
What are the genres of the film 'How to Make an American Quilt' released in 1995?,id:movies:movie::407,0
Describe the genre profile of How to Make an American Quilt.,id:movies:movie::143896,0
What genres is Clueless (1995) listed under in this document?,id:movies:movie::1288,0
What genres is Clueless (1995) listed under in this document?,id:movies:movie::2620,0
Which film titled How to Make an American Quilt is associated with the drama and romance genres?,id:movies:movie::4357,0
"Does this record indicate that Clueless (1995) falls under comedy, romance, or both?",id:movies:movie::6765,0
"Does this record indicate that Clueless (1995) falls under comedy, romance, or both?",id:movies:movie::93326,0
"Does this record indicate that Clueless (1995) falls under comedy, romance, or both?",id:movies:movie::7082,0
What is the document ID for the Clueless movie entry?,id:movies:movie::173535,0
What is the document ID for the Clueless movie entry?,id:movies:movie::108932,0
What is the exact title of the movie associated with the ID id:movies:movie::39?,id:movies:movie::175475,0
What is the document ID for the Clueless movie entry?,id:movies:movie::175475,0
What is the exact title of the movie associated with the ID id:movies:movie::39?,id:movies:movie::108932,0
What is the document ID for the Clueless movie entry?,id:movies:movie::132584,0
What is the exact title of the movie associated with the ID id:movies:movie::39?,id:movies:movie::157340,0
What is the exact title of the movie associated with the ID id:movies:movie::39?,id:movies:movie::167746,0
Which movie entry has the document ID id:movies:movie::39 and what is its title?,id:movies:movie::100083,0
Which movie entry has the document ID id:movies:movie::39 and what is its title?,id:movies:movie::175475,0
Which movie entry has the document ID id:movies:movie::39 and what is its title?,id:movies:movie::108932,0
Which movie entry has the document ID id:movies:movie::39 and what is its title?,id:movies:movie::157340,0
What genres is When Night Is Falling categorized under?,id:movies:movie::5028,0
What genres is When Night Is Falling categorized under?,id:movies:movie::95199,0
What genres are attached to the film titled Clueless (1995) in the entry?,id:movies:movie::115122,0
What genres are attached to the film titled Clueless (1995) in the entry?,id:movies:movie::96,0
What genres are attached to the film titled Clueless (1995) in the entry?,id:movies:movie::999,0
"If I search for a 1995 romantic comedy in this document, would Clueless be a match?",id:movies:movie::127134,0
"If I search for a 1995 romantic comedy in this document, would Clueless be a match?",id:movies:movie::5560,0
"If I search for a 1995 romantic comedy in this document, would Clueless be a match?",id:movies:movie::111743,0
What year is included in the Clueless title in this dataset?,id:movies:movie::175397,0
What year is included in the Clueless title in this dataset?,id:movies:movie::1950,0
What year is included in the Clueless title in this dataset?,id:movies:movie::117466,0
Animation,index:movies/0/5f2c22cbd360e479a76a07ea,2
Animation,index:movies/0/c4ca42380c1431f4ec5dfbfd,2
Animation,index:movies/0/c51ce41044260a010ef70936,2
Animation,index:movies/0/642e92ef062742ba0c9d8b55,2
Adventure,index:movies/0/c2626d850c47f192dc0bacbf,1
Adventure,index:movies/0/8d6dc35e884c595f791e348c,2
Adventure,index:movies/0/c902b4979ddae9483fea3d49,1
Adventure,index:movies/0/995f5e0314de463f945b05f4,2
Documentary,index:movies/0/28dd2c79e477af0c98262386,2
Documentary,index:movies/0/ac627ab13f76017d87463228,2
Documentary,index:movies/0/a3c65c29c3ebd5246e124886,1
Documentary,index:movies/0/c45147dea022060dfd586d07,2
Comedy,index:movies/0/0f6ddb2a7d954cbd73cf23e2,2
Comedy,index:movies/0/75c720095c435f5a51c3807c,2
Comedy,index:movies/0/4f0ff87e915d9b55cbe41cfd,2
Comedy,index:movies/0/ea1818cb4eb902149d3c99e4,2
Drama,index:movies/0/c74d97b0e9c0d239d129a5bc,2
Drama,index:movies/0/aab3238932cda77ac62faa62,2
Drama,index:movies/0/a87ff679140a7784e1b24952,2
Drama,index:movies/0/6512bd439cbbfeb8ce6fca4d,2
Action,index:movies/0/550571220fb41cd0cc33ef95,2
Action,index:movies/0/218a0aef4b5b80f9b2d6e715,2
Action,index:movies/0/79cae1bed89d25691f9996d4,2
Action,index:movies/0/28d4376657e8c3eed7e1567b,2
Children,index:movies/0/1ba084655bed1c93e16a5bfc,2
Children,index:movies/0/c4ca42380c1431f4ec5dfbfd,2
Children,index:movies/0/c81e728dbc16a923e6dd65af,2
Children,index:movies/0/c9f0f8959973949192eb316f,2
Crime,index:movies/0/e37b08dd9d3e7aa43f3ad126,1
Crime,index:movies/0/5bca85661b69104d5612cc6c,1
Crime,index:movies/0/e0661ceb663eb954c15f9007,1
Crime,index:movies/0/4ece92750743aef4f5e74e50,1
Fantasy,index:movies/0/0887f1a5d15621901e962e86,2
Fantasy,index:movies/0/660698e35129a28ec37c4a68,2
Fantasy,index:movies/0/cc7d9832df917d951fc80086,2
Fantasy,index:movies/0/c4ca42380c1431f4ec5dfbfd,0
Musical,index:movies/0/b1aaa3b1a4bc27a71e1464ea,2
Musical,index:movies/0/f0d32cf74b55e5dd3680dada,2
Musical,index:movies/0/532489d05bda20f5dfd68fca,2
Film-Noir,index:movies/0/fa7cdfad136fd2d592f92635,2
Musical,index:movies/0/f085547b3ee57aebf14d97be,2
Film-Noir,index:movies/0/320722549c8f19920509a794,2
Film-Noir,index:movies/0/c5ff2543f40ceedb6a75bc1c,1
Film-Noir,index:movies/0/5031ec94d22157c2a831f328,2
Horror,index:movies/0/337cd73a8c9536ba827b2160,2
Horror,index:movies/0/17fafe5f5a2bd96b0bc413cb,2
Horror,index:movies/0/b096577eba4d4d4604405256,2
Horror,index:movies/0/4666e8bdc3be01a2b73c5fe1,2
Mystery,index:movies/0/55a7cf9ccd5b1f7af488a847,2
Mystery,index:movies/0/7109af3243e8cc85aebd251a,2
Mystery,index:movies/0/6364d3f0043dbd5364b0f4e3,0
Mystery,index:movies/0/b6d767d2016bda12fe70c42c,1
Sci-Fi,index:movies/0/6364d3f0043dbd5364b0f4e3,2
Sci-Fi,index:movies/0/6ea9ab1bfa4a0a7617dbd6ac,1
Sci-Fi,index:movies/0/1ff1de77219f7cd9667e6f93,0
Sci-Fi,index:movies/0/3295c76aed0af8e8ba896ca2,2
IMAX,index:movies/0/7ef605fc5bbcd299b83dd1f9,0
IMAX,index:movies/0/bac9162b93ecef2d801193f0,0
IMAX,index:movies/0/04ecb1fa7164657e17483efb,0
IMAX,index:movies/0/8d9fc23056b77400de2f5e48,0
Thriller,index:movies/0/d3d944689babac77c1258d1f,2
Thriller,index:movies/0/1679091c2615a3566ddd09a4,2
Thriller,index:movies/0/3c59dc043dcd90c2ed6ce9bb,0
Thriller,index:movies/0/37693cfc4c9f1ea5a8aabc67,2
Romance,index:movies/0/de7092ba4a4cf90ad449249a,2
Romance,index:movies/0/5b4130c9f1e601019ca33f7b,2
Romance,index:movies/0/d494020f7c9c8cb25aa27b78,2
Romance,index:movies/0/a3bf6e4d0fe328d466f3e156,2
What genres is the 1995 film Waiting to Exhale categorized under?,index:movies/0/a87ff679140a7784e1b24952,2
What genres is the 1995 film Waiting to Exhale categorized under?,index:movies/0/b827397a55fdae637acee894,0
What genres is the 1995 film Waiting to Exhale categorized under?,index:movies/0/d6356382747af94b2aa30b02,0
What genres is the 1995 film Waiting to Exhale categorized under?,index:movies/0/885ee3c6853e6f70b8497640,0
Western,index:movies/0/5c77de866e3702fbec20931e,2
Western,index:movies/0/0777d5c18f11ee422de13baa,1
Western,index:movies/0/6f3ef77a442473de6c6dccc0,1
Western,index:movies/0/f766406051ab64128d9848a7,0
What genres does Toy Story (1995) belong to?,index:movies/0/c4ca42380c1431f4ec5dfbfd,2
What genres does Toy Story (1995) belong to?,index:movies/0/bbb001ba9137cbf349e25da9,0
What genres does Toy Story (1995) belong to?,index:movies/0/3b353d4aac6c7e09f6389501,0
What genres does Toy Story (1995) belong to?,index:movies/0/f01640155c80390d903a4129,0
What genres does Cutthroat Island (1995) belong to?,index:movies/0/9bf31c7fd5aa9a561c5eb67c,2
What genres does Cutthroat Island (1995) belong to?,index:movies/0/f01640155c80390d903a4129,0
What genres does Cutthroat Island (1995) belong to?,index:movies/0/de8d4f2b191df6b6cc036439,0
What genres does Cutthroat Island (1995) belong to?,index:movies/0/9e7c07388ae07312d675112c,0
What genres is Heat (1995) categorized under?,index:movies/0/1679091c2615a3566ddd09a4,2
What genres is Heat (1995) categorized under?,index:movies/0/885ee3c6853e6f70b8497640,0
What genres is Heat (1995) categorized under?,index:movies/0/274ad47819cbc826155b7c73,0
What genres is Heat (1995) categorized under?,index:movies/0/bf8dd8c69aaf4378b9caff4a,0
War,index:movies/0/32cfdce98a88bca38ff9980d,2
War,index:movies/0/4b1e0760aa9c46daafc5bfad,2
War,index:movies/0/40008b9aa73713e8e530f796,2
War,index:movies/0/486fc9c322f583a0ae90b59a,2
Which genres are listed for The American President (1995)?,index:movies/0/6512bd439cbbfeb8ce6fca4d,2
Which genres are listed for The American President (1995)?,index:movies/0/e2e5a2b521b731e445d61eab,0
Which genres are listed for The American President (1995)?,index:movies/0/1c5d86c48c408e42d23308bf,0
Which genres are listed for The American President (1995)?,index:movies/0/f35fd5676ebe38878ee6c44c,0
What genres does Waiting to Exhale (1995) belong to?,index:movies/0/a87ff679140a7784e1b24952,2
"What is Toy Story (1995), the children's animated adventure comedy fantasy film?",index:movies/0/c4ca42380c1431f4ec5dfbfd,2
"What is Toy Story (1995), the children's animated adventure comedy fantasy film?",index:movies/0/bbb001ba9137cbf349e25da9,1
What genres does Waiting to Exhale (1995) belong to?,index:movies/0/3c03048fde6cb79f56778bf3,0
"What is Toy Story (1995), the children's animated adventure comedy fantasy film?",index:movies/0/3b353d4aac6c7e09f6389501,1
What genres does Waiting to Exhale (1995) belong to?,index:movies/0/6c8349ccc6470d5af2ba1489,0
"What is Toy Story (1995), the children's animated adventure comedy fantasy film?",index:movies/0/995f5e0314de463f945b05f4,0
What genres does Waiting to Exhale (1995) belong to?,index:movies/0/e2c0be247bbcd9df176076c7,0
What genres is Cutthroat Island (1995) listed under?,index:movies/0/9bf31c7fd5aa9a561c5eb67c,1
What genres is Cutthroat Island (1995) listed under?,index:movies/0/885ee3c6853e6f70b8497640,0
What genres is Cutthroat Island (1995) listed under?,index:movies/0/274ad47819cbc826155b7c73,0
What genres is Cutthroat Island (1995) listed under?,index:movies/0/bf8dd8c69aaf4378b9caff4a,0
"What genres does American President, The (1995) belong to?",index:movies/0/6512bd439cbbfeb8ce6fca4d,2
"What genres does American President, The (1995) belong to?",index:movies/0/f01640155c80390d903a4129,0
"What genres does American President, The (1995) belong to?",index:movies/0/de8d4f2b191df6b6cc036439,0
"What genres does American President, The (1995) belong to?",index:movies/0/3c03048fde6cb79f56778bf3,0
Which genres describe Waiting to Exhale (1995)?,index:movies/0/a87ff679140a7784e1b24952,2
Which genres describe Waiting to Exhale (1995)?,index:movies/0/6c8349ccc6470d5af2ba1489,0
Which genres describe Waiting to Exhale (1995)?,index:movies/0/e2c0be247bbcd9df176076c7,0
Which genres describe Waiting to Exhale (1995)?,index:movies/0/2dffbc47cff116a3bad991c8,0
List the genres for the 1995 film Waiting to Exhale.,index:movies/0/a87ff679140a7784e1b24952,2
List the genres for the 1995 film Waiting to Exhale.,index:movies/0/0c12b9dd3d2243956c0ed7b1,0
What genres is the 1995 movie Heat classified under?,index:movies/0/1679091c2615a3566ddd09a4,1
List the genres for the 1995 film Waiting to Exhale.,index:movies/0/3c03048fde6cb79f56778bf3,0
What genres is the 1995 movie Heat classified under?,index:movies/0/885ee3c6853e6f70b8497640,0
List the genres for the 1995 film Waiting to Exhale.,index:movies/0/6a517f8c1168da753d36460e,0
What genres is the 1995 movie Heat classified under?,index:movies/0/f01640155c80390d903a4129,0
What genres is the 1995 movie Heat classified under?,index:movies/0/eddfeb70ab7c42b20834dde7,0
Which genres does Heat (1995) belong to?,index:movies/0/1679091c2615a3566ddd09a4,2
What genres is The American President (1995) categorized under?,index:movies/0/6512bd439cbbfeb8ce6fca4d,2
Which genres does Heat (1995) belong to?,index:movies/0/3c03048fde6cb79f56778bf3,0
What genres is The American President (1995) categorized under?,index:movies/0/885ee3c6853e6f70b8497640,0
Which genres does Heat (1995) belong to?,index:movies/0/6c8349ccc6470d5af2ba1489,0
What genres is The American President (1995) categorized under?,index:movies/0/f01640155c80390d903a4129,0
Which genres does Heat (1995) belong to?,index:movies/0/e2c0be247bbcd9df176076c7,0
What genres is The American President (1995) categorized under?,index:movies/0/274ad47819cbc826155b7c73,0
What genres are listed for Toy Story (1995)?,index:movies/0/c4ca42380c1431f4ec5dfbfd,2
What genres are listed for Toy Story (1995)?,index:movies/0/bbb001ba9137cbf349e25da9,0
What genres are listed for Toy Story (1995)?,index:movies/0/3b353d4aac6c7e09f6389501,0
What genres are listed for Toy Story (1995)?,index:movies/0/dba132f69bd944e7dda5d07c,0
"What is the genre lineup for Cutthroat Island (1995)—Action, Adventure, and Romance?",index:movies/0/9bf31c7fd5aa9a561c5eb67c,2
"What is the genre lineup for Cutthroat Island (1995)—Action, Adventure, and Romance?",index:movies/0/8d6dc35e884c595f791e348c,0
"What is the genre lineup for Cutthroat Island (1995)—Action, Adventure, and Romance?",index:movies/0/de7092ba4a4cf90ad449249a,0
"What is the genre lineup for Cutthroat Island (1995)—Action, Adventure, and Romance?",index:movies/0/b8ccd282fbcf677fe48c7060,0
What is the release year and genre mix for Waiting to Exhale?,index:movies/0/a87ff679140a7784e1b24952,2
What is the release year and genre mix for Waiting to Exhale?,index:movies/0/2dffbc47cff116a3bad991c8,0
What is the release year and genre mix for Waiting to Exhale?,index:movies/0/47fd1a3d7ee829697575c673,0
What is the release year and genre mix for Waiting to Exhale?,index:movies/0/885ee3c6853e6f70b8497640,0
"Which 1995 movie has the genres Comedy, Drama, and Romance?",index:movies/0/163e6dcbbaca761b2b0fcfb1,0
"Which 1995 movie has the genres Comedy, Drama, and Romance?",index:movies/0/ee8374ece71d171c388a9527,0
"Which 1995 movie has the genres Comedy, Drama, and Romance?",index:movies/0/df8cdfa539b14f82713e856a,0
"Which 1995 movie has the genres Comedy, Drama, and Romance?",index:movies/0/544303195b321100d1b72b97,0
Is Waiting to Exhale a romantic comedy-drama from 1995?,index:movies/0/a87ff679140a7784e1b24952,2
Is Waiting to Exhale a romantic comedy-drama from 1995?,index:movies/0/6c8349ccc6470d5af2ba1489,0
Is Waiting to Exhale a romantic comedy-drama from 1995?,index:movies/0/410a1924b21b5c02be13f358,0
Is Waiting to Exhale a romantic comedy-drama from 1995?,index:movies/0/030e65dae6b733aa98552689,0
"Give me the genre combination for Waiting to Exhale, released in 1995.",index:movies/0/a87ff679140a7784e1b24952,2
"Give me the genre combination for Waiting to Exhale, released in 1995.",index:movies/0/32a7f7d016f9b487e4630a83,0
"Give me the genre combination for Waiting to Exhale, released in 1995.",index:movies/0/6c8349ccc6470d5af2ba1489,0
"Give me the genre combination for Waiting to Exhale, released in 1995.",index:movies/0/26657d5f48d317aa2c416e1e,0
Name the three genres associated with Waiting to Exhale.,index:movies/0/a87ff679140a7784e1b24952,2
Is Toy Story (1995) classified as both animated and a comedy?,index:movies/0/c4ca42380c1431f4ec5dfbfd,2
Name the three genres associated with Waiting to Exhale.,index:movies/0/250413d2c4b6d44b34f33a13,0
Is Toy Story (1995) classified as both animated and a comedy?,index:movies/0/bbb001ba9137cbf349e25da9,0
Name the three genres associated with Waiting to Exhale.,index:movies/0/9edcc139da7b7143383cffb4,0
Is Toy Story (1995) classified as both animated and a comedy?,index:movies/0/3b353d4aac6c7e09f6389501,0
Name the three genres associated with Waiting to Exhale.,index:movies/0/795837a2d1d11b465920699d,0
Is Toy Story (1995) classified as both animated and a comedy?,index:movies/0/9c200f8890fe5b169a527a14,0
Describe Waiting to Exhale by its genre classification.,index:movies/0/a87ff679140a7784e1b24952,2
Describe Waiting to Exhale by its genre classification.,index:movies/0/2dffbc47cff116a3bad991c8,0
Describe Waiting to Exhale by its genre classification.,index:movies/0/47fd1a3d7ee829697575c673,0
Describe Waiting to Exhale by its genre classification.,index:movies/0/d9d347f51f4486c5d25973bd,0
What is the document ID for Toy Story (1995)?,index:movies/0/c4ca42380c1431f4ec5dfbfd,2
What is the document ID for Toy Story (1995)?,index:movies/0/bbb001ba9137cbf349e25da9,0
What is the document ID for Toy Story (1995)?,index:movies/0/3b353d4aac6c7e09f6389501,0
What is the document ID for Toy Story (1995)?,index:movies/0/885ee3c6853e6f70b8497640,0
What is the full list of genres for Toy Story (1995)?,index:movies/0/c4ca42380c1431f4ec5dfbfd,2
What is the full list of genres for Toy Story (1995)?,index:movies/0/bd13546297fefe13c9da5b1a,0
What is the full list of genres for Toy Story (1995)?,index:movies/0/f35fd5676ebe38878ee6c44c,0
What is the full list of genres for Toy Story (1995)?,index:movies/0/c4d45d4586254cbd3270562f,0
How many genres are associated with Toy Story (1995)?,index:movies/0/c4ca42380c1431f4ec5dfbfd,2
How many genres are associated with Toy Story (1995)?,index:movies/0/bbb001ba9137cbf349e25da9,0
How many genres are associated with Toy Story (1995)?,index:movies/0/3b353d4aac6c7e09f6389501,0
How many genres are associated with Toy Story (1995)?,index:movies/0/d9d4f495f616f93d82404995,0
What genres classify Cutthroat Island (1995)?,index:movies/0/9bf31c7fd5aa9a561c5eb67c,2
What genres classify Cutthroat Island (1995)?,index:movies/0/1f50893f00832c66444f79f9,0
What genres classify Cutthroat Island (1995)?,index:movies/0/564ed2db9ec5e1a0cf123cb6,0
What genres classify Cutthroat Island (1995)?,index:movies/0/98c00612e32e521b837d0f5e,0
What is the title of the film described by the document with ID id:movies:movie::1?,index:movies/0/3dde11a79f534d92a9cc052b,0
When was Cutthroat Island released?,index:movies/0/9bf31c7fd5aa9a561c5eb67c,2
When was Cutthroat Island released?,index:movies/0/f457c54573f530b0b01cc1f7,0
What is the title of the film described by the document with ID id:movies:movie::1?,index:movies/0/0581675fd699dd1e3eb04ece,0
When was Cutthroat Island released?,index:movies/0/1f50893f00832c66444f79f9,0
What is the title of the film described by the document with ID id:movies:movie::1?,index:movies/0/597c7b40b7e4d46b29fcc5c9,0
When was Cutthroat Island released?,index:movies/0/a1d50185602c5a5bb4fd3833,0
What is the title of the film described by the document with ID id:movies:movie::1?,index:movies/0/e1b959b219ff3adbe65fb86a,0
Would Toy Story (1995) be considered a children's film based on its genres?,index:movies/0/c4ca42380c1431f4ec5dfbfd,2
Would Toy Story (1995) be considered a children's film based on its genres?,index:movies/0/81b3833e2c8392082862034b,0
Would Toy Story (1995) be considered a children's film based on its genres?,index:movies/0/fa7cdfad136fd2d592f92635,0
Would Toy Story (1995) be considered a children's film based on its genres?,index:movies/0/73a2a6e3110ca3bb80043834,0
Do the genres of Toy Story (1995) include Adventure and Fantasy?,index:movies/0/c4ca42380c1431f4ec5dfbfd,1
Do the genres of Toy Story (1995) include Adventure and Fantasy?,index:movies/0/2e3d2c4fe662c13bc55c2ef6,0
Do the genres of Toy Story (1995) include Adventure and Fantasy?,index:movies/0/71f6e893a87abed022a8af96,0
Do the genres of Toy Story (1995) include Adventure and Fantasy?,index:movies/0/bbb001ba9137cbf349e25da9,0
What is the genre profile of Cutthroat Island?,index:movies/0/1f50893f00832c66444f79f9,0
What is the genre profile of Cutthroat Island?,index:movies/0/9bf31c7fd5aa9a561c5eb67c,2
What is the genre profile of Cutthroat Island?,index:movies/0/885ee3c6853e6f70b8497640,0
What is the genre profile of Cutthroat Island?,index:movies/0/f01640155c80390d903a4129,0
Does the film Cutthroat Island include romance as a genre?,index:movies/0/9bf31c7fd5aa9a561c5eb67c,1
Does the film Cutthroat Island include romance as a genre?,index:movies/0/61995373eae2fcf0e5864be3,0
Does the film Cutthroat Island include romance as a genre?,index:movies/0/49c16693475d3aced6aae6fb,0
Does the film Cutthroat Island include romance as a genre?,index:movies/0/365d17774e079a1cd9df434d,0
Is Cutthroat Island an action movie?,index:movies/0/9bf31c7fd5aa9a561c5eb67c,2
Is Cutthroat Island an action movie?,index:movies/0/564ed2db9ec5e1a0cf123cb6,0
Is Cutthroat Island an action movie?,index:movies/0/550571220fb41cd0cc33ef95,0
Is Cutthroat Island an action movie?,index:movies/0/e343769337f3cd271e6b35d2,0
"Which film from 1995 features action, adventure, and romance?",index:movies/0/8d6dc35e884c595f791e348c,0
"Which film from 1995 features action, adventure, and romance?",index:movies/0/de7092ba4a4cf90ad449249a,0
"Which film from 1995 features action, adventure, and romance?",index:movies/0/71f6e893a87abed022a8af96,0
"Which film from 1995 features action, adventure, and romance?",index:movies/0/9bf31c7fd5aa9a561c5eb67c,2
Is there a romance element in the 1995 movie Cutthroat Island?,index:movies/0/9bf31c7fd5aa9a561c5eb67c,2
Is there a romance element in the 1995 movie Cutthroat Island?,index:movies/0/69adc1e147ba72f93741b729,0
Is there a romance element in the 1995 movie Cutthroat Island?,index:movies/0/f3a3a63a24927b1201b6cac4,0
Is there a romance element in the 1995 movie Cutthroat Island?,index:movies/0/d9e74f475f2369c5e6ffa75c,0
What genres does The American President (1995) belong to?,index:movies/0/6512bd439cbbfeb8ce6fca4d,2
What genres does The American President (1995) belong to?,index:movies/0/f01640155c80390d903a4129,0
What genres does The American President (1995) belong to?,index:movies/0/de8d4f2b191df6b6cc036439,0
What genres does The American President (1995) belong to?,index:movies/0/3c03048fde6cb79f56778bf3,0
Would Cutthroat Island be considered an adventure film?,index:movies/0/9bf31c7fd5aa9a561c5eb67c,2
Would Cutthroat Island be considered an adventure film?,index:movies/0/54e36c5f1fbf6e742e8598c4,0
Would Cutthroat Island be considered an adventure film?,index:movies/0/ad7d16b504e79fbc7350ba71,0
Would Cutthroat Island be considered an adventure film?,index:movies/0/d282ef26cbde998a0ec5aac5,0
"Is The American President (1995) a comedy, drama, and romance film?",index:movies/0/6512bd439cbbfeb8ce6fca4d,2
"Is The American President (1995) a comedy, drama, and romance film?",index:movies/0/3c51419c6654c7b62a73209f,0
"Is The American President (1995) a comedy, drama, and romance film?",index:movies/0/d9cdc959aacb07927fcb29cc,0
"Is The American President (1995) a comedy, drama, and romance film?",index:movies/0/544303195b321100d1b72b97,0
What year and genres describe The American President (1995)?,index:movies/0/6512bd439cbbfeb8ce6fca4d,2
What year and genres describe The American President (1995)?,index:movies/0/f01640155c80390d903a4129,0
What year and genres describe The American President (1995)?,index:movies/0/e2e5a2b521b731e445d61eab,0
Which genres are listed for The American President (1995) movie?,index:movies/0/6512bd439cbbfeb8ce6fca4d,2
What year and genres describe The American President (1995)?,index:movies/0/1c5d86c48c408e42d23308bf,0
Which genres are listed for The American President (1995) movie?,index:movies/0/a724b91277d7ee08dade1a8c,0
Which genres are listed for The American President (1995) movie?,index:movies/0/e2e5a2b521b731e445d61eab,0
Which genres are listed for The American President (1995) movie?,index:movies/0/1c5d86c48c408e42d23308bf,0
How is The American President (1995) categorized by genre in the record?,index:movies/0/6512bd439cbbfeb8ce6fca4d,0
How is The American President (1995) categorized by genre in the record?,index:movies/0/f3a3a63a24927b1201b6cac4,0
How is The American President (1995) categorized by genre in the record?,index:movies/0/0581675fd699dd1e3eb04ece,0
How is The American President (1995) categorized by genre in the record?,index:movies/0/26657d5f48d317aa2c416e1e,0
Give me the genre categories for The American President (1995) film.,index:movies/0/6512bd439cbbfeb8ce6fca4d,2
Give me the genre categories for The American President (1995) film.,index:movies/0/32a7f7d016f9b487e4630a83,0
Give me the genre categories for The American President (1995) film.,index:movies/0/0c12b9dd3d2243956c0ed7b1,0
Give me the genre categories for The American President (1995) film.,index:movies/0/e5da5ec33b95b856e686bbe8,0
Provide the genres for the film The American President released in 1995.,index:movies/0/0c12b9dd3d2243956c0ed7b1,0
Provide the genres for the film The American President released in 1995.,index:movies/0/6512bd439cbbfeb8ce6fca4d,2
Provide the genres for the film The American President released in 1995.,index:movies/0/f3a3a63a24927b1201b6cac4,0
Provide the genres for the film The American President released in 1995.,index:movies/0/605ac7e449b25a93bbc9fb00,0
Tell me about The American President (1995) in terms of its genre classification.,index:movies/0/6512bd439cbbfeb8ce6fca4d,2
Tell me about The American President (1995) in terms of its genre classification.,index:movies/0/f4f6dce2a8c52546af8edb6d,0
Tell me about The American President (1995) in terms of its genre classification.,index:movies/0/3326709b2eafd1fa1fa2d335,0
Tell me about The American President (1995) in terms of its genre classification.,index:movies/0/d77f007624b1e89d5852a1cc,0
What is the full title and year of the movie Heat (1995)?,index:movies/0/318c3fdb24c1f9bb28dbe863,0
What is the full title and year of the movie Heat (1995)?,index:movies/0/47d01fad19c17950fce795a7,0
What is the full title and year of the movie Heat (1995)?,index:movies/0/0c12b9dd3d2243956c0ed7b1,0
What is the full title and year of the movie Heat (1995)?,index:movies/0/e5da5ec33b95b856e686bbe8,0
What is the internal document ID for Heat (1995)?,index:movies/0/1679091c2615a3566ddd09a4,2
What is the internal document ID for Heat (1995)?,index:movies/0/885ee3c6853e6f70b8497640,0
What is the internal document ID for Heat (1995)?,index:movies/0/f01640155c80390d903a4129,0
What is the internal document ID for Heat (1995)?,index:movies/0/bf8dd8c69aaf4378b9caff4a,0
Is Heat (1995) categorized as Action?,index:movies/0/1679091c2615a3566ddd09a4,1
Is Heat (1995) categorized as Action?,index:movies/0/eddfeb70ab7c42b20834dde7,0
Is Heat (1995) categorized as Action?,index:movies/0/e343769337f3cd271e6b35d2,0
Is Heat (1995) categorized as Action?,index:movies/0/00b76fdd908e0314e9a7225a,0
Is Heat (1995) categorized as Crime?,index:movies/0/1679091c2615a3566ddd09a4,2
Is Heat (1995) categorized as Crime?,index:movies/0/eddfeb70ab7c42b20834dde7,0
Is Heat (1995) categorized as Crime?,index:movies/0/dfb84a1139fd00d68e188f8e,0
Is Heat (1995) categorized as Crime?,index:movies/0/ae4503ecf49b09aecd3157ed,0
What is the 1995 action film Sudden Death about?,index:movies/0/45c48cce4372bc90c96a5d37,2
What is the 1995 action film Sudden Death about?,index:movies/0/99e20654face693bc44f0833,0
What is the 1995 action film Sudden Death about?,index:movies/0/14c879f3945c62e2991003a3,0
What is the 1995 action film Sudden Death about?,index:movies/0/a91af1773e3e8b35abdb754d,0
Is Heat (1995) categorized as Thriller?,index:movies/0/1679091c2615a3566ddd09a4,2
What field stores the genre information for Heat (1995) in this document?,index:movies/0/03e7d2eb9e610ceb78197f7d,0
Is Heat (1995) categorized as Thriller?,index:movies/0/642d375a96d093e937fb3d72,0
What field stores the genre information for Heat (1995) in this document?,index:movies/0/de8d4f2b191df6b6cc036439,0
What field stores the genre information for Heat (1995) in this document?,index:movies/0/26657d5f48d317aa2c416e1e,0
Is Heat (1995) categorized as Thriller?,index:movies/0/dfb84a1139fd00d68e188f8e,0
What field stores the genre information for Heat (1995) in this document?,index:movies/0/f4f6dce2a8c52546af8edb6d,0
Is Heat (1995) categorized as Thriller?,index:movies/0/07563a3f44b7cffb7ecbd913,0
Which genres are listed for Heat (1995)?,index:movies/0/1679091c2615a3566ddd09a4,2
Which genres are listed for Heat (1995)?,index:movies/0/eddfeb70ab7c42b20834dde7,0
Which genres are listed for Heat (1995)?,index:movies/0/8557ce8d2a57f5df00e21eba,0
Which genres are listed for Heat (1995)?,index:movies/0/fad8f97b41cadc8a258ab0d6,0
How many genres does Heat (1995) have?,index:movies/0/1679091c2615a3566ddd09a4,2
How many genres does Heat (1995) have?,index:movies/0/5efd7ba1359334701590e141,0
How many genres does Heat (1995) have?,index:movies/0/d9d4f495f616f93d82404995,0
How many genres does Heat (1995) have?,index:movies/0/d7524e44a19e7b684f53afea,0
Is Sudden Death a 1995 action movie?,index:movies/0/45c48cce4372bc90c96a5d37,2
Tell me about Sudden Death (1995) and its action classification.,index:movies/0/45c48cce4372bc90c96a5d37,2
Is Sudden Death a 1995 action movie?,index:movies/0/e343769337f3cd271e6b35d2,0
Tell me about Sudden Death (1995) and its action classification.,index:movies/0/14c879f3945c62e2991003a3,0
Is Sudden Death a 1995 action movie?,index:movies/0/14c879f3945c62e2991003a3,0
Tell me about Sudden Death (1995) and its action classification.,index:movies/0/25233c1d83cfaac188a8eebc,0
Is Sudden Death a 1995 action movie?,index:movies/0/25233c1d83cfaac188a8eebc,0
Tell me about Sudden Death (1995) and its action classification.,index:movies/0/e0b28ea6edf3f5e580b35cf0,0
Search results for Sudden Death (1995) in the action category.,index:movies/0/45c48cce4372bc90c96a5d37,2
Search results for Sudden Death (1995) in the action category.,index:movies/0/14c879f3945c62e2991003a3,0
Search results for Sudden Death (1995) in the action category.,index:movies/0/5a4c857a3403277e297be93f,0
Search results for Sudden Death (1995) in the action category.,index:movies/0/afdc3c619a371e3ee678ca98,0
Provide information on the film Sudden Death from 1995 in the action genre.,index:movies/0/45c48cce4372bc90c96a5d37,2
Provide information on the film Sudden Death from 1995 in the action genre.,index:movies/0/1b8f27f5c99743097e190258,0
Provide information on the film Sudden Death from 1995 in the action genre.,index:movies/0/a28ff79d3820b3cfdfdf3247,0
Provide information on the film Sudden Death from 1995 in the action genre.,index:movies/0/953b5c1990fa51a3c5ed2697,0
What year was the movie Tom and Huck released?,index:movies/0/c9f0f8959973949192eb316f,2
What year was the movie Tom and Huck released?,index:movies/0/f54448373e33cb0150926221,0
What year was the movie Tom and Huck released?,index:movies/0/77cbbfdde997b7b27aa81d41,0
What year was the movie Tom and Huck released?,index:movies/0/b534ba68c41871efb6705454,0
When was Sudden Death released and what genre is it?,index:movies/0/bf8dd8c69aaf4378b9caff4a,0
When was Sudden Death released and what genre is it?,index:movies/0/45c48cce4372bc90c96a5d37,1
When was Sudden Death released and what genre is it?,index:movies/0/b534ba68c41871efb6705454,0
When was Sudden Death released and what genre is it?,index:movies/0/885ee3c6853e6f70b8497640,0
What year and genre does Sudden Death belong to?,index:movies/0/45c48cce4372bc90c96a5d37,2
What year and genre does Sudden Death belong to?,index:movies/0/f01640155c80390d903a4129,0
What year and genre does Sudden Death belong to?,index:movies/0/de8d4f2b191df6b6cc036439,0
What year and genre does Sudden Death belong to?,index:movies/0/f127a3f7cdd490f1a3fdc8cb,0
"Give me basic details for Sudden Death, the 1995 action film.",index:movies/0/45c48cce4372bc90c96a5d37,2
"Give me basic details for Sudden Death, the 1995 action film.",index:movies/0/14c879f3945c62e2991003a3,0
"Give me basic details for Sudden Death, the 1995 action film.",index:movies/0/a91af1773e3e8b35abdb754d,0
"Give me basic details for Sudden Death, the 1995 action film.",index:movies/0/99e20654face693bc44f0833,0
What is the document ID for the movie Tom and Huck (1995)?,index:movies/0/c9f0f8959973949192eb316f,2
What is the document ID for the movie Tom and Huck (1995)?,index:movies/0/0c12b9dd3d2243956c0ed7b1,0
What is the document ID for the movie Tom and Huck (1995)?,index:movies/0/7a98af17a90f5942201da8bc,0
What is the document ID for the movie Tom and Huck (1995)?,index:movies/0/26407acdeaa3121917d79a85,0
Is Tom and Huck (1995) considered a children's movie?,index:movies/0/c9f0f8959973949192eb316f,2
Is Tom and Huck (1995) considered a children's movie?,index:movies/0/77cbbfdde997b7b27aa81d41,0
Is Tom and Huck (1995) considered a children's movie?,index:movies/0/f54448373e33cb0150926221,0
Is Tom and Huck (1995) considered a children's movie?,index:movies/0/555d6702741141fe7efa16c7,0
What genres is Tom and Huck (1995) categorized under?,index:movies/0/c9f0f8959973949192eb316f,2
What genres is Tom and Huck (1995) categorized under?,index:movies/0/f54448373e33cb0150926221,0
What genres is Tom and Huck (1995) categorized under?,index:movies/0/77cbbfdde997b7b27aa81d41,0
What genres is Tom and Huck (1995) categorized under?,index:movies/0/885ee3c6853e6f70b8497640,0
What are the two genres listed for Tom and Huck (1995)?,index:movies/0/c9f0f8959973949192eb316f,2
What are the two genres listed for Tom and Huck (1995)?,index:movies/0/383d90be8b821021636e2b85,0
What are the two genres listed for Tom and Huck (1995)?,index:movies/0/f54448373e33cb0150926221,0
What are the two genres listed for Tom and Huck (1995)?,index:movies/0/77cbbfdde997b7b27aa81d41,0
"What is the title of the movie described in this document, and what year is included in the title?",index:movies/0/de8d4f2b191df6b6cc036439,2
"What is the title of the movie described in this document, and what year is included in the title?",index:movies/0/5a4c857a3403277e297be93f,2
"What is the title of the movie described in this document, and what year is included in the title?",index:movies/0/ea46b042c17249c7da9b6724,2
"What is the title of the movie described in this document, and what year is included in the title?",index:movies/0/5ef0b4eba051193611a8b484,2
Which movie in the document has the title Tom and Huck and a 1995 release date?,index:movies/0/c9f0f8959973949192eb316f,2
Which movie in the document has the title Tom and Huck and a 1995 release date?,index:movies/0/fb2e20324afd0a47272b0b92,0
Which movie in the document has the title Tom and Huck and a 1995 release date?,index:movies/0/7a98af17a90f5942201da8bc,0
Which movie in the document has the title Tom and Huck and a 1995 release date?,index:movies/0/7cda6d95c05a49fc9d10f29e,0
Is the film Tom and Huck (1995) classified as adventure?,index:movies/0/c9f0f8959973949192eb316f,2
Is the film Tom and Huck (1995) classified as adventure?,index:movies/0/4a64d9132b45d94bc34164a6,0
Is the film Tom and Huck (1995) classified as adventure?,index:movies/0/2e3d2c4fe662c13bc55c2ef6,0
Is the film Tom and Huck (1995) classified as adventure?,index:movies/0/eb9fc3496a7ac0e736ba7f40,0
What are the exact title and release year of the movie described in the document?,index:movies/0/318c3fdb24c1f9bb28dbe863,2
What are the exact title and release year of the movie described in the document?,index:movies/0/0c12b9dd3d2243956c0ed7b1,2
What are the exact title and release year of the movie described in the document?,index:movies/0/47d01fad19c17950fce795a7,2
What are the exact title and release year of the movie described in the document?,index:movies/0/bb3194daba880a0fafdc2de5,2
Is Sabrina (1995) categorized as both comedy and romance according to the document?,index:movies/0/8f14e45fcf730286f8e7b87a,0
Is Sabrina (1995) categorized as both comedy and romance according to the document?,index:movies/0/55603a5ff7718be7e234eeed,0
Is Sabrina (1995) categorized as both comedy and romance according to the document?,index:movies/0/24896ee447bfdb6e90395775,0
Is Sabrina (1995) categorized as both comedy and romance according to the document?,index:movies/0/365d17774e079a1cd9df434d,0
What is the document ID for the Sabrina (1995) movie?,index:movies/0/0c12b9dd3d2243956c0ed7b1,0
What is the document ID for the Sabrina (1995) movie?,index:movies/0/3c20c2d5ba2e3404e5248f8c,0
What is the document ID for the Sabrina (1995) movie?,index:movies/0/26407acdeaa3121917d79a85,0
What is the document ID for the Sabrina (1995) movie?,index:movies/0/f047142599b12e6a8395003e,0
How is the film Sabrina displayed in the title field of this record?,index:movies/0/ef8446f32588f0cc73dc8cd9,0
How is the film Sabrina displayed in the title field of this record?,index:movies/0/6269cd73f28dd29cb2c0c79b,0
How is the film Sabrina displayed in the title field of this record?,index:movies/0/f3a3a63a24927b1201b6cac4,0
How is the film Sabrina displayed in the title field of this record?,index:movies/0/5ef0b4eba051193611a8b484,0
Which genres are listed for Sabrina (1995) in this entry?,index:movies/0/8f14e45fcf730286f8e7b87a,1
Which genres are listed for Sabrina (1995) in this entry?,index:movies/0/c77bfda6dea922ade6acbd8d,0
Which genres are listed for Sabrina (1995) in this entry?,index:movies/0/f38fef4c8c345012d6d97840,0
Which genres are listed for Sabrina (1995) in this entry?,index:movies/0/26657d5f48d317aa2c416e1e,0
What genres are associated with GoldenEye (1995)?,index:movies/0/d3d944689babac77c1258d1f,2
What genres are associated with GoldenEye (1995)?,index:movies/0/dba132f69bd944e7dda5d07c,0
What genres are associated with GoldenEye (1995)?,index:movies/0/885ee3c6853e6f70b8497640,0
What genres are associated with GoldenEye (1995)?,index:movies/0/b534ba68c41871efb6705454,0
"In what year was GoldenEye released, and what genres does it have?",index:movies/0/de8d4f2b191df6b6cc036439,0
What is the exact film title as stored in the dataset for document id id:movies:movie::7?,index:movies/0/f3a3a63a24927b1201b6cac4,0
"In what year was GoldenEye released, and what genres does it have?",index:movies/0/b534ba68c41871efb6705454,0
What is the exact film title as stored in the dataset for document id id:movies:movie::7?,index:movies/0/de8d4f2b191df6b6cc036439,0
Name the two genres associated with the Sabrina (1995) entry.,index:movies/0/e1b959b219ff3adbe65fb86a,0
"In what year was GoldenEye released, and what genres does it have?",index:movies/0/f01640155c80390d903a4129,0
What is the exact film title as stored in the dataset for document id id:movies:movie::7?,index:movies/0/b706835d39ffda981fcffc01,0
Name the two genres associated with the Sabrina (1995) entry.,index:movies/0/e5da5ec33b95b856e686bbe8,0
"In what year was GoldenEye released, and what genres does it have?",index:movies/0/98c00612e32e521b837d0f5e,0
What is the exact film title as stored in the dataset for document id id:movies:movie::7?,index:movies/0/605ac7e449b25a93bbc9fb00,0
Name the two genres associated with the Sabrina (1995) entry.,index:movies/0/250413d2c4b6d44b34f33a13,0
Name the two genres associated with the Sabrina (1995) entry.,index:movies/0/92a08bf9cf7ac78fbc5dc924,0
"If I’m looking for films that combine humor and love, would Sabrina (1995) fit based on the genres in this document?",index:movies/0/f38fef4c8c345012d6d97840,0
"If I’m looking for films that combine humor and love, would Sabrina (1995) fit based on the genres in this document?",index:movies/0/ef8446f32588f0cc73dc8cd9,0
"If I’m looking for films that combine humor and love, would Sabrina (1995) fit based on the genres in this document?",index:movies/0/0688641714ce3ef079c04c62,0
"If I’m looking for films that combine humor and love, would Sabrina (1995) fit based on the genres in this document?",index:movies/0/605ac7e449b25a93bbc9fb00,1
"What is the full genre lineup for GoldenEye, the 1995 film?",index:movies/0/0c12b9dd3d2243956c0ed7b1,0
"What is the full genre lineup for GoldenEye, the 1995 film?",index:movies/0/e3ed3dc91f3a547ac6686261,0
"What is the full genre lineup for GoldenEye, the 1995 film?",index:movies/0/e5da5ec33b95b856e686bbe8,0
"What is the full genre lineup for GoldenEye, the 1995 film?",index:movies/0/f01640155c80390d903a4129,0
Is GoldenEye (1995) an action movie?,index:movies/0/d3d944689babac77c1258d1f,2
Is GoldenEye (1995) an action movie?,index:movies/0/fc221309ec3edd83b9555e38,0
Is GoldenEye (1995) an action movie?,index:movies/0/e343769337f3cd271e6b35d2,0
Is GoldenEye (1995) an action movie?,index:movies/0/280cf18b526ff2fed7ab94f0,0
Describe GoldenEye (1995) and its adventure and thriller classifications.,index:movies/0/d3d944689babac77c1258d1f,2
Describe GoldenEye (1995) and its adventure and thriller classifications.,index:movies/0/565e8a41a62c2be62a9880df,0
Describe GoldenEye (1995) and its adventure and thriller classifications.,index:movies/0/643de7cf857f43428ed5c3f6,0
Describe GoldenEye (1995) and its adventure and thriller classifications.,index:movies/0/2e3d2c4fe662c13bc55c2ef6,0
What genres does Casino (1995) belong to?,index:movies/0/c74d97b0e9c0d239d129a5bc,2
What genres does Casino (1995) belong to?,index:movies/0/f01640155c80390d903a4129,0
What genres does Casino (1995) belong to?,index:movies/0/de8d4f2b191df6b6cc036439,0
What genres does Casino (1995) belong to?,index:movies/0/9e7c07388ae07312d675112c,0
Tell me about the movie GoldenEye from 1995 and its genres.,index:movies/0/ae1af2fb9c928136e0626c0a,0
Tell me about the movie GoldenEye from 1995 and its genres.,index:movies/0/d3d944689babac77c1258d1f,2
Tell me about the movie GoldenEye from 1995 and its genres.,index:movies/0/df8db2b05c153db895234258,0
What is the title and genre mix of the 1995 film GoldenEye?,index:movies/0/318c3fdb24c1f9bb28dbe863,0
Tell me about the movie GoldenEye from 1995 and its genres.,index:movies/0/7580584da99c5cdc6499ae53,0
What is the title and genre mix of the 1995 film GoldenEye?,index:movies/0/e5da5ec33b95b856e686bbe8,0
What is the title and genre mix of the 1995 film GoldenEye?,index:movies/0/47d01fad19c17950fce795a7,0
What is the title and genre mix of the 1995 film GoldenEye?,index:movies/0/0c12b9dd3d2243956c0ed7b1,0
What is the document identifier for the Casino (1995) movie?,index:movies/0/0c12b9dd3d2243956c0ed7b1,0
What is the document identifier for the Casino (1995) movie?,index:movies/0/3c20c2d5ba2e3404e5248f8c,0
What is the document identifier for the Casino (1995) movie?,index:movies/0/26407acdeaa3121917d79a85,0
What is the document identifier for the Casino (1995) movie?,index:movies/0/f047142599b12e6a8395003e,0
"Which 1995 film is titled GoldenEye and includes action, adventure, and thriller?",index:movies/0/d3d944689babac77c1258d1f,2
"Which 1995 film is titled GoldenEye and includes action, adventure, and thriller?",index:movies/0/ad7d16b504e79fbc7350ba71,0
"Which 1995 film is titled GoldenEye and includes action, adventure, and thriller?",index:movies/0/c5c1cb0b6aed9f6d97b6ff08,0
"Which 1995 film is titled GoldenEye and includes action, adventure, and thriller?",index:movies/0/71f6e893a87abed022a8af96,0
Which movie is associated with the document ID id:movies:movie::16?,index:movies/0/e1b959b219ff3adbe65fb86a,0
Which movie is associated with the document ID id:movies:movie::16?,index:movies/0/97d1011e9b6742ba8b937abc,0
Which movie is associated with the document ID id:movies:movie::16?,index:movies/0/dbec0010aa04d6e006825b96,0
Which movie is associated with the document ID id:movies:movie::16?,index:movies/0/426c2c146872d43974e708a3,2
What are the two genres listed for the film Casino (1995)?,index:movies/0/383d90be8b821021636e2b85,0
What year is denoted in the film title Casino (1995)?,index:movies/0/61995373eae2fcf0e5864be3,0
What is the exact title tied to the document ID id:movies:movie::16?,index:movies/0/e3ed3dc91f3a547ac6686261,0
What are the two genres listed for the film Casino (1995)?,index:movies/0/0c12b9dd3d2243956c0ed7b1,0
What year is denoted in the film title Casino (1995)?,index:movies/0/de8d4f2b191df6b6cc036439,0
What is the exact title tied to the document ID id:movies:movie::16?,index:movies/0/f01640155c80390d903a4129,0
What year is denoted in the film title Casino (1995)?,index:movies/0/b706835d39ffda981fcffc01,0
What are the two genres listed for the film Casino (1995)?,index:movies/0/e5da5ec33b95b856e686bbe8,0
What is the exact title tied to the document ID id:movies:movie::16?,index:movies/0/3efcb63bafa26bf32c059ada,0
What year is denoted in the film title Casino (1995)?,index:movies/0/fa7cdfad136fd2d592f92635,1
What is the exact title tied to the document ID id:movies:movie::16?,index:movies/0/de8d4f2b191df6b6cc036439,0
What are the two genres listed for the film Casino (1995)?,index:movies/0/f01640155c80390d903a4129,0
What is the title of the film described in the document?,index:movies/0/f3a3a63a24927b1201b6cac4,2
What is the title of the film described in the document?,index:movies/0/597c7b40b7e4d46b29fcc5c9,2
What is the title of the film described in the document?,index:movies/0/4531af2aece2d8713b506185,2
What is the title of the film described in the document?,index:movies/0/1e747ddbd52763d7b933fdb2,2
In what year is the Nixon film listed?,index:movies/0/61995373eae2fcf0e5864be3,0
In what year is the Nixon film listed?,index:movies/0/de8d4f2b191df6b6cc036439,0
In what year is the Nixon film listed?,index:movies/0/b706835d39ffda981fcffc01,0
In what year is the Nixon film listed?,index:movies/0/885ee3c6853e6f70b8497640,0
"If I search for a film with Crime and Drama as its genres, which movie would I get from this document?",index:movies/0/5588902a6b7cfa14cf89ac92,2
"If I search for a film with Crime and Drama as its genres, which movie would I get from this document?",index:movies/0/ef8446f32588f0cc73dc8cd9,0
"If I search for a film with Crime and Drama as its genres, which movie would I get from this document?",index:movies/0/8bcc974ec5baf32bcd2c1948,2
"Does the Casino (1995) entry categorize the film as crime, drama, or both?",index:movies/0/99e20654face693bc44f0833,0
"If I search for a film with Crime and Drama as its genres, which movie would I get from this document?",index:movies/0/ab731488f4cff12fe44dbdf9,0
"Does the Casino (1995) entry categorize the film as crime, drama, or both?",index:movies/0/dabd8d2c25f7879a30156355,0
"Does the Casino (1995) entry categorize the film as crime, drama, or both?",index:movies/0/c74d97b0e9c0d239d129a5bc,1
"Does the Casino (1995) entry categorize the film as crime, drama, or both?",index:movies/0/ef8446f32588f0cc73dc8cd9,0
What is the document ID for Nixon (1995)?,index:movies/0/aab3238932cda77ac62faa62,2
What is the document ID for Nixon (1995)?,index:movies/0/885ee3c6853e6f70b8497640,0
What is the document ID for Nixon (1995)?,index:movies/0/f01640155c80390d903a4129,0
What is the document ID for Nixon (1995)?,index:movies/0/bf8dd8c69aaf4378b9caff4a,0
What genre is Nixon (1995) categorized under?,index:movies/0/aab3238932cda77ac62faa62,1
What genre is Nixon (1995) categorized under?,index:movies/0/885ee3c6853e6f70b8497640,0
What genre is Nixon (1995) categorized under?,index:movies/0/274ad47819cbc826155b7c73,0
What genre is Nixon (1995) categorized under?,index:movies/0/bf8dd8c69aaf4378b9caff4a,0
"From Nixon's document ID, what is the type indicated after the collection?",index:movies/0/e3ed3dc91f3a547ac6686261,0
Which field in the document holds the genre information for Nixon (1995)?,index:movies/0/f3a3a63a24927b1201b6cac4,0
"From Nixon's document ID, what is the type indicated after the collection?",index:movies/0/a28ff79d3820b3cfdfdf3247,0
Which field in the document holds the genre information for Nixon (1995)?,index:movies/0/26657d5f48d317aa2c416e1e,0
"From Nixon's document ID, what is the type indicated after the collection?",index:movies/0/953b5c1990fa51a3c5ed2697,0
"From Nixon's document ID, what is the type indicated after the collection?",index:movies/0/f01640155c80390d903a4129,0
Which field in the document holds the genre information for Nixon (1995)?,index:movies/0/f4f6dce2a8c52546af8edb6d,0
Which field in the document holds the genre information for Nixon (1995)?,index:movies/0/605ac7e449b25a93bbc9fb00,0
"From Nixon's document ID, which collection does the entry belong to?",index:movies/0/3c03048fde6cb79f56778bf3,2
"From Nixon's document ID, which collection does the entry belong to?",index:movies/0/7580584da99c5cdc6499ae53,2
"From Nixon's document ID, which collection does the entry belong to?",index:movies/0/71a5c051ae2ffe4da3b73795,2
"From Nixon's document ID, which collection does the entry belong to?",index:movies/0/6f2688a567624ec7b523e982,2
Can you summarize the Nixon (1995) entry as it appears in the document?,index:movies/0/f3a3a63a24927b1201b6cac4,0
Can you summarize the Nixon (1995) entry as it appears in the document?,index:movies/0/5e15fb5951530d3b11dfbf2b,0
Can you summarize the Nixon (1995) entry as it appears in the document?,index:movies/0/26657d5f48d317aa2c416e1e,0
Can you summarize the Nixon (1995) entry as it appears in the document?,index:movies/0/f4f6dce2a8c52546af8edb6d,0
In what year was Jumanji released?,index:movies/0/b534ba68c41871efb6705454,0
In what year was Jumanji released?,index:movies/0/98c00612e32e521b837d0f5e,0
In what year was Jumanji released?,index:movies/0/de8d4f2b191df6b6cc036439,0
In what year was Jumanji released?,index:movies/0/c81e728dbc16a923e6dd65af,2
What is the document ID for the Jumanji movie described here?,index:movies/0/0c12b9dd3d2243956c0ed7b1,0
What is the document ID for the Jumanji movie described here?,index:movies/0/3c20c2d5ba2e3404e5248f8c,0
What is the document ID for the Jumanji movie described here?,index:movies/0/26407acdeaa3121917d79a85,0
What is the document ID for the Jumanji movie described here?,index:movies/0/eebeb963c700ba4b3c7f19f4,0
"What is the title of the 1995 film that is categorized as Adventure, Children, and Fantasy?",index:movies/0/2e3d2c4fe662c13bc55c2ef6,0
What genres are listed for Jumanji (1995)?,index:movies/0/c81e728dbc16a923e6dd65af,2
"What is the title of the 1995 film that is categorized as Adventure, Children, and Fantasy?",index:movies/0/50784b272bf5606f98750f85,0
What genres are listed for Jumanji (1995)?,index:movies/0/dba132f69bd944e7dda5d07c,0
"What is the title of the 1995 film that is categorized as Adventure, Children, and Fantasy?",index:movies/0/71f6e893a87abed022a8af96,0
What genres are listed for Jumanji (1995)?,index:movies/0/991dd7116d3bfc6cfbbdca53,0
"What is the title of the 1995 film that is categorized as Adventure, Children, and Fantasy?",index:movies/0/7f06e90be468e7d08ed84926,0
What genres are listed for Jumanji (1995)?,index:movies/0/b534ba68c41871efb6705454,0
Which genres accompany the 1995 Jumanji movie?,index:movies/0/c81e728dbc16a923e6dd65af,2
Which genres accompany the 1995 Jumanji movie?,index:movies/0/991dd7116d3bfc6cfbbdca53,1
Which genres accompany the 1995 Jumanji movie?,index:movies/0/a9a1d531ffc9f1a9c7109dcb,0
Which genres accompany the 1995 Jumanji movie?,index:movies/0/fc221309ec3edd83b9555e38,0
How would you summarize the genre mix of Jumanji (1995)?,index:movies/0/c81e728dbc16a923e6dd65af,2
How would you summarize the genre mix of Jumanji (1995)?,index:movies/0/74b83a50551703168111c32f,0
How would you summarize the genre mix of Jumanji (1995)?,index:movies/0/e5da5ec33b95b856e686bbe8,0
How would you summarize the genre mix of Jumanji (1995)?,index:movies/0/991dd7116d3bfc6cfbbdca53,1
What year was Father of the Bride Part II released?,index:movies/0/e4da3b7fd18b18e535a896b7,2
What year was Father of the Bride Part II released?,index:movies/0/4daa3db375bee2acb79bba4c,0
What year was Father of the Bride Part II released?,index:movies/0/ba51e615746742c28e961c62,0
What year was Father of the Bride Part II released?,index:movies/0/4f87658e849d35d6366a6af3,0
What genres are associated with the film identified by id:movies:movie::2?,index:movies/0/b706835d39ffda981fcffc01,0
What genres are associated with the film identified by id:movies:movie::2?,index:movies/0/bb58d3d2df546f870e0fca0d,0
What genres are associated with the film identified by id:movies:movie::2?,index:movies/0/dba132f69bd944e7dda5d07c,0
What genres are associated with the film identified by id:movies:movie::2?,index:movies/0/f01640155c80390d903a4129,0
What genre is Father of the Bride Part II (1995)?,index:movies/0/e4da3b7fd18b18e535a896b7,2
What genre is Father of the Bride Part II (1995)?,index:movies/0/4daa3db375bee2acb79bba4c,0
What genre is Father of the Bride Part II (1995)?,index:movies/0/ba51e615746742c28e961c62,0
What is the document ID for Father of the Bride Part II?,index:movies/0/e4da3b7fd18b18e535a896b7,2
What genre is Father of the Bride Part II (1995)?,index:movies/0/4f87658e849d35d6366a6af3,0
What is the document ID for Father of the Bride Part II?,index:movies/0/4daa3db375bee2acb79bba4c,0
What is the document ID for Father of the Bride Part II?,index:movies/0/ba51e615746742c28e961c62,0
What is the document ID for Father of the Bride Part II?,index:movies/0/aab8adb57ace785aaff00e0e,0
How is the sequel indicated in the film's title?,index:movies/0/f3a3a63a24927b1201b6cac4,0
How is the sequel indicated in the film's title?,index:movies/0/4531af2aece2d8713b506185,0
How is the sequel indicated in the film's title?,index:movies/0/349b5837c55ea2486fbf4444,0
How is the sequel indicated in the film's title?,index:movies/0/e3ed3dc91f3a547ac6686261,0
Which 1995 comedy film has Part II in its title?,index:movies/0/26657d5f48d317aa2c416e1e,0
Which 1995 comedy film has Part II in its title?,index:movies/0/e4da3b7fd18b18e535a896b7,2
Which 1995 comedy film has Part II in its title?,index:movies/0/61995373eae2fcf0e5864be3,0
Which 1995 comedy film has Part II in its title?,index:movies/0/f91e24df4f579f929a417415,0
What is the exact title of the 1995 comedy film in the document?,index:movies/0/e5da5ec33b95b856e686bbe8,2
What is the exact title of the 1995 comedy film in the document?,index:movies/0/de8d4f2b191df6b6cc036439,0
What is the exact title of the 1995 comedy film in the document?,index:movies/0/26657d5f48d317aa2c416e1e,0
What is the exact title of the 1995 comedy film in the document?,index:movies/0/7d3b7621c87f8bc26820c1bc,0
Is Jumanji (1995) considered a children's movie based on its genres?,index:movies/0/c81e728dbc16a923e6dd65af,2
Is Jumanji (1995) considered a children's movie based on its genres?,index:movies/0/fa654b387894d4caaef6d2d6,0
Is Jumanji (1995) considered a children's movie based on its genres?,index:movies/0/b98596cd15d93ff2fc1a261a,0
Is Jumanji (1995) considered a children's movie based on its genres?,index:movies/0/555d6702741141fe7efa16c7,0
What media type is Father of the Bride Part II categorized as in the dataset?,index:movies/0/e4da3b7fd18b18e535a896b7,2
What media type is Father of the Bride Part II categorized as in the dataset?,index:movies/0/ba51e615746742c28e961c62,1
What media type is Father of the Bride Part II categorized as in the dataset?,index:movies/0/4daa3db375bee2acb79bba4c,1
What media type is Father of the Bride Part II categorized as in the dataset?,index:movies/0/5ef0b4eba051193611a8b484,0
What year was Balto released?,index:movies/0/b534ba68c41871efb6705454,0
What year was Balto released?,index:movies/0/c51ce41044260a010ef70936,2
What year was Balto released?,index:movies/0/207f880199981ab2a1e6571d,0
What year was Balto released?,index:movies/0/6271faad27d7fded94bb51bc,0
What is the year-genre combination listed for Father of the Bride Part II?,index:movies/0/e4da3b7fd18b18e535a896b7,2
What is the year-genre combination listed for Father of the Bride Part II?,index:movies/0/ba51e615746742c28e961c62,0
What is the year-genre combination listed for Father of the Bride Part II?,index:movies/0/4daa3db375bee2acb79bba4c,0
What is the year-genre combination listed for Father of the Bride Part II?,index:movies/0/aab8adb57ace785aaff00e0e,0
What genres describe Balto (1995)?,index:movies/0/c51ce41044260a010ef70936,2
What genres describe Balto (1995)?,index:movies/0/98c00612e32e521b837d0f5e,0
What genres describe Balto (1995)?,index:movies/0/05b4defdd57108fcfcbf625a,0
What genres describe Balto (1995)?,index:movies/0/b534ba68c41871efb6705454,0
Is Balto (1995) an animated film?,index:movies/0/c51ce41044260a010ef70936,2
Is Balto (1995) an animated film?,index:movies/0/fa7cdfad136fd2d592f92635,0
Is Balto (1995) an animated film?,index:movies/0/cc8ba14159c986ff91fd19c2,0
Is Balto (1995) an animated film?,index:movies/0/89c86ad45e7a9483e90c78de,0
Is Balto (1995) intended for children?,index:movies/0/c51ce41044260a010ef70936,2
Does Balto (1995) belong to the adventure genre?,index:movies/0/c51ce41044260a010ef70936,2
Is Balto (1995) intended for children?,index:movies/0/f35fd5676ebe38878ee6c44c,0
Does Balto (1995) belong to the adventure genre?,index:movies/0/a5e001324055fcae52da6708,0
Is Balto (1995) intended for children?,index:movies/0/588934c114c1c4da4dc9442b,0
Does Balto (1995) belong to the adventure genre?,index:movies/0/36366388ddeecff642e11dbd,0
Is Balto (1995) intended for children?,index:movies/0/b4568df2825a0f7529b25644,0
Does Balto (1995) belong to the adventure genre?,index:movies/0/ac1dd20920ef5b20e178aff1,0
Is Balto (1995) categorized as animation for kids?,index:movies/0/c51ce41044260a010ef70936,2
Is Balto (1995) categorized as animation for kids?,index:movies/0/588934c114c1c4da4dc9442b,0
Is Balto (1995) categorized as animation for kids?,index:movies/0/82161242418f9da8d3a00e93,0
Is Balto (1995) categorized as animation for kids?,index:movies/0/502e4a162e3287acad74a3b7,0
What is Balto (1995) classified as in terms of genre?,index:movies/0/c51ce41044260a010ef70936,2
What is Balto (1995) classified as in terms of genre?,index:movies/0/d77f007624b1e89d5852a1cc,0
What is Balto (1995) classified as in terms of genre?,index:movies/0/f4f6dce2a8c52546af8edb6d,0
What is Balto (1995) classified as in terms of genre?,index:movies/0/885ee3c6853e6f70b8497640,0
What genre mix is Dracula: Dead and Loving It (1995) classified under?,index:movies/0/c20ad4d70606b7b342320c07,2
What genre mix is Dracula: Dead and Loving It (1995) classified under?,index:movies/0/bf8dd8c69aaf4378b9caff4a,0
What genre mix is Dracula: Dead and Loving It (1995) classified under?,index:movies/0/885ee3c6853e6f70b8497640,0
What genre mix is Dracula: Dead and Loving It (1995) classified under?,index:movies/0/274ad47819cbc826155b7c73,0
"Which movie released in 1995 has the genres Adventure, Animation, and Children?",index:movies/0/2e3d2c4fe662c13bc55c2ef6,0
"Which movie released in 1995 has the genres Adventure, Animation, and Children?",index:movies/0/26407acdeaa3121917d79a85,0
"Which movie released in 1995 has the genres Adventure, Animation, and Children?",index:movies/0/02b94e5ce5ee1ca3807446ab,0
"Which movie released in 1995 has the genres Adventure, Animation, and Children?",index:movies/0/573a8843234363a36a0e5171,0
In what year was Dracula: Dead and Loving It released?,index:movies/0/c20ad4d70606b7b342320c07,2
In what year was Dracula: Dead and Loving It released?,index:movies/0/b534ba68c41871efb6705454,0
In what year was Dracula: Dead and Loving It released?,index:movies/0/98c00612e32e521b837d0f5e,0
In what year was Dracula: Dead and Loving It released?,index:movies/0/de8d4f2b191df6b6cc036439,0
What is the internal document ID for Dracula: Dead and Loving It?,index:movies/0/c20ad4d70606b7b342320c07,2
What is the internal document ID for Dracula: Dead and Loving It?,index:movies/0/bf8dd8c69aaf4378b9caff4a,0
What is the internal document ID for Dracula: Dead and Loving It?,index:movies/0/885ee3c6853e6f70b8497640,0
What is the internal document ID for Dracula: Dead and Loving It?,index:movies/0/f01640155c80390d903a4129,0
Is Grumpier Old Men a romantic comedy?,index:movies/0/703957b6800f2a83edb31e7e,1
Is Grumpier Old Men a romantic comedy?,index:movies/0/eccbc87e071baf7fd621a46b,2
Is Grumpier Old Men a romantic comedy?,index:movies/0/ded293157894d6e71d743dc7,0
Is Grumpier Old Men a romantic comedy?,index:movies/0/410a1924b21b5c02be13f358,0
What year was Grumpier Old Men released?,index:movies/0/eccbc87e071baf7fd621a46b,2
What year was Grumpier Old Men released?,index:movies/0/703957b6800f2a83edb31e7e,0
What year was Grumpier Old Men released?,index:movies/0/ded293157894d6e71d743dc7,0
What year was Grumpier Old Men released?,index:movies/0/b534ba68c41871efb6705454,0
What is the full title of the movie linked to the document ID id:movies:movie::12?,index:movies/0/3dde11a79f534d92a9cc052b,0
What is the full title of the movie linked to the document ID id:movies:movie::12?,index:movies/0/597c7b40b7e4d46b29fcc5c9,0
What is the full title of the movie linked to the document ID id:movies:movie::12?,index:movies/0/3c20c2d5ba2e3404e5248f8c,0
What is the full title of the movie linked to the document ID id:movies:movie::12?,index:movies/0/26407acdeaa3121917d79a85,0
Describe Dracula: Dead and Loving It using its comedy and horror genres.,index:movies/0/c20ad4d70606b7b342320c07,2
Describe Dracula: Dead and Loving It using its comedy and horror genres.,index:movies/0/163e6dcbbaca761b2b0fcfb1,0
Describe Dracula: Dead and Loving It using its comedy and horror genres.,index:movies/0/996e9ce0b9d1e1a99571a466,0
Describe Dracula: Dead and Loving It using its comedy and horror genres.,index:movies/0/1c65cef3bc7a944bb811981b,0
Which genres are listed for Dracula: Dead and Loving It?,index:movies/0/c20ad4d70606b7b342320c07,2
Which genres are listed for Dracula: Dead and Loving It?,index:movies/0/163e6dcbbaca761b2b0fcfb1,0
Which genres are listed for Dracula: Dead and Loving It?,index:movies/0/643de7cf857f43428ed5c3f6,0
Which genres are listed for Dracula: Dead and Loving It?,index:movies/0/e1d5be1c627bb3301b13f28b,0
What genres are listed for Grumpier Old Men?,index:movies/0/eccbc87e071baf7fd621a46b,2
What genres are listed for Grumpier Old Men?,index:movies/0/703957b6800f2a83edb31e7e,1
What genres are listed for Grumpier Old Men?,index:movies/0/ded293157894d6e71d743dc7,0
What genres are listed for Grumpier Old Men?,index:movies/0/dba132f69bd944e7dda5d07c,0
What is the title of the film released in 1995 that blends horror and comedy?,index:movies/0/597c7b40b7e4d46b29fcc5c9,0
What is the title of the film released in 1995 that blends horror and comedy?,index:movies/0/de8d4f2b191df6b6cc036439,0
What is the title of the film released in 1995 that blends horror and comedy?,index:movies/0/f4f6dce2a8c52546af8edb6d,1
What is the title of the film released in 1995 that blends horror and comedy?,index:movies/0/e5da5ec33b95b856e686bbe8,0
Is Grumpier Old Men described as a comedy film?,index:movies/0/703957b6800f2a83edb31e7e,0
Is Grumpier Old Men described as a comedy film?,index:movies/0/eccbc87e071baf7fd621a46b,2
Is Grumpier Old Men described as a comedy film?,index:movies/0/ded293157894d6e71d743dc7,0
Is Grumpier Old Men described as a comedy film?,index:movies/0/365d17774e079a1cd9df434d,0
Is Dracula: Dead and Loving It categorized under both comedy and horror?,index:movies/0/c20ad4d70606b7b342320c07,2
Is Dracula: Dead and Loving It categorized under both comedy and horror?,index:movies/0/163e6dcbbaca761b2b0fcfb1,0
Is Dracula: Dead and Loving It categorized under both comedy and horror?,index:movies/0/996e9ce0b9d1e1a99571a466,0
Is Dracula: Dead and Loving It categorized under both comedy and horror?,index:movies/0/1c65cef3bc7a944bb811981b,0
What is the document ID for Sense and Sensibility (1995)?,index:movies/0/70efdf2ef3cb751a37a10358,2
What is the document ID for Sense and Sensibility (1995)?,index:movies/0/0c12b9dd3d2243956c0ed7b1,0
What is the document ID for Sense and Sensibility (1995)?,index:movies/0/885ee3c6853e6f70b8497640,0
What is the document ID for Sense and Sensibility (1995)?,index:movies/0/f01640155c80390d903a4129,0
Which film entry in the document has the genres Drama and Romance?,index:movies/0/f3a3a63a24927b1201b6cac4,0
Which film entry in the document has the genres Drama and Romance?,index:movies/0/4531af2aece2d8713b506185,0
Which film entry in the document has the genres Drama and Romance?,index:movies/0/61995373eae2fcf0e5864be3,0
Which film entry in the document has the genres Drama and Romance?,index:movies/0/7d3b7621c87f8bc26820c1bc,0
Is Grumpier Old Men described as a romance film?,index:movies/0/eccbc87e071baf7fd621a46b,0
Is Grumpier Old Men described as a romance film?,index:movies/0/703957b6800f2a83edb31e7e,0
Is Grumpier Old Men described as a romance film?,index:movies/0/61995373eae2fcf0e5864be3,0
Is Grumpier Old Men described as a romance film?,index:movies/0/365d17774e079a1cd9df434d,0
What year is shown in the Sense and Sensibility title in the document?,index:movies/0/793ec9520630f84cfeffe629,0
What year is shown in the Sense and Sensibility title in the document?,index:movies/0/5ef0b4eba051193611a8b484,0
What year is shown in the Sense and Sensibility title in the document?,index:movies/0/03e7d2eb9e610ceb78197f7d,0
What year is shown in the Sense and Sensibility title in the document?,index:movies/0/ea46b042c17249c7da9b6724,0
What is the genre pairing for Grumpier Old Men (1995)?,index:movies/0/eccbc87e071baf7fd621a46b,2
What is the genre pairing for Grumpier Old Men (1995)?,index:movies/0/703957b6800f2a83edb31e7e,0
What is the genre pairing for Grumpier Old Men (1995)?,index:movies/0/ded293157894d6e71d743dc7,0
What is the genre pairing for Grumpier Old Men (1995)?,index:movies/0/885ee3c6853e6f70b8497640,0
Grumpier Old Men (1995): what two genres is it categorized under?,index:movies/0/eccbc87e071baf7fd621a46b,2
Grumpier Old Men (1995): what two genres is it categorized under?,index:movies/0/703957b6800f2a83edb31e7e,0
Grumpier Old Men (1995): what two genres is it categorized under?,index:movies/0/bf8dd8c69aaf4378b9caff4a,0
Grumpier Old Men (1995): what two genres is it categorized under?,index:movies/0/a5771bce2c1ccef13f3c96f7,0
What genres are listed for Sense and Sensibility (1995)?,index:movies/0/70efdf2ef3cb751a37a10358,1
What genres are listed for Sense and Sensibility (1995)?,index:movies/0/dba132f69bd944e7dda5d07c,0
What genres are listed for Sense and Sensibility (1995)?,index:movies/0/643de7cf857f43428ed5c3f6,0
What genres are listed for Sense and Sensibility (1995)?,index:movies/0/05b4defdd57108fcfcbf625a,0
Which 1995 movie combines comedy and romance?,index:movies/0/163e6dcbbaca761b2b0fcfb1,0
Which 1995 movie combines comedy and romance?,index:movies/0/555d6702741141fe7efa16c7,1
Which 1995 movie combines comedy and romance?,index:movies/0/1d21eadf2269936cc3c3586c,0
What is the exact title of the movie entry that includes the year 1995?,index:movies/0/e5da5ec33b95b856e686bbe8,2
Which 1995 movie combines comedy and romance?,index:movies/0/5aba6133bfc440482bc219b8,0
What is the exact title of the movie entry that includes the year 1995?,index:movies/0/ac8cd180aa3b9c66d9e7b31f,0
What is the exact title of the movie entry that includes the year 1995?,index:movies/0/6af22ab76f288d2fc7041cb3,0
What is the exact title of the movie entry that includes the year 1995?,index:movies/0/9756a6815ba930aad550ff7f,0
Which movie in this document is labeled as belonging to both Drama and Romance?,index:movies/0/8bd39eaea1e66dda10deecec,0
Which movie in this document is labeled as belonging to both Drama and Romance?,index:movies/0/0e674a91c1a3ef490c9c7d6b,0
Which movie in this document is labeled as belonging to both Drama and Romance?,index:movies/0/b17446afde575c9f32f555b7,0
Which movie in this document is labeled as belonging to both Drama and Romance?,index:movies/0/365d17774e079a1cd9df434d,0
How is Sense and Sensibility (1995) categorized in the dataset's metadata?,index:movies/0/70efdf2ef3cb751a37a10358,2
How is Sense and Sensibility (1995) categorized in the dataset's metadata?,index:movies/0/26657d5f48d317aa2c416e1e,0
How is Sense and Sensibility (1995) categorized in the dataset's metadata?,index:movies/0/f4f6dce2a8c52546af8edb6d,0
What two genres are associated with Sense and Sensibility in the document?,index:movies/0/70efdf2ef3cb751a37a10358,0
How is Sense and Sensibility (1995) categorized in the dataset's metadata?,index:movies/0/d9d4f495f616f93d82404995,0
What two genres are associated with Sense and Sensibility in the document?,index:movies/0/de8d4f2b191df6b6cc036439,0
What two genres are associated with Sense and Sensibility in the document?,index:movies/0/dba132f69bd944e7dda5d07c,0
What two genres are associated with Sense and Sensibility in the document?,index:movies/0/f01640155c80390d903a4129,0
What is the title of the movie described in the document with the ID id:movies:movie::19?,index:movies/0/f3a3a63a24927b1201b6cac4,0
What is the title of the movie described in the document with the ID id:movies:movie::19?,index:movies/0/e1b959b219ff3adbe65fb86a,0
What is the title of the movie described in the document with the ID id:movies:movie::19?,index:movies/0/597c7b40b7e4d46b29fcc5c9,0
What is the title of the movie described in the document with the ID id:movies:movie::19?,index:movies/0/26407acdeaa3121917d79a85,0
In what year was Ace Ventura: When Nature Calls released?,index:movies/0/1f0e3dad41cc8827e13cf4cc,2
In what year was Ace Ventura: When Nature Calls released?,index:movies/0/b3967a0e1cba68c4e136b831,0
In what year was Ace Ventura: When Nature Calls released?,index:movies/0/675cd209628d6527c371f3be,0
In what year was Ace Ventura: When Nature Calls released?,index:movies/0/b534ba68c41871efb6705454,0
Which film in the document is a 1995 comedy?,index:movies/0/26657d5f48d317aa2c416e1e,2
What is the document ID for the film Ace Ventura: When Nature Calls?,index:movies/0/1f0e3dad41cc8827e13cf4cc,2
Which film in the document is a 1995 comedy?,index:movies/0/de6b99d6fa832028db29ecbe,0
What is the document ID for the film Ace Ventura: When Nature Calls?,index:movies/0/0c12b9dd3d2243956c0ed7b1,0
Which film in the document is a 1995 comedy?,index:movies/0/508924733d2c5161a0589470,0
What is the document ID for the film Ace Ventura: When Nature Calls?,index:movies/0/4a5f2f97422861c7d7c818dd,0
Which film in the document is a 1995 comedy?,index:movies/0/36e1ed1bf0ee2ffc5a39b184,0
What is the document ID for the film Ace Ventura: When Nature Calls?,index:movies/0/e3ed3dc91f3a547ac6686261,0
What genre is Ace Ventura: When Nature Calls categorized as?,index:movies/0/1f0e3dad41cc8827e13cf4cc,2
What genres does Get Shorty (1995) belong to?,index:movies/0/3c59dc043dcd90c2ed6ce9bb,2
What genre is Ace Ventura: When Nature Calls categorized as?,index:movies/0/b3967a0e1cba68c4e136b831,0
What genres does Get Shorty (1995) belong to?,index:movies/0/f01640155c80390d903a4129,0
What genre is Ace Ventura: When Nature Calls categorized as?,index:movies/0/675cd209628d6527c371f3be,0
What genres does Get Shorty (1995) belong to?,index:movies/0/de8d4f2b191df6b6cc036439,0
What genre is Ace Ventura: When Nature Calls categorized as?,index:movies/0/233ef778973b329f4cfea708,0
What genres does Get Shorty (1995) belong to?,index:movies/0/9e7c07388ae07312d675112c,0
Which movie is identified by the document ID id:movies:movie::19?,index:movies/0/2a1d021a693e0ff01652537f,0
Which movie is identified by the document ID id:movies:movie::19?,index:movies/0/e892cdc70d9f7a2a3f1c688d,0
Which movie is identified by the document ID id:movies:movie::19?,index:movies/0/0581675fd699dd1e3eb04ece,0
Which movie is identified by the document ID id:movies:movie::19?,index:movies/0/bb58d3d2df546f870e0fca0d,0
What year is indicated in the movie title Get Shorty (1995)?,index:movies/0/3c59dc043dcd90c2ed6ce9bb,2
What year is indicated in the movie title Get Shorty (1995)?,index:movies/0/de8d4f2b191df6b6cc036439,0
What year is indicated in the movie title Get Shorty (1995)?,index:movies/0/26657d5f48d317aa2c416e1e,0
What year is indicated in the movie title Get Shorty (1995)?,index:movies/0/f4f6dce2a8c52546af8edb6d,0
What basic details does the document provide about Ace Ventura: When Nature Calls?,index:movies/0/1f0e3dad41cc8827e13cf4cc,2
What basic details does the document provide about Ace Ventura: When Nature Calls?,index:movies/0/f01640155c80390d903a4129,0
What basic details does the document provide about Ace Ventura: When Nature Calls?,index:movies/0/de8d4f2b191df6b6cc036439,0
What basic details does the document provide about Ace Ventura: When Nature Calls?,index:movies/0/b3967a0e1cba68c4e136b831,0
What is the internal document ID for the Get Shorty movie entry?,index:movies/0/0c12b9dd3d2243956c0ed7b1,0
What is the internal document ID for the Get Shorty movie entry?,index:movies/0/26407acdeaa3121917d79a85,0
What is the internal document ID for the Get Shorty movie entry?,index:movies/0/3c20c2d5ba2e3404e5248f8c,0
What is the internal document ID for the Get Shorty movie entry?,index:movies/0/f047142599b12e6a8395003e,0
What is the exact title of the movie associated with the ID id:movies:movie::21?,index:movies/0/3dde11a79f534d92a9cc052b,0
What is the exact title of the movie associated with the ID id:movies:movie::21?,index:movies/0/e1b959b219ff3adbe65fb86a,0
What is the exact title of the movie associated with the ID id:movies:movie::21?,index:movies/0/597c7b40b7e4d46b29fcc5c9,0
What is the exact title of the movie associated with the ID id:movies:movie::21?,index:movies/0/3c20c2d5ba2e3404e5248f8c,0
What is the full display title of the 1995 comedy film Ace Ventura: When Nature Calls?,index:movies/0/1f0e3dad41cc8827e13cf4cc,2
What is the full display title of the 1995 comedy film Ace Ventura: When Nature Calls?,index:movies/0/e5da5ec33b95b856e686bbe8,0
What is the full display title of the 1995 comedy film Ace Ventura: When Nature Calls?,index:movies/0/bb58d3d2df546f870e0fca0d,0
What is the full display title of the 1995 comedy film Ace Ventura: When Nature Calls?,index:movies/0/f01640155c80390d903a4129,0
How many genres are listed for Get Shorty (1995)?,index:movies/0/3c59dc043dcd90c2ed6ce9bb,2
How many genres are listed for Get Shorty (1995)?,index:movies/0/971eb27c244051e2a8105f15,0
How many genres are listed for Get Shorty (1995)?,index:movies/0/d9d4f495f616f93d82404995,0
How many genres are listed for Get Shorty (1995)?,index:movies/0/d7524e44a19e7b684f53afea,0
Is the movie Get Shorty (1995) linked to the internal ID id:movies:movie::21?,index:movies/0/3c59dc043dcd90c2ed6ce9bb,2
Is the movie Get Shorty (1995) linked to the internal ID id:movies:movie::21?,index:movies/0/d6eadece777f25f9d4cdb02f,0
Is the movie Get Shorty (1995) linked to the internal ID id:movies:movie::21?,index:movies/0/26407acdeaa3121917d79a85,0
Is the movie Get Shorty (1995) linked to the internal ID id:movies:movie::21?,index:movies/0/3c20c2d5ba2e3404e5248f8c,0
"Which data fields are provided for the Get Shorty (1995) entry (e.g., documentid, title, genres)?",index:movies/0/3c59dc043dcd90c2ed6ce9bb,2
"Which data fields are provided for the Get Shorty (1995) entry (e.g., documentid, title, genres)?",index:movies/0/2e98771ca12255d111cb904e,0
"Which data fields are provided for the Get Shorty (1995) entry (e.g., documentid, title, genres)?",index:movies/0/db576a7d02de068db6d5aa1a,0
"Which data fields are provided for the Get Shorty (1995) entry (e.g., documentid, title, genres)?",index:movies/0/d6eadece777f25f9d4cdb02f,0
When was Copycat released?,index:movies/0/b6d767d2016bda12fe70c42c,2
When was Copycat released?,index:movies/0/f457c54573f530b0b01cc1f7,0
When was Copycat released?,index:movies/0/a1d50185602c5a5bb4fd3833,0
When was Copycat released?,index:movies/0/f93882cb0cdca3cff6803d21,0
What genres are listed for Copycat (1995)?,index:movies/0/b6d767d2016bda12fe70c42c,2
What genres are listed for Copycat (1995)?,index:movies/0/dba132f69bd944e7dda5d07c,0
What genres are listed for Copycat (1995)?,index:movies/0/b534ba68c41871efb6705454,0
What genres are listed for Copycat (1995)?,index:movies/0/e069ea4c06ce7713aba40ab2,0
What is the complete genre lineup for the movie Copycat released in 1995?,index:movies/0/de8d4f2b191df6b6cc036439,0
What is the complete genre lineup for the movie Copycat released in 1995?,index:movies/0/3c20c2d5ba2e3404e5248f8c,0
What is the complete genre lineup for the movie Copycat released in 1995?,index:movies/0/26407acdeaa3121917d79a85,0
What is the complete genre lineup for the movie Copycat released in 1995?,index:movies/0/f047142599b12e6a8395003e,0
Does Copycat belong to the horror genre?,index:movies/0/ec72acbbd1264683a2085926,0
Does Copycat belong to the horror genre?,index:movies/0/b6d767d2016bda12fe70c42c,2
Does Copycat belong to the horror genre?,index:movies/0/3c03048fde6cb79f56778bf3,0
Does Copycat belong to the horror genre?,index:movies/0/597c7b40b7e4d46b29fcc5c9,0
How many genres describe Copycat (1995)?,index:movies/0/b6d767d2016bda12fe70c42c,2
How many genres describe Copycat (1995)?,index:movies/0/d9d4f495f616f93d82404995,0
How many genres describe Copycat (1995)?,index:movies/0/d7524e44a19e7b684f53afea,0
How many genres describe Copycat (1995)?,index:movies/0/8dd9787d66cf1eced97573ea,0
What are the three genres listed for Get Shorty (1995) in this record?,index:movies/0/3c59dc043dcd90c2ed6ce9bb,0
What are the three genres listed for Get Shorty (1995) in this record?,index:movies/0/de8d4f2b191df6b6cc036439,0
What are the three genres listed for Get Shorty (1995) in this record?,index:movies/0/26657d5f48d317aa2c416e1e,0
What are the three genres listed for Get Shorty (1995) in this record?,index:movies/0/f4f6dce2a8c52546af8edb6d,0
Is Mystery among the genres for Copycat (1995)?,index:movies/0/b6d767d2016bda12fe70c42c,2
Is Mystery among the genres for Copycat (1995)?,index:movies/0/24422a3f1f376b52b1acf1da,0
Is Mystery among the genres for Copycat (1995)?,index:movies/0/c1fea2707e0b64ac9dba74a0,0
Is Mystery among the genres for Copycat (1995)?,index:movies/0/b3848d611cf513730a7d2ab6,0
Can you confirm if Copycat is a crime drama thriller?,index:movies/0/b6d767d2016bda12fe70c42c,2
Can you confirm if Copycat is a crime drama thriller?,index:movies/0/1ae6464ceb2346c30c106846,0
Can you confirm if Copycat is a crime drama thriller?,index:movies/0/efdf562c803c161562a4f21d,0
Can you confirm if Copycat is a crime drama thriller?,index:movies/0/7acba0105c05fac1bd2a7248,0
Which genre is Four Rooms categorized under in this entry?,index:movies/0/6f4922f42936cbe45d1af6b2,0
In what year is the film Four Rooms listed?,index:movies/0/61995373eae2fcf0e5864be3,0
Which genre is Four Rooms categorized under in this entry?,index:movies/0/c6a8741ce9a5200a88543cf3,0
In what year is the film Four Rooms listed?,index:movies/0/de8d4f2b191df6b6cc036439,0
Which genre is Four Rooms categorized under in this entry?,index:movies/0/0e9fa1f390dac67954dc273e,0
In what year is the film Four Rooms listed?,index:movies/0/6f4922f42936cbe45d1af6b2,2
Which genre is Four Rooms categorized under in this entry?,index:movies/0/8bd39eaea1e66dda10deecec,0
In what year is the film Four Rooms listed?,index:movies/0/b706835d39ffda981fcffc01,0
What is the full title including the year as it appears in the entry?,index:movies/0/f3a3a63a24927b1201b6cac4,2
What is the full title including the year as it appears in the entry?,index:movies/0/ac8cd180aa3b9c66d9e7b31f,2
What is the full title including the year as it appears in the entry?,index:movies/0/6af22ab76f288d2fc7041cb3,2
What is the full title including the year as it appears in the entry?,index:movies/0/4531af2aece2d8713b506185,2
What is the document identifier for the movie Four Rooms?,index:movies/0/0c12b9dd3d2243956c0ed7b1,0
What is the document identifier for the movie Four Rooms?,index:movies/0/26407acdeaa3121917d79a85,0
What is the document identifier for the movie Four Rooms?,index:movies/0/3c20c2d5ba2e3404e5248f8c,0
What is the document identifier for the movie Four Rooms?,index:movies/0/731d62e3a8a7b3e8e857ca11,0
"What is the title of the film associated with the genres Crime, Drama, Horror, Mystery, and Thriller?",index:movies/0/8d25153b912f891e15c05dc7,2
"What is the title of the film associated with the genres Crime, Drama, Horror, Mystery, and Thriller?",index:movies/0/167eca22e2f041ccb1fa71ea,0
"What is the title of the film associated with the genres Crime, Drama, Horror, Mystery, and Thriller?",index:movies/0/e1b959b219ff3adbe65fb86a,1
"What is the title of the film associated with the genres Crime, Drama, Horror, Mystery, and Thriller?",index:movies/0/99e20654face693bc44f0833,0
"According to the document ID, which data collection does this film belong to?",index:movies/0/3c03048fde6cb79f56778bf3,2
"According to the document ID, which data collection does this film belong to?",index:movies/0/ef8446f32588f0cc73dc8cd9,2
"According to the document ID, which data collection does this film belong to?",index:movies/0/b827397a55fdae637acee894,2
"According to the document ID, which data collection does this film belong to?",index:movies/0/d6356382747af94b2aa30b02,2
"According to the document ID, what is the media type of Four Rooms?",index:movies/0/3dde11a79f534d92a9cc052b,0
"According to the document ID, what is the media type of Four Rooms?",index:movies/0/597c7b40b7e4d46b29fcc5c9,0
"According to the document ID, what is the media type of Four Rooms?",index:movies/0/e3ed3dc91f3a547ac6686261,0
"According to the document ID, what is the media type of Four Rooms?",index:movies/0/e71115f03197d80baadda67f,0
"If you were searching for a 1995 comedy in this document, which film would you find?",index:movies/0/6162bffac17efea03b62af15,0
"If you were searching for a 1995 comedy in this document, which film would you find?",index:movies/0/2327fdecf217775b89a3a4f8,0
"If you were searching for a 1995 comedy in this document, which film would you find?",index:movies/0/8562ae5e8c33d6cfe4161851,0
"If you were searching for a 1995 comedy in this document, which film would you find?",index:movies/0/fe11fd40888f9c10b2277a27,0
When was The City of Lost Children released?,index:movies/0/6ea9ab1bfa4a0a7617dbd6ac,2
When was The City of Lost Children released?,index:movies/0/37d7902c796c8b01b739e4e4,0
When was The City of Lost Children released?,index:movies/0/fd277a6e1948e479d0470c98,0
When was The City of Lost Children released?,index:movies/0/91f4dfaab1b60d123d0de7ae,0
"What is the English title for the film with the French title Cité des enfants perdus, La?",index:movies/0/6ea9ab1bfa4a0a7617dbd6ac,2
"What is the English title for the film with the French title Cité des enfants perdus, La?",index:movies/0/e1b959b219ff3adbe65fb86a,0
"What is the English title for the film with the French title Cité des enfants perdus, La?",index:movies/0/e3ed3dc91f3a547ac6686261,0
"What is the English title for the film with the French title Cité des enfants perdus, La?",index:movies/0/c1fea2707e0b64ac9dba74a0,0
What is the French title of The City of Lost Children?,index:movies/0/6ea9ab1bfa4a0a7617dbd6ac,2
What is the French title of The City of Lost Children?,index:movies/0/50784b272bf5606f98750f85,0
What is the French title of The City of Lost Children?,index:movies/0/91f4dfaab1b60d123d0de7ae,0
What is the French title of The City of Lost Children?,index:movies/0/37d7902c796c8b01b739e4e4,0
What genres are listed for The City of Lost Children?,index:movies/0/6ea9ab1bfa4a0a7617dbd6ac,1
What genres are listed for The City of Lost Children?,index:movies/0/f35fd5676ebe38878ee6c44c,0
What genres are listed for The City of Lost Children?,index:movies/0/37d7902c796c8b01b739e4e4,0
What genres are listed for The City of Lost Children?,index:movies/0/fd277a6e1948e479d0470c98,0
What is the document ID for The City of Lost Children movie?,index:movies/0/6ea9ab1bfa4a0a7617dbd6ac,2
What is the document ID for The City of Lost Children movie?,index:movies/0/f35fd5676ebe38878ee6c44c,0
What is the document ID for The City of Lost Children movie?,index:movies/0/50784b272bf5606f98750f85,0
What is the document ID for The City of Lost Children movie?,index:movies/0/91f4dfaab1b60d123d0de7ae,0
Please provide the basic details for the movie Othello released in 1995.,index:movies/0/0c12b9dd3d2243956c0ed7b1,0
Please provide the basic details for the movie Othello released in 1995.,index:movies/0/26407acdeaa3121917d79a85,0
Please provide the basic details for the movie Othello released in 1995.,index:movies/0/3c20c2d5ba2e3404e5248f8c,0
Please provide the basic details for the movie Othello released in 1995.,index:movies/0/f3a3a63a24927b1201b6cac4,0
Does the film's listing include both English and French titles?,index:movies/0/71a5c051ae2ffe4da3b73795,0
Does the film's listing include both English and French titles?,index:movies/0/a38b16177cfb647188d5d802,0
Does the film's listing include both English and French titles?,index:movies/0/5dedb42b6dee53620e29a3b5,0
Does the film's listing include both English and French titles?,index:movies/0/55896c6db3e6707b1e80738f,0
"Which 1995 film combines Adventure, Drama, Fantasy, Mystery, and Sci-Fi?",index:movies/0/6ea9ab1bfa4a0a7617dbd6ac,2
"Which 1995 film combines Adventure, Drama, Fantasy, Mystery, and Sci-Fi?",index:movies/0/e2459ae23f1b333315cb88d2,0
"Which 1995 film combines Adventure, Drama, Fantasy, Mystery, and Sci-Fi?",index:movies/0/dfb4b0203dacc58cc4ca5ca8,0
"Which 1995 film combines Adventure, Drama, Fantasy, Mystery, and Sci-Fi?",index:movies/0/bd11d70138fd20bac51246af,0
What is the genre of the 1995 film Othello?,index:movies/0/e5da5ec33b95b856e686bbe8,0
What is the genre of the 1995 film Othello?,index:movies/0/5a2756a322c84a686b3dd20f,0
What is the genre of the 1995 film Othello?,index:movies/0/e894d787a5dd99436bbf9d0d,0
What is the genre of the 1995 film Othello?,index:movies/0/6f4920ea1b50f6ea23df5811,0
I want to locate the Othello movie that came out in 1995.,index:movies/0/543bec10fbe4b686abd4ac62,0
I want to locate the Othello movie that came out in 1995.,index:movies/0/88eb513f46257054090b4965,0
I want to locate the Othello movie that came out in 1995.,index:movies/0/dc0439ca2d2726c09fd3c75f,0
I want to locate the Othello movie that came out in 1995.,index:movies/0/26657d5f48d317aa2c416e1e,0
Show the entry for the movie titled Othello with the year 1995.,index:movies/0/e1b959b219ff3adbe65fb86a,0
Show the entry for the movie titled Othello with the year 1995.,index:movies/0/ac8cd180aa3b9c66d9e7b31f,0
Show the entry for the movie titled Othello with the year 1995.,index:movies/0/ec72acbbd1264683a2085926,0
Show the entry for the movie titled Othello with the year 1995.,index:movies/0/6af22ab76f288d2fc7041cb3,0
Is The City of Lost Children categorized as Sci-Fi?,index:movies/0/6ea9ab1bfa4a0a7617dbd6ac,2
Is The City of Lost Children categorized as Sci-Fi?,index:movies/0/fd277a6e1948e479d0470c98,0
Is The City of Lost Children categorized as Sci-Fi?,index:movies/0/439fca36952fbdc3cf184137,0
Is The City of Lost Children categorized as Sci-Fi?,index:movies/0/33e7dd5a028865a942ef8f47,0
What is the title of the film released in 1995 that is a drama?,index:movies/0/61995373eae2fcf0e5864be3,0
What is the title of the film released in 1995 that is a drama?,index:movies/0/5ef0b4eba051193611a8b484,0
What is the title of the film released in 1995 that is a drama?,index:movies/0/5a4c857a3403277e297be93f,0
What is the title of the film released in 1995 that is a drama?,index:movies/0/03e7d2eb9e610ceb78197f7d,0
Can you confirm the year and genre for the film Othello?,index:movies/0/0c12b9dd3d2243956c0ed7b1,0
Can you confirm the year and genre for the film Othello?,index:movies/0/7a98af17a90f5942201da8bc,0
Can you confirm the year and genre for the film Othello?,index:movies/0/ac8cd180aa3b9c66d9e7b31f,0
Can you confirm the year and genre for the film Othello?,index:movies/0/6af22ab76f288d2fc7041cb3,0
Which movie in the database is Othello and was released in 1995?,index:movies/0/26657d5f48d317aa2c416e1e,0
Which movie in the database is Othello and was released in 1995?,index:movies/0/f4f6dce2a8c52546af8edb6d,0
Which movie in the database is Othello and was released in 1995?,index:movies/0/793ec9520630f84cfeffe629,0
Which movie in the database is Othello and was released in 1995?,index:movies/0/5ef0b4eba051193611a8b484,0
Is Othello (1995) classified as a drama?,index:movies/0/4e732cedc2b40dae6bc4a7fc,1
Is Othello (1995) classified as a drama?,index:movies/0/5a2756a322c84a686b3dd20f,0
Is Othello (1995) classified as a drama?,index:movies/0/365d17774e079a1cd9df434d,0
Is Othello (1995) classified as a drama?,index:movies/0/df515135a18fd9bf28bbafac,0
What is the unique document ID for Persuasion (1995)?,index:movies/0/33e75ff0c1c2108024a3e9f6,2
What is the unique document ID for Persuasion (1995)?,index:movies/0/885ee3c6853e6f70b8497640,0
What is the unique document ID for Persuasion (1995)?,index:movies/0/f01640155c80390d903a4129,0
What is the unique document ID for Persuasion (1995)?,index:movies/0/bf8dd8c69aaf4378b9caff4a,0
What genres are listed for Persuasion (1995)?,index:movies/0/33e75ff0c1c2108024a3e9f6,0
What genres are listed for Persuasion (1995)?,index:movies/0/dba132f69bd944e7dda5d07c,0
What year is associated with Persuasion in this document?,index:movies/0/885ee3c6853e6f70b8497640,0
What genres are listed for Persuasion (1995)?,index:movies/0/2de6110979c7826aa3947be6,0
Is the movie Persuasion (1995) labeled as both drama and romance?,index:movies/0/33e75ff0c1c2108024a3e9f6,2
What year is associated with Persuasion in this document?,index:movies/0/8bd39eaea1e66dda10deecec,0
What genres are listed for Persuasion (1995)?,index:movies/0/b534ba68c41871efb6705454,0
Is the movie Persuasion (1995) labeled as both drama and romance?,index:movies/0/365d17774e079a1cd9df434d,0
What year is associated with Persuasion in this document?,index:movies/0/543b0435d4a35da0f6c80eb7,0
Is the movie Persuasion (1995) labeled as both drama and romance?,index:movies/0/2de6110979c7826aa3947be6,0
What year is associated with Persuasion in this document?,index:movies/0/6269cd73f28dd29cb2c0c79b,0
Is the movie Persuasion (1995) labeled as both drama and romance?,index:movies/0/df515135a18fd9bf28bbafac,0
What is the exact title used for the 1995 film in the record?,index:movies/0/f3a3a63a24927b1201b6cac4,0
What is the exact title used for the 1995 film in the record?,index:movies/0/0c12b9dd3d2243956c0ed7b1,0
What is the exact title used for the 1995 film in the record?,index:movies/0/e5da5ec33b95b856e686bbe8,2
What is the exact title used for the 1995 film in the record?,index:movies/0/e3ed3dc91f3a547ac6686261,0
How many genres does Persuasion (1995) have according to the entry?,index:movies/0/a473b06d050a8fc531e1b52b,0
How many genres does Persuasion (1995) have according to the entry?,index:movies/0/d9d4f495f616f93d82404995,0
How many genres does Persuasion (1995) have according to the entry?,index:movies/0/3c03048fde6cb79f56778bf3,0
How many genres does Persuasion (1995) have according to the entry?,index:movies/0/33e75ff0c1c2108024a3e9f6,2
Are Drama and Romance the only genres assigned to Persuasion (1995)?,index:movies/0/33e75ff0c1c2108024a3e9f6,2
Are Drama and Romance the only genres assigned to Persuasion (1995)?,index:movies/0/b17446afde575c9f32f555b7,0
Are Drama and Romance the only genres assigned to Persuasion (1995)?,index:movies/0/2de6110979c7826aa3947be6,0
Are Drama and Romance the only genres assigned to Persuasion (1995)?,index:movies/0/fdf1bc56230910bf0b078905,0
What year is Twelve Monkeys listed as released?,index:movies/0/6364d3f0043dbd5364b0f4e3,2
What year is Twelve Monkeys listed as released?,index:movies/0/885ee3c6853e6f70b8497640,0
What year is Twelve Monkeys listed as released?,index:movies/0/bf8dd8c69aaf4378b9caff4a,0
What year is Twelve Monkeys listed as released?,index:movies/0/365d17774e079a1cd9df434d,0
"If I want to verify the film's genres in the dataset, which two genres should I expect to see for Persuasion (1995)?",index:movies/0/543bec10fbe4b686abd4ac62,0
"If I want to verify the film's genres in the dataset, which two genres should I expect to see for Persuasion (1995)?",index:movies/0/88eb513f46257054090b4965,0
"If I want to verify the film's genres in the dataset, which two genres should I expect to see for Persuasion (1995)?",index:movies/0/25caef3ad11e9aa940ca1511,0
"If I want to verify the film's genres in the dataset, which two genres should I expect to see for Persuasion (1995)?",index:movies/0/6c8349ccc6470d5af2ba1489,0
What alternate title is shown for Twelve Monkeys in the entry?,index:movies/0/de8d4f2b191df6b6cc036439,0
What alternate title is shown for Twelve Monkeys in the entry?,index:movies/0/6364d3f0043dbd5364b0f4e3,2
Is Twelve Monkeys also known as 12 Monkeys?,index:movies/0/6364d3f0043dbd5364b0f4e3,2
What alternate title is shown for Twelve Monkeys in the entry?,index:movies/0/605ac7e449b25a93bbc9fb00,0
Is Twelve Monkeys also known as 12 Monkeys?,index:movies/0/01daa0905636f1c5ca1e5d98,0
What alternate title is shown for Twelve Monkeys in the entry?,index:movies/0/885ee3c6853e6f70b8497640,0
Is Twelve Monkeys also known as 12 Monkeys?,index:movies/0/217b4c718d79d774952d0eed,0
Is Twelve Monkeys also known as 12 Monkeys?,index:movies/0/f9fd26240341b288dc2e9559,0
"What is the full movie title as shown in the entry, including the year?",index:movies/0/f3a3a63a24927b1201b6cac4,2
"What is the full movie title as shown in the entry, including the year?",index:movies/0/ac8cd180aa3b9c66d9e7b31f,2
"What is the full movie title as shown in the entry, including the year?",index:movies/0/6af22ab76f288d2fc7041cb3,2
"What is the full movie title as shown in the entry, including the year?",index:movies/0/3c20c2d5ba2e3404e5248f8c,2
What is the document ID for this movie entry?,index:movies/0/6269cd73f28dd29cb2c0c79b,0
What is the document ID for this movie entry?,index:movies/0/885ee3c6853e6f70b8497640,0
What is the document ID for this movie entry?,index:movies/0/f38fef4c8c345012d6d97840,0
What is the document ID for this movie entry?,index:movies/0/f01640155c80390d903a4129,0
What year was Now and Then released?,index:movies/0/02e74f10b5ea6a91d8f85d68,2
What year was Now and Then released?,index:movies/0/565e8a41a62c2be62a9880df,0
What year was Now and Then released?,index:movies/0/b534ba68c41871efb6705454,0
What year was Now and Then released?,index:movies/0/2f3bbb972e561f1a48d0c8e8,0
What are the exact words used to indicate the alternate title after the main title in the entry?,index:movies/0/f3a3a63a24927b1201b6cac4,0
What are the exact words used to indicate the alternate title after the main title in the entry?,index:movies/0/4531af2aece2d8713b506185,0
What are the exact words used to indicate the alternate title after the main title in the entry?,index:movies/0/349b5837c55ea2486fbf4444,0
What are the exact words used to indicate the alternate title after the main title in the entry?,index:movies/0/36e1ed1bf0ee2ffc5a39b184,0
"Which movie entry lists the year 1995 and includes the genres Mystery, Sci-Fi, and Thriller?",index:movies/0/c2343714fc29ea003a74d494,0
"Which movie entry lists the year 1995 and includes the genres Mystery, Sci-Fi, and Thriller?",index:movies/0/99e20654face693bc44f0833,0
"Which movie entry lists the year 1995 and includes the genres Mystery, Sci-Fi, and Thriller?",index:movies/0/bd11d70138fd20bac51246af,1
"Which movie entry lists the year 1995 and includes the genres Mystery, Sci-Fi, and Thriller?",index:movies/0/0609154fb951fbaddf224856,0
What genres are listed for Now and Then (1995)?,index:movies/0/02e74f10b5ea6a91d8f85d68,2
What genres are listed for Now and Then (1995)?,index:movies/0/565e8a41a62c2be62a9880df,0
What genres are listed for Now and Then (1995)?,index:movies/0/dba132f69bd944e7dda5d07c,0
What genres are listed for Now and Then (1995)?,index:movies/0/2f3bbb972e561f1a48d0c8e8,0
Which three genres are attributed to the film Twelve Monkeys?,index:movies/0/d6356382747af94b2aa30b02,0
Which three genres are attributed to the film Twelve Monkeys?,index:movies/0/6364d3f0043dbd5364b0f4e3,2
Which three genres are attributed to the film Twelve Monkeys?,index:movies/0/b827397a55fdae637acee894,0
Which three genres are attributed to the film Twelve Monkeys?,index:movies/0/856b503ed335a5d6c7ace1ad,0
Can you share basic information about Now and Then from 1995?,index:movies/0/02e74f10b5ea6a91d8f85d68,2
Can you share basic information about Now and Then from 1995?,index:movies/0/565e8a41a62c2be62a9880df,0
Can you share basic information about Now and Then from 1995?,index:movies/0/5e4450dcefdb51b5eff54457,0
Can you share basic information about Now and Then from 1995?,index:movies/0/2f3bbb972e561f1a48d0c8e8,0
Is Now and Then considered a children's film?,index:movies/0/02e74f10b5ea6a91d8f85d68,2
Is Now and Then considered a children's film?,index:movies/0/73a2a6e3110ca3bb80043834,0
Is Now and Then considered a children's film?,index:movies/0/565e8a41a62c2be62a9880df,0
Is Now and Then considered a children's film?,index:movies/0/2f3bbb972e561f1a48d0c8e8,0
Which movie released in 1995 has the title Now and Then?,index:movies/0/02e74f10b5ea6a91d8f85d68,2
Which movie released in 1995 has the title Now and Then?,index:movies/0/2050e03c5e53678238ee2fc2,0
Which movie released in 1995 has the title Now and Then?,index:movies/0/26657d5f48d317aa2c416e1e,0
Which movie released in 1995 has the title Now and Then?,index:movies/0/f4f6dce2a8c52546af8edb6d,0
How would you describe the genre mix of Now and Then (1995)?,index:movies/0/02e74f10b5ea6a91d8f85d68,2
What is the title of the 1995 film that falls under the genres Children and Drama?,index:movies/0/02b94e5ce5ee1ca3807446ab,0
How would you describe the genre mix of Now and Then (1995)?,index:movies/0/74b83a50551703168111c32f,0
What is the title of the 1995 film that falls under the genres Children and Drama?,index:movies/0/e894d787a5dd99436bbf9d0d,0
How would you describe the genre mix of Now and Then (1995)?,index:movies/0/318c3fdb24c1f9bb28dbe863,0
What is the title of the 1995 film that falls under the genres Children and Drama?,index:movies/0/eb9fc3496a7ac0e736ba7f40,0
How would you describe the genre mix of Now and Then (1995)?,index:movies/0/565e8a41a62c2be62a9880df,0
What is the title of the 1995 film that falls under the genres Children and Drama?,index:movies/0/fb69e08f6baa777e854e1894,2
In what year was Shanghai Triad released?,index:movies/0/34173cb32c22bc05cc46df2c,2
In what year was Shanghai Triad released?,index:movies/0/b534ba68c41871efb6705454,0
In what year was Shanghai Triad released?,index:movies/0/98c00612e32e521b837d0f5e,0
In what year was Shanghai Triad released?,index:movies/0/de8d4f2b191df6b6cc036439,0
What is the parenthetical subtitle listed with Shanghai Triad?,index:movies/0/34173cb32c22bc05cc46df2c,2
What is the parenthetical subtitle listed with Shanghai Triad?,index:movies/0/885ee3c6853e6f70b8497640,0
What is the parenthetical subtitle listed with Shanghai Triad?,index:movies/0/f01640155c80390d903a4129,0
What is the parenthetical subtitle listed with Shanghai Triad?,index:movies/0/bf8dd8c69aaf4378b9caff4a,0
What genres are listed for Shanghai Triad?,index:movies/0/34173cb32c22bc05cc46df2c,2
What genres are listed for Shanghai Triad?,index:movies/0/dba132f69bd944e7dda5d07c,0
What genres are listed for Shanghai Triad?,index:movies/0/657521cfde364d27e20f0b68,0
What genres are listed for Shanghai Triad?,index:movies/0/8ed36a84d7cd07d06914a3ad,0
What is the document ID for the Shanghai Triad entry?,index:movies/0/0c12b9dd3d2243956c0ed7b1,0
What is the document ID for the Shanghai Triad entry?,index:movies/0/e3ed3dc91f3a547ac6686261,0
What is the document ID for the Shanghai Triad entry?,index:movies/0/f01640155c80390d903a4129,0
What is the document ID for the Shanghai Triad entry?,index:movies/0/f35fd5676ebe38878ee6c44c,0
Does the document show a non-English title for Shanghai Triad?,index:movies/0/34173cb32c22bc05cc46df2c,2
Does the document show a non-English title for Shanghai Triad?,index:movies/0/ec72acbbd1264683a2085926,0
Does the document show a non-English title for Shanghai Triad?,index:movies/0/71a5c051ae2ffe4da3b73795,0
Does the document show a non-English title for Shanghai Triad?,index:movies/0/0e095e0516ba21543dc002a5,0
Is Shanghai Triad categorized as a crime drama?,index:movies/0/34173cb32c22bc05cc46df2c,2
Is Shanghai Triad categorized as a crime drama?,index:movies/0/8ed36a84d7cd07d06914a3ad,0
Is Shanghai Triad categorized as a crime drama?,index:movies/0/5588902a6b7cfa14cf89ac92,0
Is Shanghai Triad categorized as a crime drama?,index:movies/0/efdf562c803c161562a4f21d,0
"What is the full title of the film as listed, including the year and alternate title?",index:movies/0/318c3fdb24c1f9bb28dbe863,2
"What is the full title of the film as listed, including the year and alternate title?",index:movies/0/0c12b9dd3d2243956c0ed7b1,2
"What is the full title of the film as listed, including the year and alternate title?",index:movies/0/47d01fad19c17950fce795a7,2
"What is the full title of the film as listed, including the year and alternate title?",index:movies/0/bb3194daba880a0fafdc2de5,2
Which year is associated with the film Dangerous Minds in this document?,index:movies/0/ef8446f32588f0cc73dc8cd9,0
Which year is associated with the film Dangerous Minds in this document?,index:movies/0/f38fef4c8c345012d6d97840,0
Which year is associated with the film Dangerous Minds in this document?,index:movies/0/61995373eae2fcf0e5864be3,0
Which year is associated with the film Dangerous Minds in this document?,index:movies/0/6271faad27d7fded94bb51bc,0
What is the document ID for the movie Dangerous Minds (1995)?,index:movies/0/c16a5320c0454b43e068ed8f,2
What is the document ID for the movie Dangerous Minds (1995)?,index:movies/0/0c12b9dd3d2243956c0ed7b1,0
What is the document ID for the movie Dangerous Minds (1995)?,index:movies/0/cbaa0ac8ebb6ca5852998bac,0
Which film is identified as a crime drama in the document?,index:movies/0/61995373eae2fcf0e5864be3,2
What is the document ID for the movie Dangerous Minds (1995)?,index:movies/0/26407acdeaa3121917d79a85,0
Which film is identified as a crime drama in the document?,index:movies/0/5588902a6b7cfa14cf89ac92,2
Which film is identified as a crime drama in the document?,index:movies/0/99e20654face693bc44f0833,0
Which film is identified as a crime drama in the document?,index:movies/0/81b3833e2c8392082862034b,2
What is the exact title of the 1995 drama film listed in this record?,index:movies/0/ef8446f32588f0cc73dc8cd9,0
What is the genre of Dangerous Minds (1995)?,index:movies/0/c16a5320c0454b43e068ed8f,2
What is the exact title of the 1995 drama film listed in this record?,index:movies/0/e894d787a5dd99436bbf9d0d,0
What is the genre of Dangerous Minds (1995)?,index:movies/0/07dbd9a1e537ed7a0f700a72,0
What is the exact title of the 1995 drama film listed in this record?,index:movies/0/03e7d2eb9e610ceb78197f7d,0
What is the genre of Dangerous Minds (1995)?,index:movies/0/e5da5ec33b95b856e686bbe8,0
What is the genre of Dangerous Minds (1995)?,index:movies/0/885ee3c6853e6f70b8497640,0
What is the exact title of the 1995 drama film listed in this record?,index:movies/0/5ef0b4eba051193611a8b484,0
Which film in the dataset is categorized as Drama and has the title Dangerous Minds (1995)?,index:movies/0/f3a3a63a24927b1201b6cac4,0
Which film in the dataset is categorized as Drama and has the title Dangerous Minds (1995)?,index:movies/0/c16a5320c0454b43e068ed8f,2
Which film in the dataset is categorized as Drama and has the title Dangerous Minds (1995)?,index:movies/0/7a98af17a90f5942201da8bc,0
Which film in the dataset is categorized as Drama and has the title Dangerous Minds (1995)?,index:movies/0/26657d5f48d317aa2c416e1e,0
Could you provide the title and genre for the record with ID id:movies:movie::31?,index:movies/0/0c12b9dd3d2243956c0ed7b1,0
Could you provide the title and genre for the record with ID id:movies:movie::31?,index:movies/0/7cda6d95c05a49fc9d10f29e,0
Could you provide the title and genre for the record with ID id:movies:movie::31?,index:movies/0/7a98af17a90f5942201da8bc,0
Could you provide the title and genre for the record with ID id:movies:movie::31?,index:movies/0/02b94e5ce5ee1ca3807446ab,0
In what year was Money Train released?,index:movies/0/98f13708f0ba74eae50bf5d8,2
In what year was Money Train released?,index:movies/0/b534ba68c41871efb6705454,0
In what year was Money Train released?,index:movies/0/98c00612e32e521b837d0f5e,0
In what year was Money Train released?,index:movies/0/de8d4f2b191df6b6cc036439,0
Is Dangerous Minds from 1995 classified as a drama?,index:movies/0/c16a5320c0454b43e068ed8f,2
Is Dangerous Minds from 1995 classified as a drama?,index:movies/0/f3bed4dcb1ed474a10509b2c,0
Is Dangerous Minds from 1995 classified as a drama?,index:movies/0/7acba0105c05fac1bd2a7248,0
Is Dangerous Minds from 1995 classified as a drama?,index:movies/0/35f6e0372c0c7ccf8fcc4dd3,0
What genres are listed for Money Train (1995)?,index:movies/0/98f13708f0ba74eae50bf5d8,2
What genres are listed for Money Train (1995)?,index:movies/0/dba132f69bd944e7dda5d07c,0
What genres are listed for Money Train (1995)?,index:movies/0/49ae49a2d5d3825fc0140398,0
What genres are listed for Money Train (1995)?,index:movies/0/39a252fefdba3527e745f3a7,0
"Which film has the title Money Train and includes Action, Comedy, Crime, Drama, and Thriller?",index:movies/0/98f13708f0ba74eae50bf5d8,2
"Which film has the title Money Train and includes Action, Comedy, Crime, Drama, and Thriller?",index:movies/0/ad7d16b504e79fbc7350ba71,0
"Which film has the title Money Train and includes Action, Comedy, Crime, Drama, and Thriller?",index:movies/0/99e20654face693bc44f0833,0
"Which film has the title Money Train and includes Action, Comedy, Crime, Drama, and Thriller?",index:movies/0/56b65de4a66c2b1fad1553a1,0
Is the 1995 movie Now and Then also categorized as a drama?,index:movies/0/02e74f10b5ea6a91d8f85d68,1
Is the 1995 movie Now and Then also categorized as a drama?,index:movies/0/9c200f8890fe5b169a527a14,0
Is the 1995 movie Now and Then also categorized as a drama?,index:movies/0/427850d45f827efa7a0a8acc,0
Is the 1995 movie Now and Then also categorized as a drama?,index:movies/0/fb2e20324afd0a47272b0b92,0
Does Money Train blend both drama and thriller elements?,index:movies/0/98f13708f0ba74eae50bf5d8,2
Does Money Train blend both drama and thriller elements?,index:movies/0/06ad8d9dda66029f2e5b7223,0
Does Money Train blend both drama and thriller elements?,index:movies/0/643de7cf857f43428ed5c3f6,0
Does Money Train blend both drama and thriller elements?,index:movies/0/56b65de4a66c2b1fad1553a1,0
What details are given about the film with ID id:movies:movie::31 in this document?,index:movies/0/ef8446f32588f0cc73dc8cd9,0
What details are given about the film with ID id:movies:movie::31 in this document?,index:movies/0/f38fef4c8c345012d6d97840,0
What details are given about the film with ID id:movies:movie::31 in this document?,index:movies/0/61995373eae2fcf0e5864be3,0
What details are given about the film with ID id:movies:movie::31 in this document?,index:movies/0/de8d4f2b191df6b6cc036439,0
What is the full genre listing for the movie Money Train (1995)?,index:movies/0/e42525981e955b33ad4be5af,0
What is the full genre listing for the movie Money Train (1995)?,index:movies/0/98f13708f0ba74eae50bf5d8,2
What is the full genre listing for the movie Money Train (1995)?,index:movies/0/3c20c2d5ba2e3404e5248f8c,0
What is the full genre listing for the movie Money Train (1995)?,index:movies/0/26407acdeaa3121917d79a85,0
How would you categorize Money Train in terms of genre?,index:movies/0/d77f007624b1e89d5852a1cc,0
How would you categorize Money Train in terms of genre?,index:movies/0/98f13708f0ba74eae50bf5d8,2
How would you categorize Money Train in terms of genre?,index:movies/0/a4380923c07dd2eded2d3b9f,0
How would you categorize Money Train in terms of genre?,index:movies/0/5efd7ba1359334701590e141,0
What genres is Leaving Las Vegas (1995) categorized under?,index:movies/0/8e296a064b61900610614a41,2
What genres is Leaving Las Vegas (1995) categorized under?,index:movies/0/951514039f9eaa141f72b0cd,0
What genres is Leaving Las Vegas (1995) categorized under?,index:movies/0/98c00612e32e521b837d0f5e,0
What genres is Leaving Las Vegas (1995) categorized under?,index:movies/0/885ee3c6853e6f70b8497640,0
What year is shown in the title Leaving Las Vegas (1995)?,index:movies/0/8e296a064b61900610614a41,2
What year is shown in the title Leaving Las Vegas (1995)?,index:movies/0/98c00612e32e521b837d0f5e,0
What year is shown in the title Leaving Las Vegas (1995)?,index:movies/0/de8d4f2b191df6b6cc036439,0
What year is shown in the title Leaving Las Vegas (1995)?,index:movies/0/951514039f9eaa141f72b0cd,0
What is the internal document ID for Leaving Las Vegas (1995)?,index:movies/0/8e296a064b61900610614a41,2
Which 1995 film has both Drama and Romance genres and is titled Leaving Las Vegas?,index:movies/0/8e296a064b61900610614a41,2
What is the internal document ID for Leaving Las Vegas (1995)?,index:movies/0/951514039f9eaa141f72b0cd,0
Which 1995 film has both Drama and Romance genres and is titled Leaving Las Vegas?,index:movies/0/163e6dcbbaca761b2b0fcfb1,0
What is the internal document ID for Leaving Las Vegas (1995)?,index:movies/0/885ee3c6853e6f70b8497640,0
Which 1995 film has both Drama and Romance genres and is titled Leaving Las Vegas?,index:movies/0/169582a779f130f2e7ef3813,0
What is the internal document ID for Leaving Las Vegas (1995)?,index:movies/0/98c00612e32e521b837d0f5e,0
Which 1995 film has both Drama and Romance genres and is titled Leaving Las Vegas?,index:movies/0/565e8a41a62c2be62a9880df,0
Is Leaving Las Vegas a drama film or a romance film?,index:movies/0/61995373eae2fcf0e5864be3,0
Is Leaving Las Vegas a drama film or a romance film?,index:movies/0/8e296a064b61900610614a41,2
Is Leaving Las Vegas a drama film or a romance film?,index:movies/0/ccc0aa1b345397e0f35afcab,0
Is Leaving Las Vegas a drama film or a romance film?,index:movies/0/c913303fe4005275d5fde6dc,0
"If I’m looking for a movie that mixes Action and Comedy, would Money Train be a match?",index:movies/0/19391c4950ae4f3d7d065c81,2
"If I’m looking for a movie that mixes Action and Comedy, would Money Train be a match?",index:movies/0/98f13708f0ba74eae50bf5d8,1
"If I’m looking for a movie that mixes Action and Comedy, would Money Train be a match?",index:movies/0/f05f78cb7237578ddfdf103f,0
"If I’m looking for a movie that mixes Action and Comedy, would Money Train be a match?",index:movies/0/d490d7b4c736375f6cf9d2bb,1
What is the title of the drama romance movie listed in this document?,index:movies/0/f3a3a63a24927b1201b6cac4,2
"What is the official title of the movie described as having Action, Comedy, Crime, Drama, and Thriller?",index:movies/0/e77534f0090a58de9a6f9609,1
What is the title of the drama romance movie listed in this document?,index:movies/0/7d3b7621c87f8bc26820c1bc,2
"What is the official title of the movie described as having Action, Comedy, Crime, Drama, and Thriller?",index:movies/0/d7f426cccc18b61f1677b8b6,1
What is the title of the drama romance movie listed in this document?,index:movies/0/42a99838ab5b8418563cdf6d,2
"What is the official title of the movie described as having Action, Comedy, Crime, Drama, and Thriller?",index:movies/0/cf2ee7de8886d0334a013c3a,1
What is the title of the drama romance movie listed in this document?,index:movies/0/4531af2aece2d8713b506185,2
"What is the official title of the movie described as having Action, Comedy, Crime, Drama, and Thriller?",index:movies/0/78efce202abb93d748c09021,1
What is the unique identifier id for the movie Leaving Las Vegas (1995) in this dataset?,index:movies/0/8e296a064b61900610614a41,2
What is the unique identifier id for the movie Leaving Las Vegas (1995) in this dataset?,index:movies/0/6269cd73f28dd29cb2c0c79b,0
What is the unique identifier id for the movie Leaving Las Vegas (1995) in this dataset?,index:movies/0/de8d4f2b191df6b6cc036439,0
What is the unique identifier id for the movie Leaving Las Vegas (1995) in this dataset?,index:movies/0/3c20c2d5ba2e3404e5248f8c,0
What are the genres of the movie Leaving Las Vegas listed in the document?,index:movies/0/f3a3a63a24927b1201b6cac4,0
What are the genres of the movie Leaving Las Vegas listed in the document?,index:movies/0/597c7b40b7e4d46b29fcc5c9,0
What are the genres of the movie Leaving Las Vegas listed in the document?,index:movies/0/3c20c2d5ba2e3404e5248f8c,0
What are the genres of the movie Leaving Las Vegas listed in the document?,index:movies/0/26407acdeaa3121917d79a85,0
In what year was Assassins released?,index:movies/0/b534ba68c41871efb6705454,0
In what year was Assassins released?,index:movies/0/98c00612e32e521b837d0f5e,0
In what year was Assassins released?,index:movies/0/de8d4f2b191df6b6cc036439,0
In what year was Assassins released?,index:movies/0/37693cfc4c9f1ea5a8aabc67,2
What are the genres of the 1995 film Assassins?,index:movies/0/e5da5ec33b95b856e686bbe8,0
What are the genres of the 1995 film Assassins?,index:movies/0/a4e9b8d81ca70d49414727ee,0
What are the genres of the 1995 film Assassins?,index:movies/0/e894d787a5dd99436bbf9d0d,0
What are the genres of the 1995 film Assassins?,index:movies/0/597c7b40b7e4d46b29fcc5c9,0
What is the document ID for the movie Assassins (1995)?,index:movies/0/0c12b9dd3d2243956c0ed7b1,0
What is the document ID for the movie Assassins (1995)?,index:movies/0/3c20c2d5ba2e3404e5248f8c,0
What is the document ID for the movie Assassins (1995)?,index:movies/0/26407acdeaa3121917d79a85,0
What is the document ID for the movie Assassins (1995)?,index:movies/0/f047142599b12e6a8395003e,0
What is the title of the movie with document ID id:movies:movie::23?,index:movies/0/597c7b40b7e4d46b29fcc5c9,0
What is the title of the movie with document ID id:movies:movie::23?,index:movies/0/e1b959b219ff3adbe65fb86a,0
What is the title of the movie with document ID id:movies:movie::23?,index:movies/0/3c20c2d5ba2e3404e5248f8c,0
What is the title of the movie with document ID id:movies:movie::23?,index:movies/0/26407acdeaa3121917d79a85,0
"Is Assassins (1995) categorized as Action, Crime, and Thriller?",index:movies/0/37693cfc4c9f1ea5a8aabc67,2
"Is Assassins (1995) categorized as Action, Crime, and Thriller?",index:movies/0/550571220fb41cd0cc33ef95,0
"Is Assassins (1995) categorized as Action, Crime, and Thriller?",index:movies/0/56b65de4a66c2b1fad1553a1,0
"Is Assassins (1995) categorized as Action, Crime, and Thriller?",index:movies/0/a56fd7bf5e8caf215c961c0a,0
Which film released in 1995 is titled Assassins?,index:movies/0/61995373eae2fcf0e5864be3,0
Which film released in 1995 is titled Assassins?,index:movies/0/fa7cdfad136fd2d592f92635,0
Which film released in 1995 is titled Assassins?,index:movies/0/37693cfc4c9f1ea5a8aabc67,2
Which film released in 1995 is titled Assassins?,index:movies/0/b706835d39ffda981fcffc01,0
What genre categories does the movie Assassins belong to according to the record?,index:movies/0/3c03048fde6cb79f56778bf3,0
What genre categories does the movie Assassins belong to according to the record?,index:movies/0/f01640155c80390d903a4129,0
What genre categories does the movie Assassins belong to according to the record?,index:movies/0/55603a5ff7718be7e234eeed,0
What genre categories does the movie Assassins belong to according to the record?,index:movies/0/de8d4f2b191df6b6cc036439,0
In what year was Powder released?,index:movies/0/b534ba68c41871efb6705454,0
In what year was Powder released?,index:movies/0/98c00612e32e521b837d0f5e,0
In what year was Powder released?,index:movies/0/de8d4f2b191df6b6cc036439,0
In what year was Powder released?,index:movies/0/1ff1de77219f7cd9667e6f93,2
"Would Powder be considered a drama, a science-fiction film, or both?",index:movies/0/b98596cd15d93ff2fc1a261a,0
"Would Powder be considered a drama, a science-fiction film, or both?",index:movies/0/5588902a6b7cfa14cf89ac92,0
"Would Powder be considered a drama, a science-fiction film, or both?",index:movies/0/3fa9c0d96d847acb3597a5f5,0
"Would Powder be considered a drama, a science-fiction film, or both?",index:movies/0/fbb4d194e4eb23efe0ee0253,0
What genres describe Powder (1995)?,index:movies/0/1ff1de77219f7cd9667e6f93,2
What genres describe Powder (1995)?,index:movies/0/c5ee15928e275e139a91bfc9,0
What genres describe Powder (1995)?,index:movies/0/05b4defdd57108fcfcbf625a,0
What genres describe Powder (1995)?,index:movies/0/b534ba68c41871efb6705454,0
What is the full title and release year of the film Powder?,index:movies/0/318c3fdb24c1f9bb28dbe863,0
What is the full title and release year of the film Powder?,index:movies/0/47d01fad19c17950fce795a7,0
What is the full title and release year of the film Powder?,index:movies/0/0c12b9dd3d2243956c0ed7b1,0
What is the full title and release year of the film Powder?,index:movies/0/bb3194daba880a0fafdc2de5,0
What are the genres linked to the movie titled Assassins from 1995 in this document?,index:movies/0/7580584da99c5cdc6499ae53,0
What are the genres linked to the movie titled Assassins from 1995 in this document?,index:movies/0/de8d4f2b191df6b6cc036439,0
What are the genres linked to the movie titled Assassins from 1995 in this document?,index:movies/0/26407acdeaa3121917d79a85,0
What are the genres linked to the movie titled Assassins from 1995 in this document?,index:movies/0/3c20c2d5ba2e3404e5248f8c,0
"If I search by Powder's title, which genres should I expect to see?",index:movies/0/543bec10fbe4b686abd4ac62,0
"If I search by Powder's title, which genres should I expect to see?",index:movies/0/25caef3ad11e9aa940ca1511,0
"If I search by Powder's title, which genres should I expect to see?",index:movies/0/958ad0d072f4203b33c3de61,0
"If I search by Powder's title, which genres should I expect to see?",index:movies/0/38a4a43fbe53363480de933b,0
"Is Powder listed as Drama, Sci-Fi, or both in its genre tags?",index:movies/0/1ff1de77219f7cd9667e6f93,2
"Is Powder listed as Drama, Sci-Fi, or both in its genre tags?",index:movies/0/8d5ef74b01415e73bf1a6289,0
"Is Powder listed as Drama, Sci-Fi, or both in its genre tags?",index:movies/0/ac82475cbb7ede8a6f7b3991,0
"Is Powder listed as Drama, Sci-Fi, or both in its genre tags?",index:movies/0/e2c0422560b523549c8f144b,0
Which film from 1995 carries the title Powder and what genres does it belong to?,index:movies/0/f01640155c80390d903a4129,0
Which film from 1995 carries the title Powder and what genres does it belong to?,index:movies/0/de8d4f2b191df6b6cc036439,0
Which film from 1995 carries the title Powder and what genres does it belong to?,index:movies/0/7580584da99c5cdc6499ae53,0
Which film from 1995 carries the title Powder and what genres does it belong to?,index:movies/0/170d889bbbb87c7f2d5239f1,0
"What is Cry, the Beloved Country (1995) and which genre does it belong to?",index:movies/0/d645920e9b28aba994ec7946,2
"What is Cry, the Beloved Country (1995) and which genre does it belong to?",index:movies/0/f01640155c80390d903a4129,0
"What is Cry, the Beloved Country (1995) and which genre does it belong to?",index:movies/0/bf8dd8c69aaf4378b9caff4a,0
"What is Cry, the Beloved Country (1995) and which genre does it belong to?",index:movies/0/de8d4f2b191df6b6cc036439,0
"Find the 1995 drama movie titled Cry, the Beloved Country.",index:movies/0/d645920e9b28aba994ec7946,2
"Find the 1995 drama movie titled Cry, the Beloved Country.",index:movies/0/6b620aede481a980284dda49,0
"Find the 1995 drama movie titled Cry, the Beloved Country.",index:movies/0/3200dca9be9c6d0d8968c56d,0
"Find the 1995 drama movie titled Cry, the Beloved Country.",index:movies/0/ca9c267d03226a8730494094,0
"In what year was Cry, the Beloved Country released as a drama film?",index:movies/0/d645920e9b28aba994ec7946,2
"In what year was Cry, the Beloved Country released as a drama film?",index:movies/0/6b620aede481a980284dda49,0
"In what year was Cry, the Beloved Country released as a drama film?",index:movies/0/61995373eae2fcf0e5864be3,0
"In what year was Cry, the Beloved Country released as a drama film?",index:movies/0/de6b99d6fa832028db29ecbe,0
"What is the genre of Cry, the Beloved Country (1995)?",index:movies/0/d645920e9b28aba994ec7946,2
"What is the genre of Cry, the Beloved Country (1995)?",index:movies/0/e5da5ec33b95b856e686bbe8,0
"What is the genre of Cry, the Beloved Country (1995)?",index:movies/0/ca9c267d03226a8730494094,0
"What is the genre of Cry, the Beloved Country (1995)?",index:movies/0/e3ed3dc91f3a547ac6686261,0
"Provide details for the Cry, the Beloved Country (1995) film in the drama category.",index:movies/0/d645920e9b28aba994ec7946,2
"Provide details for the Cry, the Beloved Country (1995) film in the drama category.",index:movies/0/f3a3a63a24927b1201b6cac4,0
"Provide details for the Cry, the Beloved Country (1995) film in the drama category.",index:movies/0/6b620aede481a980284dda49,0
"Provide details for the Cry, the Beloved Country (1995) film in the drama category.",index:movies/0/605ac7e449b25a93bbc9fb00,0
"Give me information on Cry, the Beloved Country, the drama movie released in 1995.",index:movies/0/d645920e9b28aba994ec7946,2
"Give me information on Cry, the Beloved Country, the drama movie released in 1995.",index:movies/0/6b620aede481a980284dda49,0
"Give me information on Cry, the Beloved Country, the drama movie released in 1995.",index:movies/0/f3a3a63a24927b1201b6cac4,0
"Give me information on Cry, the Beloved Country, the drama movie released in 1995.",index:movies/0/26657d5f48d317aa2c416e1e,0
In what year was Dead Presidents released?,index:movies/0/a1d0c6e8a93a4e6502889ab1,2
In what year was Dead Presidents released?,index:movies/0/b534ba68c41871efb6705454,0
In what year was Dead Presidents released?,index:movies/0/98c00612e32e521b837d0f5e,0
In what year was Dead Presidents released?,index:movies/0/de8d4f2b191df6b6cc036439,0
What genres are associated with Powder (1995) in its metadata?,index:movies/0/1ff1de77219f7cd9667e6f93,2
What genres are associated with Powder (1995) in its metadata?,index:movies/0/dba132f69bd944e7dda5d07c,0
What genres are associated with Powder (1995) in its metadata?,index:movies/0/98c00612e32e521b837d0f5e,0
What genres are associated with Powder (1995) in its metadata?,index:movies/0/de8d4f2b191df6b6cc036439,0
"Is Cry, the Beloved Country a drama film from 1995?",index:movies/0/d645920e9b28aba994ec7946,2
"Is Cry, the Beloved Country a drama film from 1995?",index:movies/0/6b620aede481a980284dda49,0
"Is Cry, the Beloved Country a drama film from 1995?",index:movies/0/5588902a6b7cfa14cf89ac92,0
"Is Cry, the Beloved Country a drama film from 1995?",index:movies/0/170d889bbbb87c7f2d5239f1,0
What genres does Dead Presidents (1995) belong to?,index:movies/0/a1d0c6e8a93a4e6502889ab1,2
What genres does Dead Presidents (1995) belong to?,index:movies/0/43ec517d75da21b3b78b2f76,0
What genres does Dead Presidents (1995) belong to?,index:movies/0/f01640155c80390d903a4129,0
What genres does Dead Presidents (1995) belong to?,index:movies/0/de8d4f2b191df6b6cc036439,0
What is the internal ID of the Dead Presidents movie in the dataset?,index:movies/0/f3a3a63a24927b1201b6cac4,0
What is the internal ID of the Dead Presidents movie in the dataset?,index:movies/0/597c7b40b7e4d46b29fcc5c9,0
What is the internal ID of the Dead Presidents movie in the dataset?,index:movies/0/3c20c2d5ba2e3404e5248f8c,0
What is the internal ID of the Dead Presidents movie in the dataset?,index:movies/0/26407acdeaa3121917d79a85,0
What are the three genres associated with Dead Presidents (1995)?,index:movies/0/a1d0c6e8a93a4e6502889ab1,2
What are the three genres associated with Dead Presidents (1995)?,index:movies/0/dba132f69bd944e7dda5d07c,0
What are the three genres associated with Dead Presidents (1995)?,index:movies/0/f01640155c80390d903a4129,0
What are the three genres associated with Dead Presidents (1995)?,index:movies/0/d14220ee6105cdfeb2484aa9,0
"Is Dead Presidents categorized as an action, crime, and drama film?",index:movies/0/a1d0c6e8a93a4e6502889ab1,1
"Is Dead Presidents categorized as an action, crime, and drama film?",index:movies/0/5bca85661b69104d5612cc6c,0
"Is Dead Presidents categorized as an action, crime, and drama film?",index:movies/0/ad7d16b504e79fbc7350ba71,0
"Is Dead Presidents categorized as an action, crime, and drama film?",index:movies/0/99e20654face693bc44f0833,0
What is the exact title of the film listed with the ID id:movies:movie::42?,index:movies/0/71daadbb2e913a4d0a220384,0
What is the exact title of the film listed with the ID id:movies:movie::42?,index:movies/0/3dde11a79f534d92a9cc052b,0
What is the exact title of the film listed with the ID id:movies:movie::42?,index:movies/0/e77534f0090a58de9a6f9609,0
What is the exact title of the film listed with the ID id:movies:movie::42?,index:movies/0/401e4fb32d3393ebf3fbfd34,0
"Which film released in 1995 is called Cry, the Beloved Country and categorized as drama?",index:movies/0/d645920e9b28aba994ec7946,2
"Which film released in 1995 is called Cry, the Beloved Country and categorized as drama?",index:movies/0/4a5f2f97422861c7d7c818dd,0
"Which film released in 1995 is called Cry, the Beloved Country and categorized as drama?",index:movies/0/6b620aede481a980284dda49,0
"Which film released in 1995 is called Cry, the Beloved Country and categorized as drama?",index:movies/0/61995373eae2fcf0e5864be3,0
What is the title and year of the movie described by the document?,index:movies/0/318c3fdb24c1f9bb28dbe863,2
What is the title and year of the movie described by the document?,index:movies/0/0c12b9dd3d2243956c0ed7b1,2
What is the title and year of the movie described by the document?,index:movies/0/47d01fad19c17950fce795a7,2
What is the title and year of the movie described by the document?,index:movies/0/bb3194daba880a0fafdc2de5,2
When was It Takes Two released?,index:movies/0/a5771bce2c1ccef13f3c96f7,2
When was It Takes Two released?,index:movies/0/472217689c4a133dfaffcadd,0
When was It Takes Two released?,index:movies/0/4c5e8027de15d95a545b3d66,0
When was It Takes Two released?,index:movies/0/c215b446e72d1c46750a9c83,0
What is the title of the 1995 film in the document?,index:movies/0/e5da5ec33b95b856e686bbe8,2
What is the title of the 1995 film in the document?,index:movies/0/f3a3a63a24927b1201b6cac4,0
What is the title of the 1995 film in the document?,index:movies/0/f4f6dce2a8c52546af8edb6d,2
What is the title of the 1995 film in the document?,index:movies/0/e3ed3dc91f3a547ac6686261,0
Does the document classify It Takes Two as a children's film?,index:movies/0/a5771bce2c1ccef13f3c96f7,2
Does the document classify It Takes Two as a children's film?,index:movies/0/365d17774e079a1cd9df434d,0
Does the document classify It Takes Two as a children's film?,index:movies/0/680390c5ea8d1b762bbe02d7,0
Does the document classify It Takes Two as a children's film?,index:movies/0/df515135a18fd9bf28bbafac,0
Which genres are assigned to It Takes Two in the record?,index:movies/0/a5771bce2c1ccef13f3c96f7,1
"If I want an action crime drama from this document, which title should I pick?",index:movies/0/17867cf03e0693a598a0e12f,2
Which genres are assigned to It Takes Two in the record?,index:movies/0/5e15fb5951530d3b11dfbf2b,0
"If I want an action crime drama from this document, which title should I pick?",index:movies/0/543bec10fbe4b686abd4ac62,1
Which genres are assigned to It Takes Two in the record?,index:movies/0/472217689c4a133dfaffcadd,0
"If I want an action crime drama from this document, which title should I pick?",index:movies/0/5588902a6b7cfa14cf89ac92,1
Which genres are assigned to It Takes Two in the record?,index:movies/0/ddfd4258b6c9ee629df33249,0
"If I want an action crime drama from this document, which title should I pick?",index:movies/0/5bca85661b69104d5612cc6c,2
What two genres are listed for It Takes Two?,index:movies/0/a5771bce2c1ccef13f3c96f7,1
What two genres are listed for It Takes Two?,index:movies/0/383d90be8b821021636e2b85,0
What two genres are listed for It Takes Two?,index:movies/0/9fb4651c6d2f7bda45bd04ea,0
What two genres are listed for It Takes Two?,index:movies/0/eb6fdc3693a13c6a7e97f68c,0
Does the document classify It Takes Two as a comedy?,index:movies/0/a5771bce2c1ccef13f3c96f7,0
Does the document classify It Takes Two as a comedy?,index:movies/0/365d17774e079a1cd9df434d,0
Does the document classify It Takes Two as a comedy?,index:movies/0/df515135a18fd9bf28bbafac,0
Does the document classify It Takes Two as a comedy?,index:movies/0/472217689c4a133dfaffcadd,0
What are It Takes Two's release year and genres as recorded in the document?,index:movies/0/472217689c4a133dfaffcadd,0
What are It Takes Two's release year and genres as recorded in the document?,index:movies/0/de8d4f2b191df6b6cc036439,0
What are It Takes Two's release year and genres as recorded in the document?,index:movies/0/5e15fb5951530d3b11dfbf2b,0
What are It Takes Two's release year and genres as recorded in the document?,index:movies/0/c215b446e72d1c46750a9c83,0
What genres is Pocahontas (1995) classified under?,index:movies/0/642e92ef062742ba0c9d8b55,2
What genres is Pocahontas (1995) classified under?,index:movies/0/885ee3c6853e6f70b8497640,0
What genres is Pocahontas (1995) classified under?,index:movies/0/274ad47819cbc826155b7c73,0
What genres is Pocahontas (1995) classified under?,index:movies/0/bf8dd8c69aaf4378b9caff4a,0
Is It Takes Two categorized under both Children and Comedy?,index:movies/0/a5771bce2c1ccef13f3c96f7,2
Is It Takes Two categorized under both Children and Comedy?,index:movies/0/472217689c4a133dfaffcadd,0
Is It Takes Two categorized under both Children and Comedy?,index:movies/0/c215b446e72d1c46750a9c83,0
Is It Takes Two categorized under both Children and Comedy?,index:movies/0/faacbcd58eba31709a989c97,0
What year was Pocahontas released?,index:movies/0/b534ba68c41871efb6705454,0
What year was Pocahontas released?,index:movies/0/642e92ef062742ba0c9d8b55,2
What year was Pocahontas released?,index:movies/0/db9fb17d9f2a82f018c6ef60,1
What year was Pocahontas released?,index:movies/0/207f880199981ab2a1e6571d,0
Is Pocahontas a musical?,index:movies/0/642e92ef062742ba0c9d8b55,2
Is Pocahontas a musical?,index:movies/0/3c51419c6654c7b62a73209f,0
Is Pocahontas a musical?,index:movies/0/f05f78cb7237578ddfdf103f,0
Is Pocahontas a musical?,index:movies/0/532489d05bda20f5dfd68fca,0
Do drama and romance appear among Pocahontas's genres?,index:movies/0/10112bdecc2411219b754790,0
Do drama and romance appear among Pocahontas's genres?,index:movies/0/163e6dcbbaca761b2b0fcfb1,0
Do drama and romance appear among Pocahontas's genres?,index:movies/0/169582a779f130f2e7ef3813,0
Do drama and romance appear among Pocahontas's genres?,index:movies/0/5b4130c9f1e601019ca33f7b,0
Is Pocahontas (1995) an animated film?,index:movies/0/642e92ef062742ba0c9d8b55,2
Is Pocahontas (1995) an animated film?,index:movies/0/fa7cdfad136fd2d592f92635,0
Is Pocahontas (1995) an animated film?,index:movies/0/db9fb17d9f2a82f018c6ef60,1
Is Pocahontas (1995) an animated film?,index:movies/0/cc8ba14159c986ff91fd19c2,0
What genres are listed for the 1995 film To Die For?,index:movies/0/6c8349ccc6470d5af2ba1489,2
What genres are listed for the 1995 film To Die For?,index:movies/0/f35fd5676ebe38878ee6c44c,0
What genres are listed for the 1995 film To Die For?,index:movies/0/27584e8c9ae68b7f7848fa6e,0
What genres are listed for the 1995 film To Die For?,index:movies/0/588934c114c1c4da4dc9442b,0
Is Pocahontas (1995) aimed at children?,index:movies/0/642e92ef062742ba0c9d8b55,2
Is Pocahontas (1995) aimed at children?,index:movies/0/db9fb17d9f2a82f018c6ef60,1
Is Pocahontas (1995) aimed at children?,index:movies/0/26d97953d7ec7238cd2fb95f,0
Is Pocahontas (1995) aimed at children?,index:movies/0/ca38ab7180f1a0f04efdb50c,0
How is the 1995 movie To Die For genre-classified?,index:movies/0/6c8349ccc6470d5af2ba1489,2
How is the 1995 movie To Die For genre-classified?,index:movies/0/d9d4f495f616f93d82404995,0
How is the 1995 movie To Die For genre-classified?,index:movies/0/a473b06d050a8fc531e1b52b,0
How is the 1995 movie To Die For genre-classified?,index:movies/0/e2c0be247bbcd9df176076c7,0
Which genres accompany the animation listing for Pocahontas (1995)?,index:movies/0/642e92ef062742ba0c9d8b55,2
Which genres accompany the animation listing for Pocahontas (1995)?,index:movies/0/588934c114c1c4da4dc9442b,0
Which genres accompany the animation listing for Pocahontas (1995)?,index:movies/0/e5da5ec33b95b856e686bbe8,0
Which genres accompany the animation listing for Pocahontas (1995)?,index:movies/0/db9fb17d9f2a82f018c6ef60,1
How many genres are listed for Pocahontas (1995)?,index:movies/0/642e92ef062742ba0c9d8b55,1
How many genres are listed for Pocahontas (1995)?,index:movies/0/d9d4f495f616f93d82404995,0
How many genres are listed for Pocahontas (1995)?,index:movies/0/db9fb17d9f2a82f018c6ef60,0
How many genres are listed for Pocahontas (1995)?,index:movies/0/d7524e44a19e7b684f53afea,0
"Is To Die For (1995) a comedy, a drama, and a thriller?",index:movies/0/6c8349ccc6470d5af2ba1489,2
"Is To Die For (1995) a comedy, a drama, and a thriller?",index:movies/0/19391c4950ae4f3d7d065c81,0
"Is To Die For (1995) a comedy, a drama, and a thriller?",index:movies/0/fe30d1d8f077a181871c8be0,0
"Is To Die For (1995) a comedy, a drama, and a thriller?",index:movies/0/3fa9c0d96d847acb3597a5f5,0
Which genres describe the film To Die For (1995)?,index:movies/0/6c8349ccc6470d5af2ba1489,2
Which genres describe the film To Die For (1995)?,index:movies/0/b827397a55fdae637acee894,0
Which genres describe the film To Die For (1995)?,index:movies/0/d6356382747af94b2aa30b02,0
Which genres describe the film To Die For (1995)?,index:movies/0/e2c0be247bbcd9df176076c7,0
"What is the genre mix for To Die For, released in 1995?",index:movies/0/6c8349ccc6470d5af2ba1489,2
"What is the genre mix for To Die For, released in 1995?",index:movies/0/f35fd5676ebe38878ee6c44c,0
"What is the genre mix for To Die For, released in 1995?",index:movies/0/588934c114c1c4da4dc9442b,0
"What is the genre mix for To Die For, released in 1995?",index:movies/0/27584e8c9ae68b7f7848fa6e,0
What are the genre categories for To Die For (1995) according to the document?,index:movies/0/6c8349ccc6470d5af2ba1489,0
What are the genre categories for To Die For (1995) according to the document?,index:movies/0/e2c0be247bbcd9df176076c7,0
What are the genre categories for To Die For (1995) according to the document?,index:movies/0/27584e8c9ae68b7f7848fa6e,0
What are the genre categories for To Die For (1995) according to the document?,index:movies/0/f35fd5676ebe38878ee6c44c,0
Tell me about the genre combination of the 1995 film To Die For.,index:movies/0/32a7f7d016f9b487e4630a83,0
Tell me about the genre combination of the 1995 film To Die For.,index:movies/0/e5da5ec33b95b856e686bbe8,0
Tell me about the genre combination of the 1995 film To Die For.,index:movies/0/6c8349ccc6470d5af2ba1489,2
Tell me about the genre combination of the 1995 film To Die For.,index:movies/0/0c12b9dd3d2243956c0ed7b1,0
How would you categorize the 1995 film To Die For by genre?,index:movies/0/6c8349ccc6470d5af2ba1489,2
How would you categorize the 1995 film To Die For by genre?,index:movies/0/b827397a55fdae637acee894,0
How would you categorize the 1995 film To Die For by genre?,index:movies/0/2327fdecf217775b89a3a4f8,0
How would you categorize the 1995 film To Die For by genre?,index:movies/0/d9d4f495f616f93d82404995,0
In what year was the movie Seven (also known as Se7en) released?,index:movies/0/961b27cfdbb3926ab20871c5,0
In what year was the movie Seven (also known as Se7en) released?,index:movies/0/de8d4f2b191df6b6cc036439,0
In what year was the movie Seven (also known as Se7en) released?,index:movies/0/67c6a1e7fdb78d67a27017d7,2
In what year was the movie Seven (also known as Se7en) released?,index:movies/0/b534ba68c41871efb6705454,0
Is Seven the same movie as Se7en released in 1995?,index:movies/0/67c6a1e7fdb78d67a27017d7,2
Is Seven the same movie as Se7en released in 1995?,index:movies/0/26657d5f48d317aa2c416e1e,0
Is Seven the same movie as Se7en released in 1995?,index:movies/0/f4f6dce2a8c52546af8edb6d,0
What genres describe the film Seven (Se7en)?,index:movies/0/67c6a1e7fdb78d67a27017d7,0
Is Seven the same movie as Se7en released in 1995?,index:movies/0/961b27cfdbb3926ab20871c5,0
What genres describe the film Seven (Se7en)?,index:movies/0/f01640155c80390d903a4129,0
What genres describe the film Seven (Se7en)?,index:movies/0/961b27cfdbb3926ab20871c5,0
What genres describe the film Seven (Se7en)?,index:movies/0/0a16224caeaa58107a8a23e2,0
Tell me about the 1995 film Seven with the alternative title Se7en.,index:movies/0/e1b959b219ff3adbe65fb86a,0
Tell me about the 1995 film Seven with the alternative title Se7en.,index:movies/0/b8cde65a61e8ba34f7aab670,0
Tell me about the 1995 film Seven with the alternative title Se7en.,index:movies/0/e5da5ec33b95b856e686bbe8,0
Tell me about the 1995 film Seven with the alternative title Se7en.,index:movies/0/67c6a1e7fdb78d67a27017d7,2
What is the title of the 1995 mystery thriller film also known as Se7en?,index:movies/0/99e20654face693bc44f0833,0
What is the title of the 1995 mystery thriller film also known as Se7en?,index:movies/0/a016102229fd14045e726126,0
What is the title of the 1995 mystery thriller film also known as Se7en?,index:movies/0/7109af3243e8cc85aebd251a,0
What is the title of the 1995 mystery thriller film also known as Se7en?,index:movies/0/4f5a97cf35c2c1af11a23511,0
Give me information on the movie Seven from 1995.,index:movies/0/39e6cdddb70347ea03cedb43,0
Give me information on the movie Seven from 1995.,index:movies/0/67c6a1e7fdb78d67a27017d7,2
Give me information on the movie Seven from 1995.,index:movies/0/961b27cfdbb3926ab20871c5,0
Give me information on the movie Seven from 1995.,index:movies/0/0a16224caeaa58107a8a23e2,0
Which movie has the alternate title Se7en and belongs to Mystery and Thriller?,index:movies/0/48b454e57936d33894a8138a,0
Which movie has the alternate title Se7en and belongs to Mystery and Thriller?,index:movies/0/565e8a41a62c2be62a9880df,0
Which movie has the alternate title Se7en and belongs to Mystery and Thriller?,index:movies/0/2f3bbb972e561f1a48d0c8e8,0
Which movie has the alternate title Se7en and belongs to Mystery and Thriller?,index:movies/0/043c3d7e1473e1bcb9c9bffc,0
Describe the film Seven that is listed under the genres Mystery and Thriller.,index:movies/0/99e20654face693bc44f0833,0
Describe the film Seven that is listed under the genres Mystery and Thriller.,index:movies/0/0a16224caeaa58107a8a23e2,0
Describe the film Seven that is listed under the genres Mystery and Thriller.,index:movies/0/a016102229fd14045e726126,0
Describe the film Seven that is listed under the genres Mystery and Thriller.,index:movies/0/4f5a97cf35c2c1af11a23511,0
What metadata fields are provided for Restoration (1995) in this entry?,index:movies/0/17e621662daf7674ac8fad9d,2
What metadata fields are provided for Restoration (1995) in this entry?,index:movies/0/e175980c7b57727d70293a27,0
What metadata fields are provided for Restoration (1995) in this entry?,index:movies/0/dba132f69bd944e7dda5d07c,0
What metadata fields are provided for Restoration (1995) in this entry?,index:movies/0/c77bfda6dea922ade6acbd8d,0
What genre is Restoration (1995) classified under?,index:movies/0/17e621662daf7674ac8fad9d,1
What genre is Restoration (1995) classified under?,index:movies/0/885ee3c6853e6f70b8497640,0
What genre is Restoration (1995) classified under?,index:movies/0/274ad47819cbc826155b7c73,0
What genre is Restoration (1995) classified under?,index:movies/0/bf8dd8c69aaf4378b9caff4a,0
What is the title and release year of the drama film in this document?,index:movies/0/ef8446f32588f0cc73dc8cd9,1
What is the title and release year of the drama film in this document?,index:movies/0/c4ef9c39c29206bf1ae443d8,0
What is the title and release year of the drama film in this document?,index:movies/0/6271faad27d7fded94bb51bc,2
What is the title and release year of the drama film in this document?,index:movies/0/e894d787a5dd99436bbf9d0d,0
Which entry describes a drama film titled Restoration?,index:movies/0/5588902a6b7cfa14cf89ac92,0
Which entry describes a drama film titled Restoration?,index:movies/0/61995373eae2fcf0e5864be3,0
Which movie in this record has the identifier id:movies:movie::43?,index:movies/0/8efafd67cb466afa22aed97b,2
Which entry describes a drama film titled Restoration?,index:movies/0/81b3833e2c8392082862034b,0
Which movie in this record has the identifier id:movies:movie::43?,index:movies/0/c77bfda6dea922ade6acbd8d,0
Which entry describes a drama film titled Restoration?,index:movies/0/68331ff0a4dda15c979767d2,0
Which movie in this record has the identifier id:movies:movie::43?,index:movies/0/6269cd73f28dd29cb2c0c79b,0
In what year was Restoration released according to this document?,index:movies/0/6488517b00190a53429563ff,0
Which movie in this record has the identifier id:movies:movie::43?,index:movies/0/0492eecf33ddf716a22dd4f3,0
In what year was Restoration released according to this document?,index:movies/0/b534ba68c41871efb6705454,0
In what year was Restoration released according to this document?,index:movies/0/98c00612e32e521b837d0f5e,0
In what year was Restoration released according to this document?,index:movies/0/de8d4f2b191df6b6cc036439,0
What is the genre tag attached to Restoration (1995)?,index:movies/0/17e621662daf7674ac8fad9d,2
What is the genre tag attached to Restoration (1995)?,index:movies/0/885ee3c6853e6f70b8497640,0
What is the genre tag attached to Restoration (1995)?,index:movies/0/f01640155c80390d903a4129,0
What is the genre tag attached to Restoration (1995)?,index:movies/0/bf8dd8c69aaf4378b9caff4a,0
What is the document ID for the movie Richard III (1995)?,index:movies/0/3416a75fab18cfa4329db062,2
What is the document ID for the movie Richard III (1995)?,index:movies/0/3c20c2d5ba2e3404e5248f8c,0
What is the document ID for the movie Richard III (1995)?,index:movies/0/26407acdeaa3121917d79a85,0
What is the document ID for the movie Richard III (1995)?,index:movies/0/eebeb963c700ba4b3c7f19f4,0
What are the document ID and title for the film Restoration (1995)?,index:movies/0/0c12b9dd3d2243956c0ed7b1,0
What are the document ID and title for the film Restoration (1995)?,index:movies/0/7a98af17a90f5942201da8bc,0
What are the document ID and title for the film Restoration (1995)?,index:movies/0/e5da5ec33b95b856e686bbe8,0
What are the document ID and title for the film Restoration (1995)?,index:movies/0/f01640155c80390d903a4129,0
How would I search for the film named Richard III with the year 1995 in this dataset?,index:movies/0/ef8446f32588f0cc73dc8cd9,0
How would I search for the film named Richard III with the year 1995 in this dataset?,index:movies/0/afdc3c619a371e3ee678ca98,0
What is the title of the film released in 1995 that is categorized as Drama and War?,index:movies/0/27debb43c027aaef69f8707c,0
How would I search for the film named Richard III with the year 1995 in this dataset?,index:movies/0/f38fef4c8c345012d6d97840,0
What is the title of the film released in 1995 that is categorized as Drama and War?,index:movies/0/a424ded4a4e5b7eda23b3d04,0
How would I search for the film named Richard III with the year 1995 in this dataset?,index:movies/0/5ef0b4eba051193611a8b484,0
What is the title of the film released in 1995 that is categorized as Drama and War?,index:movies/0/60dcc0d00fa5970bb2bd8ef5,0
What is the title of the film released in 1995 that is categorized as Drama and War?,index:movies/0/40008b9aa73713e8e530f796,0
"When was Usual Suspects, The (1995) released?",index:movies/0/c0c7c76d3dd08d7fe9741b5f,2
"When was Usual Suspects, The (1995) released?",index:movies/0/f457c54573f530b0b01cc1f7,0
"When was Usual Suspects, The (1995) released?",index:movies/0/a6a26f3181a30fe91725a6f5,0
"When was Usual Suspects, The (1995) released?",index:movies/0/7bd28f15414aedcaace252e9,0
Which genres are listed for Richard III (1995)?,index:movies/0/3416a75fab18cfa4329db062,0
Which genres are listed for Richard III (1995)?,index:movies/0/8aa2c95d90062fa00a740719,0
Which genres are listed for Richard III (1995)?,index:movies/0/8557ce8d2a57f5df00e21eba,0
Which genres are listed for Richard III (1995)?,index:movies/0/fad8f97b41cadc8a258ab0d6,0
In what year was Richard III released according to this record?,index:movies/0/6488517b00190a53429563ff,0
In what year was Richard III released according to this record?,index:movies/0/3416a75fab18cfa4329db062,2
"Is Richard III (1995) considered a drama film, a war film, or both?",index:movies/0/3416a75fab18cfa4329db062,2
In what year was Richard III released according to this record?,index:movies/0/b534ba68c41871efb6705454,0
"Is Richard III (1995) considered a drama film, a war film, or both?",index:movies/0/5588902a6b7cfa14cf89ac92,0
In what year was Richard III released according to this record?,index:movies/0/98c00612e32e521b837d0f5e,0
"Is Richard III (1995) considered a drama film, a war film, or both?",index:movies/0/61995373eae2fcf0e5864be3,0
"Is Richard III (1995) considered a drama film, a war film, or both?",index:movies/0/68331ff0a4dda15c979767d2,0
What are the two genre tags attached to Richard III (1995)?,index:movies/0/3416a75fab18cfa4329db062,2
What are the two genre tags attached to Richard III (1995)?,index:movies/0/dba132f69bd944e7dda5d07c,0
What are the two genre tags attached to Richard III (1995)?,index:movies/0/f01640155c80390d903a4129,0
What are the two genre tags attached to Richard III (1995)?,index:movies/0/8aa2c95d90062fa00a740719,0
What is the exact film name and release year shown for the Drama and War entry in the document?,index:movies/0/7a98af17a90f5942201da8bc,0
What is the exact film name and release year shown for the Drama and War entry in the document?,index:movies/0/f3a3a63a24927b1201b6cac4,0
What is the exact film name and release year shown for the Drama and War entry in the document?,index:movies/0/6e3197aad8fb11186e7d0ae1,0
What is the exact film name and release year shown for the Drama and War entry in the document?,index:movies/0/6271faad27d7fded94bb51bc,0
"Describe the 1995 film Usual Suspects, The in terms of its genres.",index:movies/0/c0c7c76d3dd08d7fe9741b5f,2
"What genres are listed for Usual Suspects, The (1995)?",index:movies/0/c0c7c76d3dd08d7fe9741b5f,2
"Describe the 1995 film Usual Suspects, The in terms of its genres.",index:movies/0/f4f6dce2a8c52546af8edb6d,0
"What genres are listed for Usual Suspects, The (1995)?",index:movies/0/dba132f69bd944e7dda5d07c,0
"Describe the 1995 film Usual Suspects, The in terms of its genres.",index:movies/0/e5da5ec33b95b856e686bbe8,0
"What genres are listed for Usual Suspects, The (1995)?",index:movies/0/f01640155c80390d903a4129,0
"Describe the 1995 film Usual Suspects, The in terms of its genres.",index:movies/0/f3a3a63a24927b1201b6cac4,0
"What genres are listed for Usual Suspects, The (1995)?",index:movies/0/a6a26f3181a30fe91725a6f5,0
"Is Usual Suspects, The (1995) a crime, mystery, and thriller film?",index:movies/0/c0c7c76d3dd08d7fe9741b5f,2
"Is Usual Suspects, The (1995) a crime, mystery, and thriller film?",index:movies/0/fa7cdfad136fd2d592f92635,0
"Is Usual Suspects, The (1995) a crime, mystery, and thriller film?",index:movies/0/99e20654face693bc44f0833,0
"Is Usual Suspects, The (1995) a crime, mystery, and thriller film?",index:movies/0/813b559703289bc2bbe8b0c0,0
What is the exact title used for the 1995 film in this document?,index:movies/0/ef8446f32588f0cc73dc8cd9,0
What is the exact title used for the 1995 film in this document?,index:movies/0/f38fef4c8c345012d6d97840,0
What is the exact title used for the 1995 film in this document?,index:movies/0/6269cd73f28dd29cb2c0c79b,0
What is the exact title used for the 1995 film in this document?,index:movies/0/0c12b9dd3d2243956c0ed7b1,0
"Are Crime and Thriller the only genres for Usual Suspects, The (1995), or does Mystery also apply?",index:movies/0/c0c7c76d3dd08d7fe9741b5f,2
"Are Crime and Thriller the only genres for Usual Suspects, The (1995), or does Mystery also apply?",index:movies/0/167eca22e2f041ccb1fa71ea,0
"Are Crime and Thriller the only genres for Usual Suspects, The (1995), or does Mystery also apply?",index:movies/0/9fd36679182fb1b87463298c,0
"Are Crime and Thriller the only genres for Usual Suspects, The (1995), or does Mystery also apply?",index:movies/0/7a98af17a90f5942201da8bc,0
What year was Mighty Aphrodite released?,index:movies/0/9a115815ba4fda0671a7e3a0,2
What year was Mighty Aphrodite released?,index:movies/0/b534ba68c41871efb6705454,0
What year was Mighty Aphrodite released?,index:movies/0/850af92fb655b74fe85d9d75,0
What year was Mighty Aphrodite released?,index:movies/0/49c0b9d86a993e0e0398c6c7,0
"Which movie from 1995 is categorized under Crime, Mystery, and Thriller?",index:movies/0/d91caca7e49ff7e0061fdab8,0
"Which movie from 1995 is categorized under Crime, Mystery, and Thriller?",index:movies/0/99e20654face693bc44f0833,0
"Which movie from 1995 is categorized under Crime, Mystery, and Thriller?",index:movies/0/b6d767d2016bda12fe70c42c,2
"Which movie from 1995 is categorized under Crime, Mystery, and Thriller?",index:movies/0/b7087c1f37060afd92a7f1d3,1
"What is the document ID for Usual Suspects, The (1995)?",index:movies/0/c0c7c76d3dd08d7fe9741b5f,2
"What is the document ID for Usual Suspects, The (1995)?",index:movies/0/0c12b9dd3d2243956c0ed7b1,0
"What is the document ID for Usual Suspects, The (1995)?",index:movies/0/e3ed3dc91f3a547ac6686261,0
"What is the document ID for Usual Suspects, The (1995)?",index:movies/0/e5da5ec33b95b856e686bbe8,0
What is the document ID for the film Mighty Aphrodite?,index:movies/0/0c12b9dd3d2243956c0ed7b1,0
What is the document ID for the film Mighty Aphrodite?,index:movies/0/e3ed3dc91f3a547ac6686261,0
What is the document ID for the film Mighty Aphrodite?,index:movies/0/f01640155c80390d903a4129,0
What is the document ID for the film Mighty Aphrodite?,index:movies/0/49c0b9d86a993e0e0398c6c7,0
What are the genres listed for Mighty Aphrodite (1995)?,index:movies/0/9a115815ba4fda0671a7e3a0,0
What are the genres listed for Mighty Aphrodite (1995)?,index:movies/0/fc221309ec3edd83b9555e38,0
What are the genres listed for Mighty Aphrodite (1995)?,index:movies/0/dba132f69bd944e7dda5d07c,0
What are the genres listed for Mighty Aphrodite (1995)?,index:movies/0/f01640155c80390d903a4129,0
What is the exact title of the movie that has the document ID id:movies:movie::52?,index:movies/0/3dde11a79f534d92a9cc052b,0
What is the exact title of the movie that has the document ID id:movies:movie::52?,index:movies/0/8d25153b912f891e15c05dc7,0
What is the exact title of the movie that has the document ID id:movies:movie::52?,index:movies/0/7a539bf62a85938fd3a70be0,0
What is the exact title of the movie that has the document ID id:movies:movie::52?,index:movies/0/81554f98d03019d3ca486800,0
Which movie entry corresponds to the ID id:movies:movie::52?,index:movies/0/3c03048fde6cb79f56778bf3,0
Which movie entry corresponds to the ID id:movies:movie::52?,index:movies/0/fec87a3765194c678b818c4f,2
Which movie entry corresponds to the ID id:movies:movie::52?,index:movies/0/26407acdeaa3121917d79a85,0
Which movie entry corresponds to the ID id:movies:movie::52?,index:movies/0/3c20c2d5ba2e3404e5248f8c,0
Which data fields are included for Mighty Aphrodite in the document?,index:movies/0/9a115815ba4fda0671a7e3a0,2
Which data fields are included for Mighty Aphrodite in the document?,index:movies/0/605ac7e449b25a93bbc9fb00,0
Which data fields are included for Mighty Aphrodite in the document?,index:movies/0/e175980c7b57727d70293a27,0
Which data fields are included for Mighty Aphrodite in the document?,index:movies/0/49c0b9d86a993e0e0398c6c7,0
Is Mighty Aphrodite associated with more than one genre in this document?,index:movies/0/9a115815ba4fda0671a7e3a0,0
Is Mighty Aphrodite associated with more than one genre in this document?,index:movies/0/543b0435d4a35da0f6c80eb7,0
Is Mighty Aphrodite associated with more than one genre in this document?,index:movies/0/6269cd73f28dd29cb2c0c79b,0
Is Mighty Aphrodite associated with more than one genre in this document?,index:movies/0/8bd39eaea1e66dda10deecec,0
What year is listed in the Dead Man Walking title in this record?,index:movies/0/793ec9520630f84cfeffe629,0
What year is listed in the Dead Man Walking title in this record?,index:movies/0/c77bfda6dea922ade6acbd8d,0
What year is listed in the Dead Man Walking title in this record?,index:movies/0/03e7d2eb9e610ceb78197f7d,0
What year is listed in the Dead Man Walking title in this record?,index:movies/0/5ef0b4eba051193611a8b484,0
What genres are listed for Dead Man Walking in the entry?,index:movies/0/19ca14e781b1a1042f36647e,2
What genres are listed for Dead Man Walking in the entry?,index:movies/0/6855456ebaacfcb2d935aaeb,0
What genres are listed for Dead Man Walking in the entry?,index:movies/0/f3a3a63a24927b1201b6cac4,0
What genres are listed for Dead Man Walking in the entry?,index:movies/0/cd14821d6a925e3aef51191f,0
What is the exact movie title shown in the document?,index:movies/0/f3a3a63a24927b1201b6cac4,2
What is the exact movie title shown in the document?,index:movies/0/de8d4f2b191df6b6cc036439,2
What is the exact movie title shown in the document?,index:movies/0/26407acdeaa3121917d79a85,2
What is the exact movie title shown in the document?,index:movies/0/3c20c2d5ba2e3404e5248f8c,2
What is the document ID for the movie Dead Man Walking?,index:movies/0/6855456ebaacfcb2d935aaeb,0
What is the document ID for the movie Dead Man Walking?,index:movies/0/dbec0010aa04d6e006825b96,0
What is the document ID for the movie Dead Man Walking?,index:movies/0/f3a3a63a24927b1201b6cac4,0
What is the document ID for the movie Dead Man Walking?,index:movies/0/19ca14e781b1a1042f36647e,2
How many genres is Mighty Aphrodite categorized under in the record?,index:movies/0/9a115815ba4fda0671a7e3a0,0
How many genres is Mighty Aphrodite categorized under in the record?,index:movies/0/d7524e44a19e7b684f53afea,0
How many genres is Mighty Aphrodite categorized under in the record?,index:movies/0/5da713a62020acb19c5d247e,0
How many genres is Mighty Aphrodite categorized under in the record?,index:movies/0/2a0389e6ec478811d2417a2e,0
Which film corresponds to the document identifier id:movies:movie::36?,index:movies/0/d6356382747af94b2aa30b02,0
Which film corresponds to the document identifier id:movies:movie::36?,index:movies/0/b827397a55fdae637acee894,0
Which film corresponds to the document identifier id:movies:movie::36?,index:movies/0/d4a758aad7974bff34df617e,0
Which film corresponds to the document identifier id:movies:movie::36?,index:movies/0/99e20654face693bc44f0833,0
Are both Crime and Drama listed as genres for Dead Man Walking?,index:movies/0/19ca14e781b1a1042f36647e,2
Are both Crime and Drama listed as genres for Dead Man Walking?,index:movies/0/e37b08dd9d3e7aa43f3ad126,0
Are both Crime and Drama listed as genres for Dead Man Walking?,index:movies/0/a1d0c6e8a93a4e6502889ab1,0
Are both Crime and Drama listed as genres for Dead Man Walking?,index:movies/0/8d5ef74b01415e73bf1a6289,0
"Which fields are included for this movie entry (documentid, title, genres)?",index:movies/0/f38fef4c8c345012d6d97840,2
"Which fields are included for this movie entry (documentid, title, genres)?",index:movies/0/e175980c7b57727d70293a27,2
"Which fields are included for this movie entry (documentid, title, genres)?",index:movies/0/996009f222fed35d132bb70b,2
"Which fields are included for this movie entry (documentid, title, genres)?",index:movies/0/3a2ee149f91f0b897607f027,2
What genres is Mortal Kombat (1995) categorized under?,index:movies/0/f717716341e6510015c21ffd,2
What genres is Mortal Kombat (1995) categorized under?,index:movies/0/0b4e447616ca75746b46e4ec,1
What genres is Mortal Kombat (1995) categorized under?,index:movies/0/f50a6c025c4537db67eaec24,1
What genres is Mortal Kombat (1995) categorized under?,index:movies/0/885ee3c6853e6f70b8497640,0
What two genres does the catalog assign to Dead Man Walking?,index:movies/0/19ca14e781b1a1042f36647e,2
What two genres does the catalog assign to Dead Man Walking?,index:movies/0/f01640155c80390d903a4129,0
What two genres does the catalog assign to Dead Man Walking?,index:movies/0/6855456ebaacfcb2d935aaeb,0
What two genres does the catalog assign to Dead Man Walking?,index:movies/0/de8d4f2b191df6b6cc036439,0
Which year is shown in the title Mortal Kombat (1995) in the document?,index:movies/0/26657d5f48d317aa2c416e1e,0
Which year is shown in the title Mortal Kombat (1995) in the document?,index:movies/0/f4f6dce2a8c52546af8edb6d,0
Which year is shown in the title Mortal Kombat (1995) in the document?,index:movies/0/0b4e447616ca75746b46e4ec,2
Which year is shown in the title Mortal Kombat (1995) in the document?,index:movies/0/793ec9520630f84cfeffe629,0
"Is Mortal Kombat (1995) described as action, adventure, and fantasy?",index:movies/0/f717716341e6510015c21ffd,2
"Is Mortal Kombat (1995) described as action, adventure, and fantasy?",index:movies/0/f50a6c025c4537db67eaec24,0
"Is Mortal Kombat (1995) described as action, adventure, and fantasy?",index:movies/0/71f6e893a87abed022a8af96,0
"Is Mortal Kombat (1995) described as action, adventure, and fantasy?",index:movies/0/0b4e447616ca75746b46e4ec,0
What is the full title of the movie released in 1995 that’s included in the document?,index:movies/0/f4f6dce2a8c52546af8edb6d,2
What is the full title of the movie released in 1995 that’s included in the document?,index:movies/0/ea46b042c17249c7da9b6724,0
What is the full title of the movie released in 1995 that’s included in the document?,index:movies/0/5ef0b4eba051193611a8b484,0
What is the full title of the movie released in 1995 that’s included in the document?,index:movies/0/5a4c857a3403277e297be93f,0
How is the film Mortal Kombat (1995) titled in the document?,index:movies/0/0b4e447616ca75746b46e4ec,1
How is the film Mortal Kombat (1995) titled in the document?,index:movies/0/f717716341e6510015c21ffd,2
How is the film Mortal Kombat (1995) titled in the document?,index:movies/0/f3a3a63a24927b1201b6cac4,0
How is the film Mortal Kombat (1995) titled in the document?,index:movies/0/b706835d39ffda981fcffc01,0
"Which film in the document has the genres Action, Adventure, and Fantasy?",index:movies/0/71f6e893a87abed022a8af96,2
"Which film in the document has the genres Action, Adventure, and Fantasy?",index:movies/0/332663ee939d08e31717aeea,2
"Which film in the document has the genres Action, Adventure, and Fantasy?",index:movies/0/afdc3c619a371e3ee678ca98,2
"Which film in the document has the genres Action, Adventure, and Fantasy?",index:movies/0/58e61791182b38da86f91e5f,2
What exactly are the genres listed for Mortal Kombat (1995) in this document?,index:movies/0/0b4e447616ca75746b46e4ec,1
What exactly are the genres listed for Mortal Kombat (1995) in this document?,index:movies/0/f717716341e6510015c21ffd,2
What exactly are the genres listed for Mortal Kombat (1995) in this document?,index:movies/0/f50a6c025c4537db67eaec24,0
What exactly are the genres listed for Mortal Kombat (1995) in this document?,index:movies/0/de8d4f2b191df6b6cc036439,0
"When did How to Make an American Quilt come out, and what genres is it categorized under?",index:movies/0/d9d4f495f616f93d82404995,2
"When did How to Make an American Quilt come out, and what genres is it categorized under?",index:movies/0/3602ff098e2fea76b909d9c4,0
"When did How to Make an American Quilt come out, and what genres is it categorized under?",index:movies/0/bfbf0505c43c8d2841edd007,0
"When did How to Make an American Quilt come out, and what genres is it categorized under?",index:movies/0/bf8dd8c69aaf4378b9caff4a,0
What genre classifications does How to Make an American Quilt have?,index:movies/0/d9d4f495f616f93d82404995,2
What genre classifications does How to Make an American Quilt have?,index:movies/0/3602ff098e2fea76b909d9c4,0
What genre classifications does How to Make an American Quilt have?,index:movies/0/bfbf0505c43c8d2841edd007,0
Tell me about the 1995 movie How to Make an American Quilt.,index:movies/0/d9d4f495f616f93d82404995,2
What genre classifications does How to Make an American Quilt have?,index:movies/0/6488517b00190a53429563ff,0
Tell me about the 1995 movie How to Make an American Quilt.,index:movies/0/3602ff098e2fea76b909d9c4,0
Tell me about the 1995 movie How to Make an American Quilt.,index:movies/0/bfbf0505c43c8d2841edd007,0
Tell me about the 1995 movie How to Make an American Quilt.,index:movies/0/a473b06d050a8fc531e1b52b,0
"If I want a 1995 film called Mortal Kombat, what genres should I expect according to the document?",index:movies/0/5588902a6b7cfa14cf89ac92,0
"If I want a 1995 film called Mortal Kombat, what genres should I expect according to the document?",index:movies/0/543bec10fbe4b686abd4ac62,0
"If I want a 1995 film called Mortal Kombat, what genres should I expect according to the document?",index:movies/0/0b4e447616ca75746b46e4ec,1
"If I want a 1995 film called Mortal Kombat, what genres should I expect according to the document?",index:movies/0/f68c107f9f150bb6e6e09775,0
Is How to Make an American Quilt considered both a drama and a romance movie?,index:movies/0/d9d4f495f616f93d82404995,2
Is How to Make an American Quilt considered both a drama and a romance movie?,index:movies/0/167434fa70cee7330149e57b,0
Is How to Make an American Quilt considered both a drama and a romance movie?,index:movies/0/bfbf0505c43c8d2841edd007,0
Is How to Make an American Quilt considered both a drama and a romance movie?,index:movies/0/3602ff098e2fea76b909d9c4,0
What year was How to Make an American Quilt released and which genres does it belong to?,index:movies/0/d9d4f495f616f93d82404995,2
What year was How to Make an American Quilt released and which genres does it belong to?,index:movies/0/3602ff098e2fea76b909d9c4,0
What are the genres of the film 'How to Make an American Quilt' released in 1995?,index:movies/0/d9d4f495f616f93d82404995,2
What year was How to Make an American Quilt released and which genres does it belong to?,index:movies/0/bfbf0505c43c8d2841edd007,0
What are the genres of the film 'How to Make an American Quilt' released in 1995?,index:movies/0/3602ff098e2fea76b909d9c4,0
What year was How to Make an American Quilt released and which genres does it belong to?,index:movies/0/3c03048fde6cb79f56778bf3,0
What are the genres of the film 'How to Make an American Quilt' released in 1995?,index:movies/0/62e69a275b444ad69df83679,0
What are the genres of the film 'How to Make an American Quilt' released in 1995?,index:movies/0/f4f6dce2a8c52546af8edb6d,0
Which film titled How to Make an American Quilt is associated with the drama and romance genres?,index:movies/0/d9d4f495f616f93d82404995,2
Which film titled How to Make an American Quilt is associated with the drama and romance genres?,index:movies/0/3602ff098e2fea76b909d9c4,0
Which film titled How to Make an American Quilt is associated with the drama and romance genres?,index:movies/0/167434fa70cee7330149e57b,0
Which film titled How to Make an American Quilt is associated with the drama and romance genres?,index:movies/0/6828f61c2044710da2693330,0
Describe the genre profile of How to Make an American Quilt.,index:movies/0/d9d4f495f616f93d82404995,2
Describe the genre profile of How to Make an American Quilt.,index:movies/0/3602ff098e2fea76b909d9c4,0
Describe the genre profile of How to Make an American Quilt.,index:movies/0/bfbf0505c43c8d2841edd007,0
Describe the genre profile of How to Make an American Quilt.,index:movies/0/a473b06d050a8fc531e1b52b,0
What year is included in the Clueless title in this dataset?,index:movies/0/793ec9520630f84cfeffe629,0
What year is included in the Clueless title in this dataset?,index:movies/0/c77bfda6dea922ade6acbd8d,0
What year is included in the Clueless title in this dataset?,index:movies/0/03e7d2eb9e610ceb78197f7d,0
What year is included in the Clueless title in this dataset?,index:movies/0/5a4c857a3403277e297be93f,0
What is the exact title of the movie associated with the ID id:movies:movie::39?,index:movies/0/3dde11a79f534d92a9cc052b,0
What is the exact title of the movie associated with the ID id:movies:movie::39?,index:movies/0/e1b959b219ff3adbe65fb86a,0
What is the exact title of the movie associated with the ID id:movies:movie::39?,index:movies/0/597c7b40b7e4d46b29fcc5c9,0
What is the exact title of the movie associated with the ID id:movies:movie::39?,index:movies/0/3c20c2d5ba2e3404e5248f8c,0
What genres is Clueless (1995) listed under in this document?,index:movies/0/d67d8ab47bbbd2808a145897,1
What genres is Clueless (1995) listed under in this document?,index:movies/0/885ee3c6853e6f70b8497640,0
What genres is Clueless (1995) listed under in this document?,index:movies/0/0e9fa1f390dac67954dc273e,0
What genres is Clueless (1995) listed under in this document?,index:movies/0/8bd39eaea1e66dda10deecec,0
"Does this record indicate that Clueless (1995) falls under comedy, romance, or both?",index:movies/0/d67d8ab47bbbd2808a145897,2
"Does this record indicate that Clueless (1995) falls under comedy, romance, or both?",index:movies/0/12e1b435fa96f119aaacd4ac,0
"Does this record indicate that Clueless (1995) falls under comedy, romance, or both?",index:movies/0/6ca2f3a090f2fbd5e6cadd3b,0
"Does this record indicate that Clueless (1995) falls under comedy, romance, or both?",index:movies/0/3bf29f38c6685afed38ad5e6,0
"If I search for a 1995 romantic comedy in this document, would Clueless be a match?",index:movies/0/f68c107f9f150bb6e6e09775,0
"If I search for a 1995 romantic comedy in this document, would Clueless be a match?",index:movies/0/de6b99d6fa832028db29ecbe,0
"If I search for a 1995 romantic comedy in this document, would Clueless be a match?",index:movies/0/f05f78cb7237578ddfdf103f,0
"If I search for a 1995 romantic comedy in this document, would Clueless be a match?",index:movies/0/508924733d2c5161a0589470,0
What is the document ID for the Clueless movie entry?,index:movies/0/0c12b9dd3d2243956c0ed7b1,0
What is the document ID for the Clueless movie entry?,index:movies/0/3c20c2d5ba2e3404e5248f8c,0
What is the document ID for the Clueless movie entry?,index:movies/0/26407acdeaa3121917d79a85,0
What is the document ID for the Clueless movie entry?,index:movies/0/eebeb963c700ba4b3c7f19f4,0
Which movie entry has the document ID id:movies:movie::39 and what is its title?,index:movies/0/885ee3c6853e6f70b8497640,0
Which movie entry has the document ID id:movies:movie::39 and what is its title?,index:movies/0/eeb69a3c635d67e9e945d21d,0
Which movie entry has the document ID id:movies:movie::39 and what is its title?,index:movies/0/bf8dd8c69aaf4378b9caff4a,0
Which movie entry has the document ID id:movies:movie::39 and what is its title?,index:movies/0/f01640155c80390d903a4129,0
What genres are attached to the film titled Clueless (1995) in the entry?,index:movies/0/de8d4f2b191df6b6cc036439,0
What genres are attached to the film titled Clueless (1995) in the entry?,index:movies/0/d6356382747af94b2aa30b02,0
What genres are attached to the film titled Clueless (1995) in the entry?,index:movies/0/26657d5f48d317aa2c416e1e,0
What genres are attached to the film titled Clueless (1995) in the entry?,index:movies/0/b706835d39ffda981fcffc01,0
What genres is When Night Is Falling categorized under?,index:movies/0/f457c54573f530b0b01cc1f7,2
What genres is When Night Is Falling categorized under?,index:movies/0/885ee3c6853e6f70b8497640,0
What genres is When Night Is Falling categorized under?,index:movies/0/bf8dd8c69aaf4378b9caff4a,0
What genres is When Night Is Falling categorized under?,index:movies/0/9e7c07388ae07312d675112c,0
Children,index:movies/0/cf5ff72c94d87f30a2eb8cde,2
Children,index:movies/0/fde9264cb1198cd6ff95ea1c,2
Children,index:movies/0/b2eeb7367bdcb9f82e323143,2
Children,index:movies/0/b0b183c2b378efd97ea2978a,2
Documentary,index:movies/0/383a0eb41ed1ab7f32e051d3,0
Documentary,index:movies/0/9debda21188e8b1e71e36056,0
Documentary,index:movies/0/2e3d2c4fe662c13bc55c2ef6,0
Documentary,index:movies/0/995f5e0314de463f945b05f4,0
Crime,index:movies/0/42e77b6302132f1dfba92bde,2
Crime,index:movies/0/c68c9c820fb79f649ca71926,2
Crime,index:movies/0/86c4ad5270929f8e62aba817,0
Animation,index:movies/0/10ffbba27d1aae512fe30b78,0
Animation,index:movies/0/fbd562cc47f9107e43ef95f9,2
Animation,index:movies/0/388ce3975071390deafd31a1,2
Animation,index:movies/0/bac9162b93ecef2d801193f0,2
Adventure,index:movies/0/1784bf7376752cc4156251aa,2
Adventure,index:movies/0/ce016f59df73883e9f73709e,2
Adventure,index:movies/0/48c8c39671451c1e715b0e5d,0
Adventure,index:movies/0/dd39fad8de64cad8eea63793,0
Drama,index:movies/0/378a063bf92df37deaf7947c,2
Drama,index:movies/0/047fa836f09c78c5bdec9b74,0
Drama,index:movies/0/f2217062946aa9716655f640,1
Drama,index:movies/0/a7608800af78234e1c104114,2
Comedy,index:movies/0/0ee8b85aa8d66fae90cd08f0,1
Comedy,index:movies/0/01f78be6b2c801b8f7d56f6f,2
Comedy,index:movies/0/4e4b5fbb3a5c7f946aa4574d,2
Comedy,index:movies/0/605ff76460ebb318a99629a7,2
Action,index:movies/0/fbd562cc47f9107e43ef95f9,1
Action,index:movies/0/388ce3975071390deafd31a1,1
Action,index:movies/0/cf9dc5e441815f23ed8cddca,1
Action,index:movies/0/e345fac647b4a2b605ba6be8,0
Fantasy,index:movies/0/814a9c1859aec3f66c0374e3,0
Fantasy,index:movies/0/1cecc7a7d97d1f0dd77857ea,2
Fantasy,index:movies/0/229754d7efefb3e52a8af900,0
Fantasy,index:movies/0/761c7920d1c654115b66d0d1,2
Horror,index:movies/0/954f8154f73472fc567c64b5,2
Horror,index:movies/0/ec36e2ba486d6ed1fa17b99a,2
Horror,index:movies/0/29e1c59bd6d1dd6e7e8136bd,2
IMAX,index:movies/0/f72ce909c68bc5caa54c68f0,0
IMAX,index:movies/0/fd52865d6f6e0a8afcc78ff5,0
IMAX,index:movies/0/b8eadb22aa4c2c0d2056e204,0
IMAX,index:movies/0/304be0855f9fef5fc0ffcfa3,0
Film-Noir,index:movies/0/ef2e814b366c1c41d1f73e10,0
Musical,index:movies/0/acf4b89deac89d5a945ee960,2
Musical,index:movies/0/2a34abd61c7a37bc9c0f365a,2
Musical,index:movies/0/94ef7214e44ee60431c0e05a,2
Musical,index:movies/0/c36b11326cf00db13f87d3b4,2
Romance,index:movies/0/e4873aa97fc55c15ff89fcce,0
Romance,index:movies/0/aee1bc7f0c65183fa130fb67,1
Romance,index:movies/0/99b8199f59478ab665ee0039,0
Romance,index:movies/0/46647365e5b925aed614f89b,2
What genres is the 1995 film Waiting to Exhale categorized under?,index:movies/0/e027853513ef6c81532dabbb,0
What genres is the 1995 film Waiting to Exhale categorized under?,index:movies/0/441563c6ac8a1a0b6a74ff2f,0
What genres is the 1995 film Waiting to Exhale categorized under?,index:movies/0/2107931db8aa046ede2dcf77,0
What genres is the 1995 film Waiting to Exhale categorized under?,index:movies/0/333222171a193a713cc04ea2,0
Sci-Fi,index:movies/0/0609154fb951fbaddf224856,2
Sci-Fi,index:movies/0/c4f796afc0592385e455e4ea,2
Sci-Fi,index:movies/0/ff8c1a3b545255d751feb761,1
Sci-Fi,index:movies/0/88eb513f46257054090b4965,2
Mystery,index:movies/0/7a70c8310c4f73e72fad085e,0
Mystery,index:movies/0/eeb69a3c635d67e9e945d21d,2
Mystery,index:movies/0/777669af48fa8ddea01d08ad,1
Mystery,index:movies/0/8d34201a813cea30502cd549,0
Western,index:movies/0/7a70c8310c4f73e72fad085e,0
Western,index:movies/0/eea5d933654ee9d3e87392d9,0
Western,index:movies/0/eeb69a3c635d67e9e945d21d,0
Western,index:movies/0/8d34201a813cea30502cd549,0
What genres does Toy Story (1995) belong to?,index:movies/0/17e621662daf7674ac8fad9d,0
What genres does Toy Story (1995) belong to?,index:movies/0/e40e86f8b3d98462329ae349,0
What genres does Cutthroat Island (1995) belong to?,index:movies/0/168082921f2b82ffcb5829e7,0
What genres does Cutthroat Island (1995) belong to?,index:movies/0/0613239ed8fdd3a808aabf50,0
What genres does Cutthroat Island (1995) belong to?,index:movies/0/565e8a41a62c2be62a9880df,0
What genres does Cutthroat Island (1995) belong to?,index:movies/0/28e209b662ab0027b77f6cae,0
"What is Toy Story (1995), the children's animated adventure comedy fantasy film?",index:movies/0/bca611e33f39beecc9677720,0
Which genres are listed for The American President (1995)?,index:movies/0/fb69e08f6baa777e854e1894,0
Which genres are listed for The American President (1995)?,index:movies/0/ca43108dc94b7ad23dfb5508,0
Which genres are listed for The American President (1995)?,index:movies/0/2a34abd61c7a37bc9c0f365a,0
Which genres are listed for The American President (1995)?,index:movies/0/7f24d24028b8a193e1ff43f1,0
What genres is Heat (1995) categorized under?,index:movies/0/333222171a193a713cc04ea2,0
What genres is Heat (1995) categorized under?,index:movies/0/f9b902fc97a4fea25b6ce76d,0
What genres is Heat (1995) categorized under?,index:movies/0/7a430339452944169575d011,0
What genres is Heat (1995) categorized under?,index:movies/0/e2ef524f5aefd6051cd06c24,0
"What genres does American President, The (1995) belong to?",index:movies/0/ff84a9f3ac6e3e8f96f1ad7a,0
What genres is Cutthroat Island (1995) listed under?,index:movies/0/8a1276c2ffad044fe8cde9e1,0
"What genres does American President, The (1995) belong to?",index:movies/0/a8ef1979ccd5efba9ec08f38,0
What genres is Cutthroat Island (1995) listed under?,index:movies/0/d28d296bd433e7603a0e1c78,0
"What genres does American President, The (1995) belong to?",index:movies/0/ca43108dc94b7ad23dfb5508,0
What genres is Cutthroat Island (1995) listed under?,index:movies/0/55a7cf9ccd5b1f7af488a847,0
"What genres does American President, The (1995) belong to?",index:movies/0/978d7667fa3c9bb46a9b9660,0
What genres is Cutthroat Island (1995) listed under?,index:movies/0/094286d2c3f4971a45bcb31b,0
What genres is the 1995 movie Heat classified under?,index:movies/0/a424ed4bbdea17e860e98b98,0
What genres is the 1995 movie Heat classified under?,index:movies/0/f9b902fc97a4fea25b6ce76d,0
What genres is the 1995 movie Heat classified under?,index:movies/0/e12264951e7a659b4987d230,0
What genres is the 1995 movie Heat classified under?,index:movies/0/bf424cb77303379ce38bed4c,0
What genres is The American President (1995) categorized under?,index:movies/0/bf424cb77303379ce38bed4c,0
What genres is The American President (1995) categorized under?,index:movies/0/fb69e08f6baa777e854e1894,0
What genres is The American President (1995) categorized under?,index:movies/0/a8ef1979ccd5efba9ec08f38,0
What genres is The American President (1995) categorized under?,index:movies/0/de5eeca56a1a63129fc0c577,0
Which genres does Heat (1995) belong to?,index:movies/0/daca9fa0fffb83998834db8c,0
Which genres does Heat (1995) belong to?,index:movies/0/3cec07e96451237cfcc52535,0
Which genres does Heat (1995) belong to?,index:movies/0/6eb6e75f74ace44f4e828838,0
Which genres describe Waiting to Exhale (1995)?,index:movies/0/26f5bd4a1bcfe93771d50a92,0
Which genres does Heat (1995) belong to?,index:movies/0/ae4503ecf49b09aecd3157ed,0
Which genres describe Waiting to Exhale (1995)?,index:movies/0/ddd9dda6f65147339cceffa5,0
Which genres describe Waiting to Exhale (1995)?,index:movies/0/9c19a2aa1b970281ca959e78,0
Which genres describe Waiting to Exhale (1995)?,index:movies/0/2b323d6e6e031dea1b9c534c,0
What genres are listed for Toy Story (1995)?,index:movies/0/777669af48fa8ddea01d08ad,0
What genres are listed for Toy Story (1995)?,index:movies/0/dc1d022f4eb8a30014fdf200,0
What genres are listed for Toy Story (1995)?,index:movies/0/0d0871f0abb90f92db4ea909,0
What genres are listed for Toy Story (1995)?,index:movies/0/55a7cf9ccd5b1f7af488a847,0
List the genres for the 1995 film Waiting to Exhale.,index:movies/0/f231f2104b06758542a7d266,0
List the genres for the 1995 film Waiting to Exhale.,index:movies/0/ac34ae1f3ecef8d8d36cd67e,0
List the genres for the 1995 film Waiting to Exhale.,index:movies/0/110eec230971f5d26b4e789f,0
"What is the genre lineup for Cutthroat Island (1995)—Action, Adventure, and Romance?",index:movies/0/0fb630b865936613fcebd94d,1
"What is the genre lineup for Cutthroat Island (1995)—Action, Adventure, and Romance?",index:movies/0/fcd11da044841f187d2c5d33,1
"What is the genre lineup for Cutthroat Island (1995)—Action, Adventure, and Romance?",index:movies/0/022898bb823d1eb25bba1352,0
What is the release year and genre mix for Waiting to Exhale?,index:movies/0/1cde7cb119e15f494c2a3cd2,0
What is the release year and genre mix for Waiting to Exhale?,index:movies/0/0bb4aec1aa41732ce2efefec,0
What is the release year and genre mix for Waiting to Exhale?,index:movies/0/a01ec05b6e26d2dc22340649,0
What is the release year and genre mix for Waiting to Exhale?,index:movies/0/a2c888e0849911404e9a933a,0
"Which 1995 movie has the genres Comedy, Drama, and Romance?",index:movies/0/1b486d7a51e36141008e88dd,0
"Which 1995 movie has the genres Comedy, Drama, and Romance?",index:movies/0/66f041e1303ba8047140f951,0
"Which 1995 movie has the genres Comedy, Drama, and Romance?",index:movies/0/7b5b23f4d41b0f99758737f8,0
"Which 1995 movie has the genres Comedy, Drama, and Romance?",index:movies/0/3c1e4bd6314d3f064a8c18bb,0
Is Waiting to Exhale a romantic comedy-drama from 1995?,index:movies/0/9f86a532e30355d87d64785c,0
Is Waiting to Exhale a romantic comedy-drama from 1995?,index:movies/0/de7092ba4a4cf90ad449249a,0
Is Waiting to Exhale a romantic comedy-drama from 1995?,index:movies/0/5b4130c9f1e601019ca33f7b,0
Is Waiting to Exhale a romantic comedy-drama from 1995?,index:movies/0/0336dcba197432b02d39ca28,0
Name the three genres associated with Waiting to Exhale.,index:movies/0/59dfa2df021e5c4ab505c59d,1
Name the three genres associated with Waiting to Exhale.,index:movies/0/0470d3195eaaad9cff856dcf,0
Name the three genres associated with Waiting to Exhale.,index:movies/0/46cd618b335702a98069d54a,1
Name the three genres associated with Waiting to Exhale.,index:movies/0/9185f3ececb55c4834d6cf19,0
Describe Waiting to Exhale by its genre classification.,index:movies/0/35f4a8d48b093cb35182063e,0
Describe Waiting to Exhale by its genre classification.,index:movies/0/1a37187963e9693044f93487,0
Describe Waiting to Exhale by its genre classification.,index:movies/0/91c554935936c79d19d705ba,0
Describe Waiting to Exhale by its genre classification.,index:movies/0/2e4fb1dd032c1f6d655d7322,0
What is the document ID for Toy Story (1995)?,index:movies/0/20878ac5ca987f0345bb3ee3,0
What is the document ID for Toy Story (1995)?,index:movies/0/ba723c470a4c10b640bd8272,0
What is the document ID for Toy Story (1995)?,index:movies/0/4e92cae182f545877c69115f,0
What is the document ID for Toy Story (1995)?,index:movies/0/9a49a25d47e45fabbc4a31c6,0
Do the genres of Toy Story (1995) include Adventure and Fantasy?,index:movies/0/995f5e0314de463f945b05f4,0
Would Toy Story (1995) be considered a children's film based on its genres?,index:movies/0/333ac5d905682bd183fb44a2,0
Would Toy Story (1995) be considered a children's film based on its genres?,index:movies/0/069059b764b29ae7ef12d424,0
Would Toy Story (1995) be considered a children's film based on its genres?,index:movies/0/86e78499944063389cf1378d,0
Would Toy Story (1995) be considered a children's film based on its genres?,index:movies/0/b3746c4a62be7f143b847122,0
"Give me the genre combination for Waiting to Exhale, released in 1995.",index:movies/0/9dfcd5e535936a0742a0bc5c,0
"Give me the genre combination for Waiting to Exhale, released in 1995.",index:movies/0/a01ec05b6e26d2dc22340649,0
"Give me the genre combination for Waiting to Exhale, released in 1995.",index:movies/0/afecc60f6e3b2262da622bf6,0
"Give me the genre combination for Waiting to Exhale, released in 1995.",index:movies/0/50abc3e74e6faad287f12ff7,0
How many genres are associated with Toy Story (1995)?,index:movies/0/477b02d9395c688b3f4e97b4,0
How many genres are associated with Toy Story (1995)?,index:movies/0/49182f81ed9cdb358142c93a,0
How many genres are associated with Toy Story (1995)?,index:movies/0/de7092ba4a4cf90ad449249a,0
How many genres are associated with Toy Story (1995)?,index:movies/0/17e621662daf7674ac8fad9d,0
What is the title of the film described by the document with ID id:movies:movie::1?,index:movies/0/4c0cfccba82f5166738b376b,0
What is the title of the film described by the document with ID id:movies:movie::1?,index:movies/0/0609154fb951fbaddf224856,0
What is the title of the film described by the document with ID id:movies:movie::1?,index:movies/0/ac4e7a4f953eb34978151e78,0
What is the title of the film described by the document with ID id:movies:movie::1?,index:movies/0/d594b1a98821c7a2b19a139b,0
What genres classify Cutthroat Island (1995)?,index:movies/0/cfbf87098ada6636e69b7a4f,0
What genres classify Cutthroat Island (1995)?,index:movies/0/6da9003ba39461856e50a592,0
What genres classify Cutthroat Island (1995)?,index:movies/0/0b8aff04f9364453c0702477,0
What genres classify Cutthroat Island (1995)?,index:movies/0/0613239ed8fdd3a808aabf50,0
What is the full list of genres for Toy Story (1995)?,index:movies/0/ac34ae1f3ecef8d8d36cd67e,0
What is the full list of genres for Toy Story (1995)?,index:movies/0/110eec230971f5d26b4e789f,0
What is the full list of genres for Toy Story (1995)?,index:movies/0/7750ca35e4ccf0d048e53c0d,0
What is the full list of genres for Toy Story (1995)?,index:movies/0/19d19f93f1b78bf1906bd1e7,0
Is Cutthroat Island an action movie?,index:movies/0/1be3bc3251350b995b006e6e,0
Is Cutthroat Island an action movie?,index:movies/0/6ee69d370344d6be1a680f58,0
Is Cutthroat Island an action movie?,index:movies/0/b754a30792ce947d24f75865,0
"Which film from 1995 features action, adventure, and romance?",index:movies/0/801272eecb58f51c0347262f,0
"Which film from 1995 features action, adventure, and romance?",index:movies/0/5fc34ed378000e834c8bbeb0,0
Does the film Cutthroat Island include romance as a genre?,index:movies/0/f576be8a1f0b42591317838f,0
Does the film Cutthroat Island include romance as a genre?,index:movies/0/b4b301e4dc237c2fff136af8,0
Does the film Cutthroat Island include romance as a genre?,index:movies/0/2b1905b55b130f9ea8381dc6,0
Does the film Cutthroat Island include romance as a genre?,index:movies/0/ca69663a34af5edcd44021a4,0
What is the genre profile of Cutthroat Island?,index:movies/0/0a3b6f64dae41923debd3750,0
What is the genre profile of Cutthroat Island?,index:movies/0/3e9f0fc9f7a59a0b5b688210,0
What is the genre profile of Cutthroat Island?,index:movies/0/0613239ed8fdd3a808aabf50,0
What is the genre profile of Cutthroat Island?,index:movies/0/c81e155ddbf30bb2ab87d49e,0
Would Cutthroat Island be considered an adventure film?,index:movies/0/36e51f2213521352772f8e5f,0
Would Cutthroat Island be considered an adventure film?,index:movies/0/26a46ecb57df3c94b6ac950f,0
Would Cutthroat Island be considered an adventure film?,index:movies/0/0fb630b865936613fcebd94d,0
Would Cutthroat Island be considered an adventure film?,index:movies/0/86098ef8cad150a0446f9d69,0
What genres does The American President (1995) belong to?,index:movies/0/ff84a9f3ac6e3e8f96f1ad7a,0
What genres does The American President (1995) belong to?,index:movies/0/a8ef1979ccd5efba9ec08f38,0
What genres does The American President (1995) belong to?,index:movies/0/ca43108dc94b7ad23dfb5508,0
What genres does The American President (1995) belong to?,index:movies/0/26f5bd4a1bcfe93771d50a92,0
Which genres are listed for The American President (1995) movie?,index:movies/0/fb69e08f6baa777e854e1894,0
Which genres are listed for The American President (1995) movie?,index:movies/0/671d8d05d206c0d3fe44e77f,0
Which genres are listed for The American President (1995) movie?,index:movies/0/ca43108dc94b7ad23dfb5508,0
Which genres are listed for The American President (1995) movie?,index:movies/0/2a34abd61c7a37bc9c0f365a,0
Is there a romance element in the 1995 movie Cutthroat Island?,index:movies/0/7580584da99c5cdc6499ae53,0
Is there a romance element in the 1995 movie Cutthroat Island?,index:movies/0/754d28966af647ff33a02b76,0
Is there a romance element in the 1995 movie Cutthroat Island?,index:movies/0/b4b301e4dc237c2fff136af8,0
Is there a romance element in the 1995 movie Cutthroat Island?,index:movies/0/8cf30b3b4c97eff96cae0c54,0
"Is The American President (1995) a comedy, drama, and romance film?",index:movies/0/0a5c79b17ea09bdb402f6895,0
"Is The American President (1995) a comedy, drama, and romance film?",index:movies/0/e6af401c17192036c1b4cb18,0
"Is The American President (1995) a comedy, drama, and romance film?",index:movies/0/b4b301e4dc237c2fff136af8,0
What year and genres describe The American President (1995)?,index:movies/0/26f5bd4a1bcfe93771d50a92,0
What year and genres describe The American President (1995)?,index:movies/0/bf424cb77303379ce38bed4c,0
What year and genres describe The American President (1995)?,index:movies/0/eea5d933654ee9d3e87392d9,0
What year and genres describe The American President (1995)?,index:movies/0/3a066bda855f5a26578bdeb2,0
Tell me about The American President (1995) in terms of its genre classification.,index:movies/0/2a34abd61c7a37bc9c0f365a,0
Tell me about The American President (1995) in terms of its genre classification.,index:movies/0/84d9ee44c1bedf6853f8f15e,0
Tell me about The American President (1995) in terms of its genre classification.,index:movies/0/0e2c2cfc6ee3395986febab8,0
Tell me about The American President (1995) in terms of its genre classification.,index:movies/0/36bf0c2bdc1386ded077b39b,0
Provide the genres for the film The American President released in 1995.,index:movies/0/fb69e08f6baa777e854e1894,0
Provide the genres for the film The American President released in 1995.,index:movies/0/671d8d05d206c0d3fe44e77f,0
Provide the genres for the film The American President released in 1995.,index:movies/0/de5eeca56a1a63129fc0c577,0
Provide the genres for the film The American President released in 1995.,index:movies/0/ca43108dc94b7ad23dfb5508,0
How is The American President (1995) categorized by genre in the record?,index:movies/0/082a8bbf2b555580113168d9,0
How is The American President (1995) categorized by genre in the record?,index:movies/0/3a066bda855f5a26578bdeb2,0
How is The American President (1995) categorized by genre in the record?,index:movies/0/48c8c39671451c1e715b0e5d,0
How is The American President (1995) categorized by genre in the record?,index:movies/0/de5eeca56a1a63129fc0c577,0
What is the internal document ID for Heat (1995)?,index:movies/0/13bf4a964d81cb0bb04de7ea,0
What is the internal document ID for Heat (1995)?,index:movies/0/dfb4b0203dacc58cc4ca5ca8,0
What is the internal document ID for Heat (1995)?,index:movies/0/59dfa2df021e5c4ab505c59d,0
What is the internal document ID for Heat (1995)?,index:movies/0/ce016f59df73883e9f73709e,0
What is the full title and year of the movie Heat (1995)?,index:movies/0/944bdd96a7045f56f68d5212,0
What is the full title and year of the movie Heat (1995)?,index:movies/0/cdd7730359a5c328834881d1,0
What is the full title and year of the movie Heat (1995)?,index:movies/0/61d009dab20c7022b797142b,0
What is the full title and year of the movie Heat (1995)?,index:movies/0/26511c84c26d9ecc0aa0e597,0
Give me the genre categories for The American President (1995) film.,index:movies/0/de5eeca56a1a63129fc0c577,0
Give me the genre categories for The American President (1995) film.,index:movies/0/ca43108dc94b7ad23dfb5508,0
Give me the genre categories for The American President (1995) film.,index:movies/0/671d8d05d206c0d3fe44e77f,0
Give me the genre categories for The American President (1995) film.,index:movies/0/082a8bbf2b555580113168d9,0
Is Heat (1995) categorized as Action?,index:movies/0/a03175e6144983e58f9b2d3a,0
Is Heat (1995) categorized as Action?,index:movies/0/15d43710f5e48bca6307a098,0
Is Heat (1995) categorized as Action?,index:movies/0/051928345e36680479a09b1d,0
Is Heat (1995) categorized as Action?,index:movies/0/7a430339452944169575d011,0
Is Heat (1995) categorized as Crime?,index:movies/0/7a430339452944169575d011,0
Is Heat (1995) categorized as Crime?,index:movies/0/3cec07e96451237cfcc52535,0
Is Heat (1995) categorized as Crime?,index:movies/0/09e7655f9da53ef1eb1d5c3a,0
Is Heat (1995) categorized as Crime?,index:movies/0/62e09734edc8c76688b58621,0
Is Heat (1995) categorized as Thriller?,index:movies/0/d961e9f20d6cf4eac0958dc8,0
Is Heat (1995) categorized as Thriller?,index:movies/0/7a430339452944169575d011,0
Is Heat (1995) categorized as Thriller?,index:movies/0/09e7655f9da53ef1eb1d5c3a,0
Is Heat (1995) categorized as Thriller?,index:movies/0/e0d04159410e2cc61d5eae90,0
How many genres does Heat (1995) have?,index:movies/0/3cec07e96451237cfcc52535,0
How many genres does Heat (1995) have?,index:movies/0/be83ab3e332f1733ea46ac1a,0
How many genres does Heat (1995) have?,index:movies/0/5f93f983ea6642181ed30cf5,0
How many genres does Heat (1995) have?,index:movies/0/59c330160f35439f09ed76c3,0
What genres does Waiting to Exhale (1995) belong to?,index:movies/0/2107931db8aa046ede2dcf77,0
What genres does Waiting to Exhale (1995) belong to?,index:movies/0/9f86a532e30355d87d64785c,0
What genres does Waiting to Exhale (1995) belong to?,index:movies/0/6195f47df01e76eb41c2c0cd,0
What is the 1995 action film Sudden Death about?,index:movies/0/a1d0c6e8a93a4e6502889ab1,0
What field stores the genre information for Heat (1995) in this document?,index:movies/0/815104ed5e3da7f9d259aa0a,0
What is the 1995 action film Sudden Death about?,index:movies/0/0609154fb951fbaddf224856,0
What field stores the genre information for Heat (1995) in this document?,index:movies/0/671d8d05d206c0d3fe44e77f,0
What field stores the genre information for Heat (1995) in this document?,index:movies/0/8d6dc35e884c595f791e348c,0
What field stores the genre information for Heat (1995) in this document?,index:movies/0/13bf4a964d81cb0bb04de7ea,0
When was Sudden Death released and what genre is it?,index:movies/0/68d13cf2363532aecfe47a55,0
When was Sudden Death released and what genre is it?,index:movies/0/17260de4874867e3663c1131,0
When was Sudden Death released and what genre is it?,index:movies/0/c91591a8c7395b8f0b09cd12,0
When was Sudden Death released and what genre is it?,index:movies/0/2639ba210d85e30bcf1f979b,0
Provide information on the film Sudden Death from 1995 in the action genre.,index:movies/0/36bf0c2bdc1386ded077b39b,0
Provide information on the film Sudden Death from 1995 in the action genre.,index:movies/0/cf9dc5e441815f23ed8cddca,0
Provide information on the film Sudden Death from 1995 in the action genre.,index:movies/0/e50487ab54cbadd65f3955c7,0
Provide information on the film Sudden Death from 1995 in the action genre.,index:movies/0/bac9162b93ecef2d801193f0,0
Tell me about Sudden Death (1995) and its action classification.,index:movies/0/3c3c139b35efcde0da09bece,0
Tell me about Sudden Death (1995) and its action classification.,index:movies/0/443cb0011ce4a891bf1a70e3,0
Tell me about Sudden Death (1995) and its action classification.,index:movies/0/5a10cafdde0a2a053185f63f,0
Tell me about Sudden Death (1995) and its action classification.,index:movies/0/a0443d14a629a30579370840,0
Is Sudden Death a 1995 action movie?,index:movies/0/a1d0c6e8a93a4e6502889ab1,0
Is Sudden Death a 1995 action movie?,index:movies/0/1679091c2615a3566ddd09a4,0
What year and genre does Sudden Death belong to?,index:movies/0/e0e931dc12b31aff3aefb543,0
What year and genre does Sudden Death belong to?,index:movies/0/9ad6aaed90b5cbcff0d5705a,0
What year and genre does Sudden Death belong to?,index:movies/0/4d8da357678f2c8cf3bcbbd8,0
What year and genre does Sudden Death belong to?,index:movies/0/bddea39a1789f3b24b05a6c9,0
Search results for Sudden Death (1995) in the action category.,index:movies/0/de5eeca56a1a63129fc0c577,0
Search results for Sudden Death (1995) in the action category.,index:movies/0/a1d0c6e8a93a4e6502889ab1,0
Search results for Sudden Death (1995) in the action category.,index:movies/0/fe510a566eda74f111738c40,0
Search results for Sudden Death (1995) in the action category.,index:movies/0/3ee61fdfde4112800283fc83,0
What year was the movie Tom and Huck released?,index:movies/0/0bb4aec1aa41732ce2efefec,0
What year was the movie Tom and Huck released?,index:movies/0/573a8843234363a36a0e5171,0
What year was the movie Tom and Huck released?,index:movies/0/fa654b387894d4caaef6d2d6,0
Is the film Tom and Huck (1995) classified as adventure?,index:movies/0/ce016f59df73883e9f73709e,0
Is the film Tom and Huck (1995) classified as adventure?,index:movies/0/27e8e171840dd5d9f714cbf2,0
What genres is Tom and Huck (1995) categorized under?,index:movies/0/333222171a193a713cc04ea2,0
What genres is Tom and Huck (1995) categorized under?,index:movies/0/e2ef524f5aefd6051cd06c24,0
What genres is Tom and Huck (1995) categorized under?,index:movies/0/818f4654d91bbc2645ce372a,0
What is the document ID for the movie Tom and Huck (1995)?,index:movies/0/5d31f9d03d066a3491d3dfdd,0
What is the document ID for the movie Tom and Huck (1995)?,index:movies/0/27e8e171840dd5d9f714cbf2,0
What is the document ID for the movie Tom and Huck (1995)?,index:movies/0/671d8d05d206c0d3fe44e77f,0
What are the exact title and release year of the movie described in the document?,index:movies/0/7cda6d95c05a49fc9d10f29e,2
What are the exact title and release year of the movie described in the document?,index:movies/0/d7f426cccc18b61f1677b8b6,2
What are the exact title and release year of the movie described in the document?,index:movies/0/5a4c857a3403277e297be93f,2
Is Tom and Huck (1995) considered a children's movie?,index:movies/0/333ac5d905682bd183fb44a2,0
Is Tom and Huck (1995) considered a children's movie?,index:movies/0/069059b764b29ae7ef12d424,0
Is Tom and Huck (1995) considered a children's movie?,index:movies/0/fde9264cb1198cd6ff95ea1c,0
Which movie in the document has the title Tom and Huck and a 1995 release date?,index:movies/0/754d28966af647ff33a02b76,0
Which movie in the document has the title Tom and Huck and a 1995 release date?,index:movies/0/573a8843234363a36a0e5171,0
Which movie in the document has the title Tom and Huck and a 1995 release date?,index:movies/0/bb0a0a8163e0481b2fd469ad,0
What are the two genres listed for Tom and Huck (1995)?,index:movies/0/777669af48fa8ddea01d08ad,0
What are the two genres listed for Tom and Huck (1995)?,index:movies/0/fb69e08f6baa777e854e1894,0
What are the two genres listed for Tom and Huck (1995)?,index:movies/0/9fb4651c6d2f7bda45bd04ea,0
What are the two genres listed for Tom and Huck (1995)?,index:movies/0/47d01fad19c17950fce795a7,0
"What is the title of the movie described in this document, and what year is included in the title?",index:movies/0/4c0cfccba82f5166738b376b,2
"What is the title of the movie described in this document, and what year is included in the title?",index:movies/0/c1de1daca9ca0424449d828a,2
"What is the title of the movie described in this document, and what year is included in the title?",index:movies/0/61d009dab20c7022b797142b,2
"What is the title of the movie described in this document, and what year is included in the title?",index:movies/0/f01640155c80390d903a4129,2
"Give me basic details for Sudden Death, the 1995 action film.",index:movies/0/0a113ef6d7f56986eedb03cb,0
"Give me basic details for Sudden Death, the 1995 action film.",index:movies/0/a6e515353aa7c6090311733f,0
"Give me basic details for Sudden Death, the 1995 action film.",index:movies/0/051928345e36680479a09b1d,0
"Give me basic details for Sudden Death, the 1995 action film.",index:movies/0/bac9162b93ecef2d801193f0,0
What is the document ID for the Sabrina (1995) movie?,index:movies/0/671d8d05d206c0d3fe44e77f,0
What is the document ID for the Sabrina (1995) movie?,index:movies/0/022898bb823d1eb25bba1352,0
What is the document ID for the Sabrina (1995) movie?,index:movies/0/81e5f81d204b65807de444e9,0
Which genres are listed for Sabrina (1995) in this entry?,index:movies/0/dc1d022f4eb8a30014fdf200,0
Which genres are listed for Sabrina (1995) in this entry?,index:movies/0/9debda21188e8b1e71e36056,0
Which genres are listed for Sabrina (1995) in this entry?,index:movies/0/fb69e08f6baa777e854e1894,0
Which genres are listed for Sabrina (1995) in this entry?,index:movies/0/80a160ff7818fc225307ff40,0
How is the film Sabrina displayed in the title field of this record?,index:movies/0/d19b33f62cd821749abbbe9c,0
How is the film Sabrina displayed in the title field of this record?,index:movies/0/fa2431bf3d3a0a7232f21953,0
How is the film Sabrina displayed in the title field of this record?,index:movies/0/9dd2943ac7274504e10d225a,0
When was Cutthroat Island released?,index:movies/0/0bb4aec1aa41732ce2efefec,0
When was Cutthroat Island released?,index:movies/0/ee0c1616738974e13294269f,0
When was Cutthroat Island released?,index:movies/0/2548a4ac09b545c7a8dc9167,0
When was Cutthroat Island released?,index:movies/0/11bb19229bdfc69930b8a2fa,0
Name the two genres associated with the Sabrina (1995) entry.,index:movies/0/48c8c39671451c1e715b0e5d,0
Name the two genres associated with the Sabrina (1995) entry.,index:movies/0/c2626d850c47f192dc0bacbf,0
Name the two genres associated with the Sabrina (1995) entry.,index:movies/0/f4947c60443ddd34ad9bf926,0
Name the two genres associated with the Sabrina (1995) entry.,index:movies/0/4a64d9132b45d94bc34164a6,0
"If I’m looking for films that combine humor and love, would Sabrina (1995) fit based on the genres in this document?",index:movies/0/eb9fc3496a7ac0e736ba7f40,0
"If I’m looking for films that combine humor and love, would Sabrina (1995) fit based on the genres in this document?",index:movies/0/bb073f283c433b5e65199779,0
"If I’m looking for films that combine humor and love, would Sabrina (1995) fit based on the genres in this document?",index:movies/0/2e3d2c4fe662c13bc55c2ef6,0
"If I’m looking for films that combine humor and love, would Sabrina (1995) fit based on the genres in this document?",index:movies/0/c902b4979ddae9483fea3d49,0
Is Sabrina (1995) categorized as both comedy and romance according to the document?,index:movies/0/b4b301e4dc237c2fff136af8,0
Is Sabrina (1995) categorized as both comedy and romance according to the document?,index:movies/0/022898bb823d1eb25bba1352,0
Is Sabrina (1995) categorized as both comedy and romance according to the document?,index:movies/0/ae5e3ce4ebba87e6d2bd962d,0
Is Sabrina (1995) categorized as both comedy and romance according to the document?,index:movies/0/de7092ba4a4cf90ad449249a,0
What genres are associated with GoldenEye (1995)?,index:movies/0/48c8c39671451c1e715b0e5d,0
What genres are associated with GoldenEye (1995)?,index:movies/0/56a465c9c4c5b9d03106da7b,0
What genres are associated with GoldenEye (1995)?,index:movies/0/0a988fc28595134d254e129a,0
What genres are associated with GoldenEye (1995)?,index:movies/0/f8363057d337683a607b05dd,0
Is GoldenEye (1995) an action movie?,index:movies/0/56a465c9c4c5b9d03106da7b,0
Is GoldenEye (1995) an action movie?,index:movies/0/f998fe28a7a82aaddea1a9d9,0
Is GoldenEye (1995) an action movie?,index:movies/0/ca484b57560d0b0f4a476cb5,0
"In what year was GoldenEye released, and what genres does it have?",index:movies/0/23e7e36c1f719a775ea1247c,0
"In what year was GoldenEye released, and what genres does it have?",index:movies/0/0bb4aec1aa41732ce2efefec,0
"In what year was GoldenEye released, and what genres does it have?",index:movies/0/a8166da06f1f74eb1decf091,0
"Which 1995 film is titled GoldenEye and includes action, adventure, and thriller?",index:movies/0/3ee61fdfde4112800283fc83,0
"Which 1995 film is titled GoldenEye and includes action, adventure, and thriller?",index:movies/0/0fc170ec8af09ddbb79313ef,0
"Which 1995 film is titled GoldenEye and includes action, adventure, and thriller?",index:movies/0/a8e864d0a988be7183d41f91,0
What is the title and genre mix of the 1995 film GoldenEye?,index:movies/0/f8363057d337683a607b05dd,0
What is the title and genre mix of the 1995 film GoldenEye?,index:movies/0/b38e5ff5e1cd41950e800cac,0
What is the title and genre mix of the 1995 film GoldenEye?,index:movies/0/61d009dab20c7022b797142b,0
What is the title and genre mix of the 1995 film GoldenEye?,index:movies/0/c8862fc1e320ba739d69c924,0
Tell me about the movie GoldenEye from 1995 and its genres.,index:movies/0/1b486d7a51e36141008e88dd,0
Tell me about the movie GoldenEye from 1995 and its genres.,index:movies/0/84d9ee44c1bedf6853f8f15e,0
Tell me about the movie GoldenEye from 1995 and its genres.,index:movies/0/e6cc48e37e3042af4416acf5,0
Tell me about the movie GoldenEye from 1995 and its genres.,index:movies/0/9f53d83e12103bad2ad9bfd1,0
What genres does Casino (1995) belong to?,index:movies/0/c2626d850c47f192dc0bacbf,0
What genres does Casino (1995) belong to?,index:movies/0/a8ef1979ccd5efba9ec08f38,0
What genres does Casino (1995) belong to?,index:movies/0/b4c4ba249a0862dbbc9d242e,0
What genres does Casino (1995) belong to?,index:movies/0/b356e7ae57d299109e023dfa,0
Thriller,index:movies/0/3e4f6deaa2348b0ef2970795,0
Thriller,index:movies/0/5d50d227ed1065fede5d1261,0
Thriller,index:movies/0/178b01132687bd9dafacfbe3,0
Thriller,index:movies/0/f7e2b2b7f5b1a09f5844e7cb,0
What year is denoted in the film title Casino (1995)?,index:movies/0/17f98ddff5b4ba07a6d36f88,0
What year is denoted in the film title Casino (1995)?,index:movies/0/61d009dab20c7022b797142b,0
What year is denoted in the film title Casino (1995)?,index:movies/0/90794e3b5408d4ba70c5ac34,0
What year is denoted in the film title Casino (1995)?,index:movies/0/ec8ce6ab33de72674c17d950,0
What is the document identifier for the Casino (1995) movie?,index:movies/0/c2626d850c47f192dc0bacbf,0
What is the document identifier for the Casino (1995) movie?,index:movies/0/201e5bac68ef43ef2fec0680,0
What is the document identifier for the Casino (1995) movie?,index:movies/0/bb073f283c433b5e65199779,0
What is the document identifier for the Casino (1995) movie?,index:movies/0/ce016f59df73883e9f73709e,0
"Does the Casino (1995) entry categorize the film as crime, drama, or both?",index:movies/0/61d009dab20c7022b797142b,0
"Does the Casino (1995) entry categorize the film as crime, drama, or both?",index:movies/0/853c68de2fb69fb86dedec6e,0
"Does the Casino (1995) entry categorize the film as crime, drama, or both?",index:movies/0/0a54b19ae23ad0639eaced51,0
"Does the Casino (1995) entry categorize the film as crime, drama, or both?",index:movies/0/ef48e3efa009c296f3f78f4b,0
What is the exact title tied to the document ID id:movies:movie::16?,index:movies/0/7990ad08919a76db0ffab063,0
What is the exact title tied to the document ID id:movies:movie::16?,index:movies/0/64046ffe8cdd87673c314143,0
What is the exact title tied to the document ID id:movies:movie::16?,index:movies/0/26407acdeaa3121917d79a85,0
What is the exact title tied to the document ID id:movies:movie::16?,index:movies/0/4c0cfccba82f5166738b376b,0
Is Toy Story (1995) classified as both animated and a comedy?,index:movies/0/e345fac647b4a2b605ba6be8,0
Is Toy Story (1995) classified as both animated and a comedy?,index:movies/0/752356cefb672d1d9f702818,0
Which movie is associated with the document ID id:movies:movie::16?,index:movies/0/48c8c39671451c1e715b0e5d,0
Which movie is associated with the document ID id:movies:movie::16?,index:movies/0/082a8bbf2b555580113168d9,0
Which movie is associated with the document ID id:movies:movie::16?,index:movies/0/51425b75a9fbf813b58bbb86,0
Which movie is associated with the document ID id:movies:movie::16?,index:movies/0/c24cd76ed9f8b4e921d3fbeb,0
What is the exact film title as stored in the dataset for document id id:movies:movie::7?,index:movies/0/26407acdeaa3121917d79a85,0
What is the exact film title as stored in the dataset for document id id:movies:movie::7?,index:movies/0/dfb4b0203dacc58cc4ca5ca8,0
What is the exact film title as stored in the dataset for document id id:movies:movie::7?,index:movies/0/4c0cfccba82f5166738b376b,0
What is the exact film title as stored in the dataset for document id id:movies:movie::7?,index:movies/0/d47268e97af7b1765d77fcfb,0
What are the two genres listed for the film Casino (1995)?,index:movies/0/777669af48fa8ddea01d08ad,0
What are the two genres listed for the film Casino (1995)?,index:movies/0/fb69e08f6baa777e854e1894,0
What are the two genres listed for the film Casino (1995)?,index:movies/0/0d0871f0abb90f92db4ea909,0
What are the two genres listed for the film Casino (1995)?,index:movies/0/318c3fdb24c1f9bb28dbe863,0
In what year is the Nixon film listed?,index:movies/0/b445e314606b324b2592f8d2,0
In what year is the Nixon film listed?,index:movies/0/0609154fb951fbaddf224856,0
In what year is the Nixon film listed?,index:movies/0/4764f378ed1b324e3c176ad0,0
In what year is the Nixon film listed?,index:movies/0/5031ec94d22157c2a831f328,0
What genre is Nixon (1995) categorized under?,index:movies/0/333222171a193a713cc04ea2,0
What genre is Nixon (1995) categorized under?,index:movies/0/e2ef524f5aefd6051cd06c24,0
What genre is Nixon (1995) categorized under?,index:movies/0/cb100171186c835096d34249,0
What genre is Nixon (1995) categorized under?,index:movies/0/5abdf8b81e1010fc09da12ad,0
"If I search for a film with Crime and Drama as its genres, which movie would I get from this document?",index:movies/0/7fe1f8ab831b3c125eb02163,0
"If I search for a film with Crime and Drama as its genres, which movie would I get from this document?",index:movies/0/d19b33f62cd821749abbbe9c,0
"If I search for a film with Crime and Drama as its genres, which movie would I get from this document?",index:movies/0/dc1d022f4eb8a30014fdf200,0
"If I search for a film with Crime and Drama as its genres, which movie would I get from this document?",index:movies/0/0bb4aec1aa41732ce2efefec,2
What is the document ID for Nixon (1995)?,index:movies/0/bc29e1f16f5b7698c747f938,0
What is the document ID for Nixon (1995)?,index:movies/0/671d8d05d206c0d3fe44e77f,0
What is the document ID for Nixon (1995)?,index:movies/0/bb073f283c433b5e65199779,0
What is the document ID for Nixon (1995)?,index:movies/0/f35fd5676ebe38878ee6c44c,0
"From Nixon's document ID, what is the type indicated after the collection?",index:movies/0/36bf0c2bdc1386ded077b39b,0
"From Nixon's document ID, what is the type indicated after the collection?",index:movies/0/2a34abd61c7a37bc9c0f365a,0
Which genres are listed for Heat (1995)?,index:movies/0/777669af48fa8ddea01d08ad,0
"From Nixon's document ID, what is the type indicated after the collection?",index:movies/0/e2459ae23f1b333315cb88d2,0
Which genres are listed for Heat (1995)?,index:movies/0/dc1d022f4eb8a30014fdf200,0
"From Nixon's document ID, what is the type indicated after the collection?",index:movies/0/dfb4b0203dacc58cc4ca5ca8,0
Which genres are listed for Heat (1995)?,index:movies/0/0d0871f0abb90f92db4ea909,0
Which genres are listed for Heat (1995)?,index:movies/0/fb69e08f6baa777e854e1894,0
Which field in the document holds the genre information for Nixon (1995)?,index:movies/0/671d8d05d206c0d3fe44e77f,0
Which field in the document holds the genre information for Nixon (1995)?,index:movies/0/201e5bac68ef43ef2fec0680,0
Which field in the document holds the genre information for Nixon (1995)?,index:movies/0/fe510a566eda74f111738c40,0
Which field in the document holds the genre information for Nixon (1995)?,index:movies/0/42b3ac22ed992aed5a8a1c04,0
"From Nixon's document ID, which collection does the entry belong to?",index:movies/0/8d6dc35e884c595f791e348c,0
"From Nixon's document ID, which collection does the entry belong to?",index:movies/0/9ea06a8da8b0b3da4888a20a,0
"From Nixon's document ID, which collection does the entry belong to?",index:movies/0/2e4fb1dd032c1f6d655d7322,0
"From Nixon's document ID, which collection does the entry belong to?",index:movies/0/3d839281f04d854a819065ab,0
What is the title of the film described in the document?,index:movies/0/190fd02477ffae94f5752479,2
What is the title of the film described in the document?,index:movies/0/4c0cfccba82f5166738b376b,2
What is the title of the film described in the document?,index:movies/0/d594b1a98821c7a2b19a139b,2
What is the title of the film described in the document?,index:movies/0/d7f426cccc18b61f1677b8b6,2
Can you summarize the Nixon (1995) entry as it appears in the document?,index:movies/0/f4947c60443ddd34ad9bf926,0
Can you summarize the Nixon (1995) entry as it appears in the document?,index:movies/0/eb9fc3496a7ac0e736ba7f40,0
Can you summarize the Nixon (1995) entry as it appears in the document?,index:movies/0/bb073f283c433b5e65199779,0
Can you summarize the Nixon (1995) entry as it appears in the document?,index:movies/0/c2626d850c47f192dc0bacbf,0
In what year was Jumanji released?,index:movies/0/2c89109da7ad804bef81d99a,0
In what year was Jumanji released?,index:movies/0/5e6ff78d5d6ede511e345c43,0
In what year was Jumanji released?,index:movies/0/7868a680c3c3334596eee907,0
Which genres accompany the 1995 Jumanji movie?,index:movies/0/aed50f03fda0a1295d6d3c98,0
Which genres accompany the 1995 Jumanji movie?,index:movies/0/b11c3e3a4ad6f27d399b4f8f,0
Which genres accompany the 1995 Jumanji movie?,index:movies/0/1b486d7a51e36141008e88dd,0
Which genres accompany the 1995 Jumanji movie?,index:movies/0/66f041e1303ba8047140f951,0
"What is the title of the 1995 film that is categorized as Adventure, Children, and Fantasy?",index:movies/0/f01640155c80390d903a4129,0
"What is the title of the 1995 film that is categorized as Adventure, Children, and Fantasy?",index:movies/0/0fc170ec8af09ddbb79313ef,0
"What is the title of the 1995 film that is categorized as Adventure, Children, and Fantasy?",index:movies/0/7e85ab2152628e7c714feaf1,0
"What is the title of the 1995 film that is categorized as Adventure, Children, and Fantasy?",index:movies/0/754d28966af647ff33a02b76,0
What is the document ID for the Jumanji movie described here?,index:movies/0/190fd02477ffae94f5752479,0
What is the document ID for the Jumanji movie described here?,index:movies/0/ef48e3efa009c296f3f78f4b,0
What is the document ID for the Jumanji movie described here?,index:movies/0/ac4e7a4f953eb34978151e78,0
What is the document ID for the Jumanji movie described here?,index:movies/0/adf7ee2d411a4a258663fc9f,0
Is Jumanji (1995) considered a children's movie based on its genres?,index:movies/0/b3746c4a62be7f143b847122,0
Is Jumanji (1995) considered a children's movie based on its genres?,index:movies/0/89885ff2ed15a40f7514b59d,0
Is Jumanji (1995) considered a children's movie based on its genres?,index:movies/0/721e7285cf5fd26886fd2d70,0
Is Jumanji (1995) considered a children's movie based on its genres?,index:movies/0/95e6834de9b7c870b5da4bcc,0
How would you summarize the genre mix of Jumanji (1995)?,index:movies/0/771f705282f0e6469f4ba58a,0
How would you summarize the genre mix of Jumanji (1995)?,index:movies/0/52720e00b0f4f0bc2ffa7e91,0
How would you summarize the genre mix of Jumanji (1995)?,index:movies/0/167434fa70cee7330149e57b,0
How would you summarize the genre mix of Jumanji (1995)?,index:movies/0/f766406051ab64128d9848a7,0
What genre is Father of the Bride Part II (1995)?,index:movies/0/b3b4d2db966c1ad78f899742,0
What year was Father of the Bride Part II released?,index:movies/0/5a4c857a3403277e297be93f,0
What year was Father of the Bride Part II released?,index:movies/0/7a539bf62a85938fd3a70be0,0
What year was Father of the Bride Part II released?,index:movies/0/25d11f8e4a685e1074dcfb07,0
What genres are associated with the film identified by id:movies:movie::2?,index:movies/0/48c8c39671451c1e715b0e5d,0
What genres are associated with the film identified by id:movies:movie::2?,index:movies/0/c2626d850c47f192dc0bacbf,0
What genres are associated with the film identified by id:movies:movie::2?,index:movies/0/995f5e0314de463f945b05f4,0
What genres are associated with the film identified by id:movies:movie::2?,index:movies/0/4a64d9132b45d94bc34164a6,0
What is the exact title of the 1995 comedy film in the document?,index:movies/0/d7f426cccc18b61f1677b8b6,0
What is the exact title of the 1995 comedy film in the document?,index:movies/0/61d009dab20c7022b797142b,0
What is the exact title of the 1995 comedy film in the document?,index:movies/0/0ebcc77decaf9aea39e6e915,0
What is the exact title of the 1995 comedy film in the document?,index:movies/0/3d839281f04d854a819065ab,0
What is the document ID for Father of the Bride Part II?,index:movies/0/5a4c857a3403277e297be93f,0
What is the document ID for Father of the Bride Part II?,index:movies/0/0c12b9dd3d2243956c0ed7b1,0
What is the document ID for Father of the Bride Part II?,index:movies/0/7a539bf62a85938fd3a70be0,0
What is the document ID for Father of the Bride Part II?,index:movies/0/1ecbc83ec6ee0414426c39f6,0
How is the sequel indicated in the film's title?,index:movies/0/b2bbe583a5f1e22d13ddd51f,0
How is the sequel indicated in the film's title?,index:movies/0/bbc52fb7e8c53dd96c5f56c5,0
How is the sequel indicated in the film's title?,index:movies/0/a9e18cb51c904bfa68a27520,0
How is the sequel indicated in the film's title?,index:movies/0/c36b11326cf00db13f87d3b4,0
Describe GoldenEye (1995) and its adventure and thriller classifications.,index:movies/0/0b8aff04f9364453c0702477,0
Describe GoldenEye (1995) and its adventure and thriller classifications.,index:movies/0/cfbf87098ada6636e69b7a4f,0
Describe GoldenEye (1995) and its adventure and thriller classifications.,index:movies/0/4cd5792c7d3e219565b936eb,0
Describe GoldenEye (1995) and its adventure and thriller classifications.,index:movies/0/4b8cdf6660668f8f0ae4e7c9,0
What is the year-genre combination listed for Father of the Bride Part II?,index:movies/0/c2167a4bfbf1bdf10db13367,0
What is the year-genre combination listed for Father of the Bride Part II?,index:movies/0/5a4c857a3403277e297be93f,0
What year was Balto released?,index:movies/0/f8c0c96809479853cdefeb17,0
What is the year-genre combination listed for Father of the Bride Part II?,index:movies/0/a459e47c4f2b752394cca407,0
What year was Balto released?,index:movies/0/0bb4aec1aa41732ce2efefec,0
What year was Balto released?,index:movies/0/fa654b387894d4caaef6d2d6,0
Is Balto (1995) an animated film?,index:movies/0/8b5040a82b10cf1f4d51739e,0
Is Balto (1995) an animated film?,index:movies/0/8a1ee9f2f7bf90b1b25f6e16,0
Is Balto (1995) an animated film?,index:movies/0/094286d2c3f4971a45bcb31b,0
What genres describe Balto (1995)?,index:movies/0/26f5bd4a1bcfe93771d50a92,0
What genres describe Balto (1995)?,index:movies/0/9c19a2aa1b970281ca959e78,0
What genres describe Balto (1995)?,index:movies/0/20d8c51d2afdcbc987a87ec2,0
What genres describe Balto (1995)?,index:movies/0/8a1ee9f2f7bf90b1b25f6e16,0
Is Balto (1995) intended for children?,index:movies/0/333ac5d905682bd183fb44a2,1
Is Balto (1995) intended for children?,index:movies/0/069059b764b29ae7ef12d424,1
Is Balto (1995) intended for children?,index:movies/0/86e78499944063389cf1378d,1
Is Balto (1995) intended for children?,index:movies/0/58aaee7a85541b7ad4c655ea,0
What media type is Father of the Bride Part II categorized as in the dataset?,index:movies/0/26407acdeaa3121917d79a85,0
What media type is Father of the Bride Part II categorized as in the dataset?,index:movies/0/e3d99a861f36e101c23834b1,0
What media type is Father of the Bride Part II categorized as in the dataset?,index:movies/0/61d009dab20c7022b797142b,0
Does Balto (1995) belong to the adventure genre?,index:movies/0/2e4fb1dd032c1f6d655d7322,0
Does Balto (1995) belong to the adventure genre?,index:movies/0/a6e1a96afca0db0c8c350397,0
Does Balto (1995) belong to the adventure genre?,index:movies/0/3d839281f04d854a819065ab,0
Does Balto (1995) belong to the adventure genre?,index:movies/0/a8ef1979ccd5efba9ec08f38,0
"Which movie released in 1995 has the genres Adventure, Animation, and Children?",index:movies/0/71f6e893a87abed022a8af96,0
"Which movie released in 1995 has the genres Adventure, Animation, and Children?",index:movies/0/f4947c60443ddd34ad9bf926,0
In what year was Dracula: Dead and Loving It released?,index:movies/0/0bb4aec1aa41732ce2efefec,0
In what year was Dracula: Dead and Loving It released?,index:movies/0/59e0b2651bee7cb220283a03,0
In what year was Dracula: Dead and Loving It released?,index:movies/0/113383261ed9a03fd31b7524,0
In what year was Dracula: Dead and Loving It released?,index:movies/0/31f569abfaa14303c2900f9e,0
What is Balto (1995) classified as in terms of genre?,index:movies/0/ab49ef788c7dbb25971c8351,0
What genre mix is Dracula: Dead and Loving It (1995) classified under?,index:movies/0/cfbf87098ada6636e69b7a4f,0
What is Balto (1995) classified as in terms of genre?,index:movies/0/b38e5ff5e1cd41950e800cac,0
What genre mix is Dracula: Dead and Loving It (1995) classified under?,index:movies/0/59e0b2651bee7cb220283a03,0
What is Balto (1995) classified as in terms of genre?,index:movies/0/55a7cf9ccd5b1f7af488a847,0
What genre mix is Dracula: Dead and Loving It (1995) classified under?,index:movies/0/2cfa47a64a8578d5bd4d12b3,0
What is Balto (1995) classified as in terms of genre?,index:movies/0/caaa29ea3d0b6f4e8ea7ffc9,0
What genre mix is Dracula: Dead and Loving It (1995) classified under?,index:movies/0/35f4a8d48b093cb35182063e,0
What is the full title of the movie linked to the document ID id:movies:movie::12?,index:movies/0/4c0cfccba82f5166738b376b,0
What is the full title of the movie linked to the document ID id:movies:movie::12?,index:movies/0/2e3d2c4fe662c13bc55c2ef6,0
What is the full title of the movie linked to the document ID id:movies:movie::12?,index:movies/0/9ce67bfbd0592559568d617d,0
Which genres are listed for Dracula: Dead and Loving It?,index:movies/0/dc1d022f4eb8a30014fdf200,0
Which genres are listed for Dracula: Dead and Loving It?,index:movies/0/0d0871f0abb90f92db4ea909,0
Which genres are listed for Dracula: Dead and Loving It?,index:movies/0/4a26b01ed9585106a2dbef31,0
Which genres are listed for Dracula: Dead and Loving It?,index:movies/0/538bfad21c7cda4416f56e2d,0
What is the internal document ID for Dracula: Dead and Loving It?,index:movies/0/4ced8f5209189a850430ffea,0
What is the internal document ID for Dracula: Dead and Loving It?,index:movies/0/8248a99ea128bfd2a249d6e4,0
What is the internal document ID for Dracula: Dead and Loving It?,index:movies/0/73278a4af4ccab4265e7af77,0
What is the internal document ID for Dracula: Dead and Loving It?,index:movies/0/38824fc927062f7df2b53649,0
Describe Dracula: Dead and Loving It using its comedy and horror genres.,index:movies/0/32bb90e83f1d15ed68b36e03,0
Describe Dracula: Dead and Loving It using its comedy and horror genres.,index:movies/0/ea96efc02c5b3887b9da6717,0
Describe Dracula: Dead and Loving It using its comedy and horror genres.,index:movies/0/1aa48fc4223f475e4d2d0d31,0
What is the title of the film released in 1995 that blends horror and comedy?,index:movies/0/61d009dab20c7022b797142b,0
What is the title of the film released in 1995 that blends horror and comedy?,index:movies/0/f01640155c80390d903a4129,0
What is the title of the film released in 1995 that blends horror and comedy?,index:movies/0/26657d5f48d317aa2c416e1e,0
What year was Grumpier Old Men released?,index:movies/0/d3102a0b700b85fce043bc5a,0
What year was Grumpier Old Men released?,index:movies/0/bc29e1f16f5b7698c747f938,0
Is Dracula: Dead and Loving It categorized under both comedy and horror?,index:movies/0/1ecbe14339c29962af15f845,0
Is Dracula: Dead and Loving It categorized under both comedy and horror?,index:movies/0/3ba9af18699c4e3d6c9a4c3d,0
Is Dracula: Dead and Loving It categorized under both comedy and horror?,index:movies/0/59e0b2651bee7cb220283a03,0
What genres are listed for Grumpier Old Men?,index:movies/0/dc1d022f4eb8a30014fdf200,0
What genres are listed for Grumpier Old Men?,index:movies/0/fd69dbe2a6c6e2ea97b04b13,0
What genres are listed for Grumpier Old Men?,index:movies/0/777669af48fa8ddea01d08ad,0
What genres are listed for Grumpier Old Men?,index:movies/0/29a260cedf2735a3537b4f6a,0
Is Grumpier Old Men described as a comedy film?,index:movies/0/45624a44fcc8428bfa9fc761,0
Is Grumpier Old Men described as a comedy film?,index:movies/0/b036cfa9a5268ea5b33d6bdd,0
Is Grumpier Old Men a romantic comedy?,index:movies/0/455cb265e7ceab57a5914512,0
Is Grumpier Old Men a romantic comedy?,index:movies/0/d0b6f4d813a3c1c10372cc14,0
Is Grumpier Old Men described as a romance film?,index:movies/0/c913303fe4005275d5fde6dc,0
Is Grumpier Old Men described as a romance film?,index:movies/0/3a077e8a7b4a883e88cfdea8,0
Is Grumpier Old Men described as a romance film?,index:movies/0/94351bc9a6c793c42e622f0a,0
Which 1995 movie combines comedy and romance?,index:movies/0/aed50f03fda0a1295d6d3c98,0
Which 1995 movie combines comedy and romance?,index:movies/0/7b5b23f4d41b0f99758737f8,0
Which 1995 movie combines comedy and romance?,index:movies/0/040259594bd1c452854e9b2f,2
Which 1995 movie combines comedy and romance?,index:movies/0/fe7407457b7b3d72b5140504,0
Grumpier Old Men (1995): what two genres is it categorized under?,index:movies/0/bc29e1f16f5b7698c747f938,0
Grumpier Old Men (1995): what two genres is it categorized under?,index:movies/0/a8ef1979ccd5efba9ec08f38,0
What is the genre pairing for Grumpier Old Men (1995)?,index:movies/0/f629ed9302f9d9aa25a161ed,0
What is the genre pairing for Grumpier Old Men (1995)?,index:movies/0/dc1d022f4eb8a30014fdf200,0
What is the genre pairing for Grumpier Old Men (1995)?,index:movies/0/bc29e1f16f5b7698c747f938,0
What is the genre pairing for Grumpier Old Men (1995)?,index:movies/0/97e484722098e1ab547b467d,0
What is the document ID for Sense and Sensibility (1995)?,index:movies/0/65d2ea034abdedf736cbcffe,0
What is the document ID for Sense and Sensibility (1995)?,index:movies/0/bb073f283c433b5e65199779,0
Which film entry in the document has the genres Drama and Romance?,index:movies/0/eb9fc3496a7ac0e736ba7f40,0
What is the document ID for Sense and Sensibility (1995)?,index:movies/0/e1d5be1c627bb3301b13f28b,0
Which film entry in the document has the genres Drama and Romance?,index:movies/0/8d6dc35e884c595f791e348c,0
Which film entry in the document has the genres Drama and Romance?,index:movies/0/4a64d9132b45d94bc34164a6,0
Which film entry in the document has the genres Drama and Romance?,index:movies/0/2e3d2c4fe662c13bc55c2ef6,0
What year is shown in the Sense and Sensibility title in the document?,index:movies/0/023f6fece65083d5ac848503,0
What year is shown in the Sense and Sensibility title in the document?,index:movies/0/65d2ea034abdedf736cbcffe,0
What year is shown in the Sense and Sensibility title in the document?,index:movies/0/0fc170ec8af09ddbb79313ef,0
What year is shown in the Sense and Sensibility title in the document?,index:movies/0/9a32ff3605fcea343e0fe8b3,0
How is Sense and Sensibility (1995) categorized in the dataset's metadata?,index:movies/0/818f4654d91bbc2645ce372a,0
How is Sense and Sensibility (1995) categorized in the dataset's metadata?,index:movies/0/477b02d9395c688b3f4e97b4,0
How is Sense and Sensibility (1995) categorized in the dataset's metadata?,index:movies/0/65d2ea034abdedf736cbcffe,0
How is Sense and Sensibility (1995) categorized in the dataset's metadata?,index:movies/0/1896a3bf189a017580d5f1c5,0
What is the exact title of the movie entry that includes the year 1995?,index:movies/0/5a4c857a3403277e297be93f,0
What is the exact title of the movie entry that includes the year 1995?,index:movies/0/26407acdeaa3121917d79a85,0
What is the exact title of the movie entry that includes the year 1995?,index:movies/0/7990ad08919a76db0ffab063,0
What is the exact title of the movie entry that includes the year 1995?,index:movies/0/f01640155c80390d903a4129,0
Which movie in this document is labeled as belonging to both Drama and Romance?,index:movies/0/9ea06a8da8b0b3da4888a20a,0
Which movie in this document is labeled as belonging to both Drama and Romance?,index:movies/0/859555c7eb1526d96336929f,0
Which movie in this document is labeled as belonging to both Drama and Romance?,index:movies/0/ced556cdb2c1f311f3bf3b13,0
Which movie in this document is labeled as belonging to both Drama and Romance?,index:movies/0/13d63838a77e723145ff833e,0
What two genres are associated with Sense and Sensibility in the document?,index:movies/0/bb073f283c433b5e65199779,0
What two genres are associated with Sense and Sensibility in the document?,index:movies/0/995f5e0314de463f945b05f4,0
What two genres are associated with Sense and Sensibility in the document?,index:movies/0/fb6cf28b418fbc08a6ffa5cb,0
What two genres are associated with Sense and Sensibility in the document?,index:movies/0/65d2ea034abdedf736cbcffe,0
What is the title of the movie described in the document with the ID id:movies:movie::19?,index:movies/0/4c0cfccba82f5166738b376b,0
What is the title of the movie described in the document with the ID id:movies:movie::19?,index:movies/0/d594b1a98821c7a2b19a139b,0
What is the title of the movie described in the document with the ID id:movies:movie::19?,index:movies/0/ac4e7a4f953eb34978151e78,0
What genre is Ace Ventura: When Nature Calls categorized as?,index:movies/0/801272eecb58f51c0347262f,0
What genre is Ace Ventura: When Nature Calls categorized as?,index:movies/0/b7bb35b96fb511d10cb13229,0
What genre is Ace Ventura: When Nature Calls categorized as?,index:movies/0/2e4fb1dd032c1f6d655d7322,0
What genre is Ace Ventura: When Nature Calls categorized as?,index:movies/0/5f2c22cbd360e479a76a07ea,0
In what year was Ace Ventura: When Nature Calls released?,index:movies/0/801272eecb58f51c0347262f,0
In what year was Ace Ventura: When Nature Calls released?,index:movies/0/1784bf7376752cc4156251aa,0
In what year was Ace Ventura: When Nature Calls released?,index:movies/0/b7bb35b96fb511d10cb13229,0
In what year was Ace Ventura: When Nature Calls released?,index:movies/0/5f2c22cbd360e479a76a07ea,0
Which film in the document is a 1995 comedy?,index:movies/0/0a5c79b17ea09bdb402f6895,0
Which film in the document is a 1995 comedy?,index:movies/0/4a64d9132b45d94bc34164a6,0
Which film in the document is a 1995 comedy?,index:movies/0/3d839281f04d854a819065ab,0
Which film in the document is a 1995 comedy?,index:movies/0/9ea06a8da8b0b3da4888a20a,0
What is the full display title of the 1995 comedy film Ace Ventura: When Nature Calls?,index:movies/0/5f2c22cbd360e479a76a07ea,0
What is the full display title of the 1995 comedy film Ace Ventura: When Nature Calls?,index:movies/0/801272eecb58f51c0347262f,0
What is the full display title of the 1995 comedy film Ace Ventura: When Nature Calls?,index:movies/0/2e3d2c4fe662c13bc55c2ef6,0
What is the full display title of the 1995 comedy film Ace Ventura: When Nature Calls?,index:movies/0/58881db4db53da3d8c7f1259,0
Which movie is identified by the document ID id:movies:movie::19?,index:movies/0/ff25de6e64a4a355c8039316,0
Which movie is identified by the document ID id:movies:movie::19?,index:movies/0/bb073f283c433b5e65199779,0
Which movie is identified by the document ID id:movies:movie::19?,index:movies/0/c2626d850c47f192dc0bacbf,0
Which movie is identified by the document ID id:movies:movie::19?,index:movies/0/ce016f59df73883e9f73709e,0
What is the document ID for the film Ace Ventura: When Nature Calls?,index:movies/0/13bf4a964d81cb0bb04de7ea,0
What is the document ID for the film Ace Ventura: When Nature Calls?,index:movies/0/bb073f283c433b5e65199779,0
What is the document ID for the film Ace Ventura: When Nature Calls?,index:movies/0/801272eecb58f51c0347262f,0
What is the document ID for the film Ace Ventura: When Nature Calls?,index:movies/0/c2626d850c47f192dc0bacbf,0
What basic details does the document provide about Ace Ventura: When Nature Calls?,index:movies/0/801272eecb58f51c0347262f,0
What basic details does the document provide about Ace Ventura: When Nature Calls?,index:movies/0/ff84a9f3ac6e3e8f96f1ad7a,0
What basic details does the document provide about Ace Ventura: When Nature Calls?,index:movies/0/b7bb35b96fb511d10cb13229,0
What basic details does the document provide about Ace Ventura: When Nature Calls?,index:movies/0/8a99bd1d75e853ce017c658c,0
What genres does Get Shorty (1995) belong to?,index:movies/0/4666e8bdc3be01a2b73c5fe1,0
What genres does Get Shorty (1995) belong to?,index:movies/0/ddd9dda6f65147339cceffa5,0
What genres does Get Shorty (1995) belong to?,index:movies/0/3980c69ac5488c8bcd627f70,0
What genres does Get Shorty (1995) belong to?,index:movies/0/28e209b662ab0027b77f6cae,0
What is the internal document ID for the Get Shorty movie entry?,index:movies/0/48c8c39671451c1e715b0e5d,0
What is the internal document ID for the Get Shorty movie entry?,index:movies/0/5f0238dae6e8951d1b2b2e5c,0
What is the internal document ID for the Get Shorty movie entry?,index:movies/0/ce016f59df73883e9f73709e,0
What is the internal document ID for the Get Shorty movie entry?,index:movies/0/0a16224caeaa58107a8a23e2,0
What year is indicated in the movie title Get Shorty (1995)?,index:movies/0/d37124c430098e83a64677df,1
What year is indicated in the movie title Get Shorty (1995)?,index:movies/0/082a8bbf2b555580113168d9,1
What year is indicated in the movie title Get Shorty (1995)?,index:movies/0/868b7df9b782ee57e9741888,1
What year is indicated in the movie title Get Shorty (1995)?,index:movies/0/b096577eba4d4d4604405256,1
What is the exact title of the movie associated with the ID id:movies:movie::21?,index:movies/0/6e894c0b76ede93f2d0b3ec2,0
What is the exact title of the movie associated with the ID id:movies:movie::21?,index:movies/0/26407acdeaa3121917d79a85,0
What is the exact title of the movie associated with the ID id:movies:movie::21?,index:movies/0/731d62e3a8a7b3e8e857ca11,0
What is the exact title of the movie associated with the ID id:movies:movie::21?,index:movies/0/51425b75a9fbf813b58bbb86,0
How many genres are listed for Get Shorty (1995)?,index:movies/0/51ca813b86a791265f699602,0
How many genres are listed for Get Shorty (1995)?,index:movies/0/6974ce5ae7046374e561c0c3,0
How many genres are listed for Get Shorty (1995)?,index:movies/0/3980c69ac5488c8bcd627f70,0
How many genres are listed for Get Shorty (1995)?,index:movies/0/539fd53b81701f31018c8f68,0
Is the movie Get Shorty (1995) linked to the internal ID id:movies:movie::21?,index:movies/0/c24cd76ed9f8b4e921d3fbeb,0
Is the movie Get Shorty (1995) linked to the internal ID id:movies:movie::21?,index:movies/0/41071a14bed20c23605189c6,0
Is the movie Get Shorty (1995) linked to the internal ID id:movies:movie::21?,index:movies/0/4a213d373d4ba0301dcea4b5,0
Is the movie Get Shorty (1995) linked to the internal ID id:movies:movie::21?,index:movies/0/4f5a97cf35c2c1af11a23511,0
"Which data fields are provided for the Get Shorty (1995) entry (e.g., documentid, title, genres)?",index:movies/0/eb9fc3496a7ac0e736ba7f40,0
"Which data fields are provided for the Get Shorty (1995) entry (e.g., documentid, title, genres)?",index:movies/0/2e3d2c4fe662c13bc55c2ef6,0
"Which data fields are provided for the Get Shorty (1995) entry (e.g., documentid, title, genres)?",index:movies/0/dc1d022f4eb8a30014fdf200,0
"Which data fields are provided for the Get Shorty (1995) entry (e.g., documentid, title, genres)?",index:movies/0/c2626d850c47f192dc0bacbf,0
"What is the full genre lineup for GoldenEye, the 1995 film?",index:movies/0/f8363057d337683a607b05dd,0
What are the three genres listed for Get Shorty (1995) in this record?,index:movies/0/777669af48fa8ddea01d08ad,0
"What is the full genre lineup for GoldenEye, the 1995 film?",index:movies/0/b38e5ff5e1cd41950e800cac,0
What are the three genres listed for Get Shorty (1995) in this record?,index:movies/0/f780c906e32e4af2be69598f,0
"What is the full genre lineup for GoldenEye, the 1995 film?",index:movies/0/c9181283c7c8af6febc2fc0a,0
When was Copycat released?,index:movies/0/64e6efc05ecfdd0ce0a8f32c,0
What are the three genres listed for Get Shorty (1995) in this record?,index:movies/0/de739988ef68fa9fd5f73009,0
"What is the full genre lineup for GoldenEye, the 1995 film?",index:movies/0/c8862fc1e320ba739d69c924,0
When was Copycat released?,index:movies/0/7bd28f15414aedcaace252e9,0
What are the three genres listed for Get Shorty (1995) in this record?,index:movies/0/6974ce5ae7046374e561c0c3,0
When was Copycat released?,index:movies/0/2548a4ac09b545c7a8dc9167,0
When was Copycat released?,index:movies/0/e14e5829c53d75e99e86726d,0
Is Balto (1995) categorized as animation for kids?,index:movies/0/33805671f64a33ed7ad035fb,0
Is Balto (1995) categorized as animation for kids?,index:movies/0/15d43710f5e48bca6307a098,0
Is Balto (1995) categorized as animation for kids?,index:movies/0/e139c454e2d8d1708f73aab7,0
Is Balto (1995) categorized as animation for kids?,index:movies/0/be1df9a56011cf2189195bb5,0
How many genres describe Copycat (1995)?,index:movies/0/043c3d7e1473e1bcb9c9bffc,0
How many genres describe Copycat (1995)?,index:movies/0/26f5bd4a1bcfe93771d50a92,0
How many genres describe Copycat (1995)?,index:movies/0/fc5b3186973dcbd873db12f6,0
How many genres describe Copycat (1995)?,index:movies/0/721e7285cf5fd26886fd2d70,0
What is the complete genre lineup for the movie Copycat released in 1995?,index:movies/0/31f569abfaa14303c2900f9e,0
What is the complete genre lineup for the movie Copycat released in 1995?,index:movies/0/18c7c32f93aab2b4699c2845,0
What is the complete genre lineup for the movie Copycat released in 1995?,index:movies/0/26657d5f48d317aa2c416e1e,0
What is the complete genre lineup for the movie Copycat released in 1995?,index:movies/0/61d009dab20c7022b797142b,0
Is Mystery among the genres for Copycat (1995)?,index:movies/0/777669af48fa8ddea01d08ad,0
Is Mystery among the genres for Copycat (1995)?,index:movies/0/b38e5ff5e1cd41950e800cac,0
Is Mystery among the genres for Copycat (1995)?,index:movies/0/dc1d022f4eb8a30014fdf200,0
Is Mystery among the genres for Copycat (1995)?,index:movies/0/0d0871f0abb90f92db4ea909,0
Which genre is Four Rooms categorized under in this entry?,index:movies/0/80a160ff7818fc225307ff40,0
Can you confirm if Copycat is a crime drama thriller?,index:movies/0/275d7fb261abc7c59b333784,1
Which genre is Four Rooms categorized under in this entry?,index:movies/0/24e8e78f7876434e2fae5dc6,0
Can you confirm if Copycat is a crime drama thriller?,index:movies/0/63538fe6d4671be612541d98,1
Which genre is Four Rooms categorized under in this entry?,index:movies/0/781877bda245c08b087162c0,0
Can you confirm if Copycat is a crime drama thriller?,index:movies/0/dca5672f12ddb7728fbac375,1
Which genre is Four Rooms categorized under in this entry?,index:movies/0/2e4fb1dd032c1f6d655d7322,0
"What is the title of the film associated with the genres Crime, Drama, Horror, Mystery, and Thriller?",index:movies/0/1359aa93f96c18f04e197d6b,1
"What is the title of the film associated with the genres Crime, Drama, Horror, Mystery, and Thriller?",index:movies/0/6992eedf108d735d1be24268,1
"What is the title of the film associated with the genres Crime, Drama, Horror, Mystery, and Thriller?",index:movies/0/d71dd235879f6ceb82e71f38,1
In what year is the film Four Rooms listed?,index:movies/0/0609154fb951fbaddf224856,0
In what year is the film Four Rooms listed?,index:movies/0/b445e314606b324b2592f8d2,0
In what year is the film Four Rooms listed?,index:movies/0/4764f378ed1b324e3c176ad0,0
In what year is the film Four Rooms listed?,index:movies/0/5031ec94d22157c2a831f328,0
What is the full title including the year as it appears in the entry?,index:movies/0/5a4c857a3403277e297be93f,2
What is the full title including the year as it appears in the entry?,index:movies/0/7a539bf62a85938fd3a70be0,2
What is the full title including the year as it appears in the entry?,index:movies/0/0a552abff98278f94f407ac6,2
What is the full title including the year as it appears in the entry?,index:movies/0/832635d6ea67075ed94af1ce,2
"According to the document ID, which data collection does this film belong to?",index:movies/0/3d839281f04d854a819065ab,2
"According to the document ID, which data collection does this film belong to?",index:movies/0/99cd38439f46454fc898067a,2
"According to the document ID, which data collection does this film belong to?",index:movies/0/9ea06a8da8b0b3da4888a20a,2
"According to the document ID, which data collection does this film belong to?",index:movies/0/bac9162b93ecef2d801193f0,2
"According to the document ID, what is the media type of Four Rooms?",index:movies/0/9764a09afabd87f70fe2ac1f,0
"According to the document ID, what is the media type of Four Rooms?",index:movies/0/bb073f283c433b5e65199779,0
"According to the document ID, what is the media type of Four Rooms?",index:movies/0/190fd02477ffae94f5752479,0
"According to the document ID, what is the media type of Four Rooms?",index:movies/0/f937c8fde3d9e81aace7266d,0
"If you were searching for a 1995 comedy in this document, which film would you find?",index:movies/0/870cdc09dfae8cb17c481d25,0
"If you were searching for a 1995 comedy in this document, which film would you find?",index:movies/0/2ea279ca5c74c431d0f21aa4,0
"If you were searching for a 1995 comedy in this document, which film would you find?",index:movies/0/4a64d9132b45d94bc34164a6,0
"If you were searching for a 1995 comedy in this document, which film would you find?",index:movies/0/040259594bd1c452854e9b2f,2
When was The City of Lost Children released?,index:movies/0/b9585b4154cceb1c449c97d1,0
When was The City of Lost Children released?,index:movies/0/01b6a41c44c66c2785c5ac25,0
When was The City of Lost Children released?,index:movies/0/18c7c32f93aab2b4699c2845,0
What genres are listed for Jumanji (1995)?,index:movies/0/55a7cf9ccd5b1f7af488a847,0
What genres are listed for Jumanji (1995)?,index:movies/0/6c524f9dfa15b25d2ffce6e3,0
What genres are listed for Jumanji (1995)?,index:movies/0/2c89109da7ad804bef81d99a,0
What genres are listed for Jumanji (1995)?,index:movies/0/777669af48fa8ddea01d08ad,0
What genres are listed for The City of Lost Children?,index:movies/0/fb69e08f6baa777e854e1894,0
What genres are listed for The City of Lost Children?,index:movies/0/7f24d24028b8a193e1ff43f1,0
What genres are listed for The City of Lost Children?,index:movies/0/777669af48fa8ddea01d08ad,0
"What is the English title for the film with the French title Cité des enfants perdus, La?",index:movies/0/793ec9520630f84cfeffe629,0
"What is the English title for the film with the French title Cité des enfants perdus, La?",index:movies/0/4c0cfccba82f5166738b376b,0
"What is the English title for the film with the French title Cité des enfants perdus, La?",index:movies/0/cf577c93b25fdbde2ac1f5c8,0
What is the French title of The City of Lost Children?,index:movies/0/86e78499944063389cf1378d,0
What is the French title of The City of Lost Children?,index:movies/0/333ac5d905682bd183fb44a2,0
What is the French title of The City of Lost Children?,index:movies/0/6b1800374768f793e1dca83e,0
What is the French title of The City of Lost Children?,index:movies/0/2eace51db0976912c417eb34,0
"Which 1995 film combines Adventure, Drama, Fantasy, Mystery, and Sci-Fi?",index:movies/0/c12bb3f1838b0f15be8c8acb,0
Does the film's listing include both English and French titles?,index:movies/0/754d28966af647ff33a02b76,0
Does the film's listing include both English and French titles?,index:movies/0/9523147e3c1a9ae4324c6551,0
Does the film's listing include both English and French titles?,index:movies/0/8d3369c4ad4496be820a8b85,0
Does the film's listing include both English and French titles?,index:movies/0/1107f1d9aeeed119b034df85,0
What is the document ID for The City of Lost Children movie?,index:movies/0/671d8d05d206c0d3fe44e77f,0
What is the document ID for The City of Lost Children movie?,index:movies/0/26407acdeaa3121917d79a85,0
What is the document ID for The City of Lost Children movie?,index:movies/0/c2626d850c47f192dc0bacbf,0
What genres are listed for Sense and Sensibility (1995)?,index:movies/0/e1d5be1c627bb3301b13f28b,0
What genres are listed for Sense and Sensibility (1995)?,index:movies/0/e00406143e1e7871df995ae5,0
What genres are listed for Sense and Sensibility (1995)?,index:movies/0/eb06b9dbaae4a028f10fe7d8,0
Is The City of Lost Children categorized as Sci-Fi?,index:movies/0/2557911cdb22e1e223a97b5c,0
Is The City of Lost Children categorized as Sci-Fi?,index:movies/0/bdc36378ddfe62a24bfc442c,0
Is The City of Lost Children categorized as Sci-Fi?,index:movies/0/7f657733d13e3b1304d1fecc,0
Please provide the basic details for the movie Othello released in 1995.,index:movies/0/31f569abfaa14303c2900f9e,0
Please provide the basic details for the movie Othello released in 1995.,index:movies/0/573a8843234363a36a0e5171,0
Please provide the basic details for the movie Othello released in 1995.,index:movies/0/f39c600d422b3676727d7127,0
Please provide the basic details for the movie Othello released in 1995.,index:movies/0/18c7c32f93aab2b4699c2845,0
What is the genre of the 1995 film Othello?,index:movies/0/61d009dab20c7022b797142b,0
What is the genre of the 1995 film Othello?,index:movies/0/5ef0b4eba051193611a8b484,0
What is the genre of the 1995 film Othello?,index:movies/0/ea46b042c17249c7da9b6724,0
What is the genre of the 1995 film Othello?,index:movies/0/876828056a0b799959b5dc53,0
I want to locate the Othello movie that came out in 1995.,index:movies/0/3a066bda855f5a26578bdeb2,0
I want to locate the Othello movie that came out in 1995.,index:movies/0/afdc3c619a371e3ee678ca98,0
I want to locate the Othello movie that came out in 1995.,index:movies/0/332663ee939d08e31717aeea,0
I want to locate the Othello movie that came out in 1995.,index:movies/0/bc7f621480a2a4c73e3055e0,0
Is Othello (1995) classified as a drama?,index:movies/0/77305c2f834a013394715492,0
Is Othello (1995) classified as a drama?,index:movies/0/33ceb07b24f0a02bb5663d1d,0
Is Othello (1995) classified as a drama?,index:movies/0/84d9ee44c1bedf6853f8f15e,0
Is Othello (1995) classified as a drama?,index:movies/0/cf9dc5e441815f23ed8cddca,0
Show the entry for the movie titled Othello with the year 1995.,index:movies/0/4c0cfccba82f5166738b376b,0
Show the entry for the movie titled Othello with the year 1995.,index:movies/0/5a4c857a3403277e297be93f,0
Show the entry for the movie titled Othello with the year 1995.,index:movies/0/48fa63ffe5233ac96bbfdbb9,0
Show the entry for the movie titled Othello with the year 1995.,index:movies/0/0a552abff98278f94f407ac6,0
What is the title of the film released in 1995 that is a drama?,index:movies/0/61d009dab20c7022b797142b,0
What is the title of the film released in 1995 that is a drama?,index:movies/0/f01640155c80390d903a4129,0
What is the title of the film released in 1995 that is a drama?,index:movies/0/bf8dd8c69aaf4378b9caff4a,0
What is the title of the film released in 1995 that is a drama?,index:movies/0/31f569abfaa14303c2900f9e,0
Can you confirm the year and genre for the film Othello?,index:movies/0/165c04f34a6ee473ada2ab5e,0
Can you confirm the year and genre for the film Othello?,index:movies/0/ac34ae1f3ecef8d8d36cd67e,0
Which movie in the database is Othello and was released in 1995?,index:movies/0/bb0a0a8163e0481b2fd469ad,0
Which movie in the database is Othello and was released in 1995?,index:movies/0/d19b33f62cd821749abbbe9c,0
Which movie in the database is Othello and was released in 1995?,index:movies/0/df9f792c7b4d75d61dde7901,0
Which movie in the database is Othello and was released in 1995?,index:movies/0/818f4654d91bbc2645ce372a,0
What genres are listed for Persuasion (1995)?,index:movies/0/9426c3111238b5bce3830529,0
What genres are listed for Persuasion (1995)?,index:movies/0/7f24d24028b8a193e1ff43f1,0
What genres are listed for Persuasion (1995)?,index:movies/0/3980c69ac5488c8bcd627f70,0
What genres are listed for Persuasion (1995)?,index:movies/0/777669af48fa8ddea01d08ad,0
What is the unique document ID for Persuasion (1995)?,index:movies/0/38181d992f49c27d5500ef0d,0
What is the unique document ID for Persuasion (1995)?,index:movies/0/671d8d05d206c0d3fe44e77f,0
What is the unique document ID for Persuasion (1995)?,index:movies/0/b2330fc495c40119ccac5e7b,0
What is the unique document ID for Persuasion (1995)?,index:movies/0/42b3ac22ed992aed5a8a1c04,0
What year is associated with Persuasion in this document?,index:movies/0/194310277ceb78a7016e3cdd,0
What year is associated with Persuasion in this document?,index:movies/0/48c8c39671451c1e715b0e5d,0
What year is associated with Persuasion in this document?,index:movies/0/d19b33f62cd821749abbbe9c,0
What year is associated with Persuasion in this document?,index:movies/0/efdde87cad263f8a2ac240df,0
Is the movie Persuasion (1995) labeled as both drama and romance?,index:movies/0/ef48e3efa009c296f3f78f4b,0
Is the movie Persuasion (1995) labeled as both drama and romance?,index:movies/0/c8cd63e12bf74c1e8a4e58d9,0
Is the movie Persuasion (1995) labeled as both drama and romance?,index:movies/0/99e20654face693bc44f0833,0
Is the movie Persuasion (1995) labeled as both drama and romance?,index:movies/0/08bf786ccfd5fe76fd472716,0
What is the exact title used for the 1995 film in the record?,index:movies/0/61d009dab20c7022b797142b,0
What is the exact title used for the 1995 film in the record?,index:movies/0/c7d0e7e297077a99e2dfbe39,0
What is the exact title used for the 1995 film in the record?,index:movies/0/25ddc0f895195b2c722f0e9b,0
What is the exact title used for the 1995 film in the record?,index:movies/0/0609154fb951fbaddf224856,0
How many genres does Persuasion (1995) have according to the entry?,index:movies/0/8d6dc35e884c595f791e348c,0
How many genres does Persuasion (1995) have according to the entry?,index:movies/0/de7092ba4a4cf90ad449249a,0
How many genres does Persuasion (1995) have according to the entry?,index:movies/0/f4947c60443ddd34ad9bf926,0
How many genres does Persuasion (1995) have according to the entry?,index:movies/0/36bf0c2bdc1386ded077b39b,0
Are Drama and Romance the only genres assigned to Persuasion (1995)?,index:movies/0/cf9dc5e441815f23ed8cddca,0
Are Drama and Romance the only genres assigned to Persuasion (1995)?,index:movies/0/26f5bd4a1bcfe93771d50a92,0
Are Drama and Romance the only genres assigned to Persuasion (1995)?,index:movies/0/c8cd63e12bf74c1e8a4e58d9,0
Are Drama and Romance the only genres assigned to Persuasion (1995)?,index:movies/0/9ff7c9eb418b94a3acaeb387,0
What year is Twelve Monkeys listed as released?,index:movies/0/ad00c9a4a255e80cb17442a4,0
What year is Twelve Monkeys listed as released?,index:movies/0/bf25356f58d8d3b4de1f4d91,0
What year is Twelve Monkeys listed as released?,index:movies/0/652d0eea3ec26e93fccd02e5,0
"If I want to verify the film's genres in the dataset, which two genres should I expect to see for Persuasion (1995)?",index:movies/0/1cecc7a7d97d1f0dd77857ea,0
"If I want to verify the film's genres in the dataset, which two genres should I expect to see for Persuasion (1995)?",index:movies/0/9edb6b9bed6634feb1cb29b0,0
"If I want to verify the film's genres in the dataset, which two genres should I expect to see for Persuasion (1995)?",index:movies/0/2e3d2c4fe662c13bc55c2ef6,0
"If I want to verify the film's genres in the dataset, which two genres should I expect to see for Persuasion (1995)?",index:movies/0/71f6e893a87abed022a8af96,0
What alternate title is shown for Twelve Monkeys in the entry?,index:movies/0/dc1d022f4eb8a30014fdf200,0
What alternate title is shown for Twelve Monkeys in the entry?,index:movies/0/46fc943edad758592f285d16,0
What alternate title is shown for Twelve Monkeys in the entry?,index:movies/0/be3087e7ebaa18734d624555,0
What alternate title is shown for Twelve Monkeys in the entry?,index:movies/0/08b4e7782b15dfb2c41ee446,0
Which three genres are attributed to the film Twelve Monkeys?,index:movies/0/05ce0ec4a4646c70818b5bbc,0
Which three genres are attributed to the film Twelve Monkeys?,index:movies/0/331316d491d2d13e9201f1ad,0
Which three genres are attributed to the film Twelve Monkeys?,index:movies/0/b1b0432c365b7691c45236cb,0
Which three genres are attributed to the film Twelve Monkeys?,index:movies/0/de739988ef68fa9fd5f73009,0
Is Twelve Monkeys also known as 12 Monkeys?,index:movies/0/d210cf3704c94d9f956bc1f1,0
Is Twelve Monkeys also known as 12 Monkeys?,index:movies/0/39a252fefdba3527e745f3a7,0
Is Twelve Monkeys also known as 12 Monkeys?,index:movies/0/be3087e7ebaa18734d624555,0
What is the document ID for this movie entry?,index:movies/0/bb073f283c433b5e65199779,0
What is the document ID for this movie entry?,index:movies/0/c2626d850c47f192dc0bacbf,0
What is the document ID for this movie entry?,index:movies/0/8d6dc35e884c595f791e348c,0
What is the document ID for this movie entry?,index:movies/0/eb9fc3496a7ac0e736ba7f40,0
What is the document identifier for the movie Four Rooms?,index:movies/0/bb073f283c433b5e65199779,0
What is the document identifier for the movie Four Rooms?,index:movies/0/b3186e439eec839a9d27a6e0,0
What is the document identifier for the movie Four Rooms?,index:movies/0/4a5cfa92b5201da3ebad026f,0
What is the document identifier for the movie Four Rooms?,index:movies/0/fe510a566eda74f111738c40,0
"What is the full movie title as shown in the entry, including the year?",index:movies/0/5a4c857a3403277e297be93f,2
"What is the full movie title as shown in the entry, including the year?",index:movies/0/4c0cfccba82f5166738b376b,2
"What is the full movie title as shown in the entry, including the year?",index:movies/0/7a539bf62a85938fd3a70be0,2
"What is the full movie title as shown in the entry, including the year?",index:movies/0/200681417535c0aafd182c44,2
"Which movie entry lists the year 1995 and includes the genres Mystery, Sci-Fi, and Thriller?",index:movies/0/fb69e08f6baa777e854e1894,1
"Which movie entry lists the year 1995 and includes the genres Mystery, Sci-Fi, and Thriller?",index:movies/0/ba8e2e45ad8eefd8d4891b5b,0
"Which movie entry lists the year 1995 and includes the genres Mystery, Sci-Fi, and Thriller?",index:movies/0/1f50893f00832c66444f79f9,0
What genres are listed for Now and Then (1995)?,index:movies/0/777669af48fa8ddea01d08ad,0
What genres are listed for Now and Then (1995)?,index:movies/0/fb69e08f6baa777e854e1894,0
What genres are listed for Now and Then (1995)?,index:movies/0/ee0c1616738974e13294269f,0
What genres are listed for Now and Then (1995)?,index:movies/0/dc1d022f4eb8a30014fdf200,0
Is the 1995 movie Now and Then also categorized as a drama?,index:movies/0/7a98af17a90f5942201da8bc,0
Is the 1995 movie Now and Then also categorized as a drama?,index:movies/0/818f4654d91bbc2645ce372a,0
Is the 1995 movie Now and Then also categorized as a drama?,index:movies/0/c1fea2707e0b64ac9dba74a0,0
What is the title of the 1995 film that falls under the genres Children and Drama?,index:movies/0/61d009dab20c7022b797142b,0
What is the title of the 1995 film that falls under the genres Children and Drama?,index:movies/0/1b486d7a51e36141008e88dd,0
What is the title of the 1995 film that falls under the genres Children and Drama?,index:movies/0/fb5c2bc198d7dd33075ffd5a,0
Is Now and Then considered a children's film?,index:movies/0/333ac5d905682bd183fb44a2,0
Is Now and Then considered a children's film?,index:movies/0/069059b764b29ae7ef12d424,0
Is Now and Then considered a children's film?,index:movies/0/86e78499944063389cf1378d,0
What are the exact words used to indicate the alternate title after the main title in the entry?,index:movies/0/5f7f8eff7f1867069710ba43,0
What are the exact words used to indicate the alternate title after the main title in the entry?,index:movies/0/0e2c2cfc6ee3395986febab8,2
What are the exact words used to indicate the alternate title after the main title in the entry?,index:movies/0/9debda21188e8b1e71e36056,2
What are the exact words used to indicate the alternate title after the main title in the entry?,index:movies/0/7990ad08919a76db0ffab063,0
How would you describe the genre mix of Now and Then (1995)?,index:movies/0/7a98af17a90f5942201da8bc,0
How would you describe the genre mix of Now and Then (1995)?,index:movies/0/eb160de114afb7f566468c6b,0
How would you describe the genre mix of Now and Then (1995)?,index:movies/0/15a01980e85a15858e13af7b,0
Can you share basic information about Now and Then from 1995?,index:movies/0/36bf0c2bdc1386ded077b39b,0
Can you share basic information about Now and Then from 1995?,index:movies/0/f576be8a1f0b42591317838f,0
Can you share basic information about Now and Then from 1995?,index:movies/0/7f24d24028b8a193e1ff43f1,0
Can you share basic information about Now and Then from 1995?,index:movies/0/04ecb1fa7164657e17483efb,0
Which movie released in 1995 has the title Now and Then?,index:movies/0/bb0a0a8163e0481b2fd469ad,0
Which movie released in 1995 has the title Now and Then?,index:movies/0/df9f792c7b4d75d61dde7901,0
Which movie released in 1995 has the title Now and Then?,index:movies/0/7a98af17a90f5942201da8bc,0
Which movie released in 1995 has the title Now and Then?,index:movies/0/9dd2943ac7274504e10d225a,0
In what year was Shanghai Triad released?,index:movies/0/0bb4aec1aa41732ce2efefec,0
In what year was Shanghai Triad released?,index:movies/0/06997f044382a576bc727608,0
In what year was Shanghai Triad released?,index:movies/0/f3ac63c97ab0009db10604cb,0
In what year was Shanghai Triad released?,index:movies/0/4f7b884f51ab5cc03edd295e,0
Is Shanghai Triad categorized as a crime drama?,index:movies/0/7e587b3b1a4ad0eb3b1bf3bd,0
Is Shanghai Triad categorized as a crime drama?,index:movies/0/f2217062946aa9716655f640,0
Is Shanghai Triad categorized as a crime drama?,index:movies/0/bc6ed32ab75e232b581df37b,0
What is the parenthetical subtitle listed with Shanghai Triad?,index:movies/0/868838bd5d80e460299079b8,0
What is the parenthetical subtitle listed with Shanghai Triad?,index:movies/0/df877f38aec4b78256cb73d7,0
What is the parenthetical subtitle listed with Shanghai Triad?,index:movies/0/c1de1daca9ca0424449d828a,0
What is the parenthetical subtitle listed with Shanghai Triad?,index:movies/0/e11c667bc10273b4ab6bb7af,0
Does Copycat belong to the horror genre?,index:movies/0/4666e8bdc3be01a2b73c5fe1,0
Does Copycat belong to the horror genre?,index:movies/0/28e209b662ab0027b77f6cae,0
Does Copycat belong to the horror genre?,index:movies/0/e0c79d998062b442e5aa2f1f,0
Does Copycat belong to the horror genre?,index:movies/0/261d86d9eb9bc6f9dfb4b9f7,0
Does the document show a non-English title for Shanghai Triad?,index:movies/0/92a4d8e655eae8a7152cc799,0
Does the document show a non-English title for Shanghai Triad?,index:movies/0/80a160ff7818fc225307ff40,0
Does the document show a non-English title for Shanghai Triad?,index:movies/0/42b3ac22ed992aed5a8a1c04,0
Does the document show a non-English title for Shanghai Triad?,index:movies/0/b8ccd282fbcf677fe48c7060,0
"What is the full title of the film as listed, including the year and alternate title?",index:movies/0/5f7f8eff7f1867069710ba43,2
"What is the full title of the film as listed, including the year and alternate title?",index:movies/0/02d6717caa1bff6c827df34c,2
"What is the full title of the film as listed, including the year and alternate title?",index:movies/0/35cd7a1a76fe500e25d5ac72,2
"What is the full title of the film as listed, including the year and alternate title?",index:movies/0/f263d0d2262ac6e79a769819,2
What genres are listed for Copycat (1995)?,index:movies/0/777669af48fa8ddea01d08ad,0
What genres are listed for Copycat (1995)?,index:movies/0/72d28dbd8c7182bd456fb8a2,0
What genres are listed for Copycat (1995)?,index:movies/0/ef50c335dab8643373eeddf0,0
What genres are listed for Copycat (1995)?,index:movies/0/07042ac78eb7342d1825b0d9,0
What is the document ID for the Shanghai Triad entry?,index:movies/0/71f6e893a87abed022a8af96,0
What is the document ID for the Shanghai Triad entry?,index:movies/0/bb073f283c433b5e65199779,0
What is the document ID for the Shanghai Triad entry?,index:movies/0/c2626d850c47f192dc0bacbf,0
Which film is identified as a crime drama in the document?,index:movies/0/0a16224caeaa58107a8a23e2,0
What is the document ID for the Shanghai Triad entry?,index:movies/0/ce016f59df73883e9f73709e,0
Which film is identified as a crime drama in the document?,index:movies/0/eb9fc3496a7ac0e736ba7f40,0
Which film is identified as a crime drama in the document?,index:movies/0/20878ac5ca987f0345bb3ee3,0
Which film is identified as a crime drama in the document?,index:movies/0/ad7d16b504e79fbc7350ba71,0
Which year is associated with the film Dangerous Minds in this document?,index:movies/0/d19b33f62cd821749abbbe9c,0
Which year is associated with the film Dangerous Minds in this document?,index:movies/0/fb6cf28b418fbc08a6ffa5cb,0
Which year is associated with the film Dangerous Minds in this document?,index:movies/0/a0a8f64f1ee61314f1a2bafb,0
Which year is associated with the film Dangerous Minds in this document?,index:movies/0/fd95ec8d1b031216a06139f2,0
What is the genre of Dangerous Minds (1995)?,index:movies/0/f766406051ab64128d9848a7,0
What is the genre of Dangerous Minds (1995)?,index:movies/0/7a70c8310c4f73e72fad085e,0
What is the genre of Dangerous Minds (1995)?,index:movies/0/8eefcfdfeea96462d0819906,0
What is the genre of Dangerous Minds (1995)?,index:movies/0/1d3b7f1f0a8098c71c9566ef,0
What is the document ID for the movie Dangerous Minds (1995)?,index:movies/0/b52340b4bce5639b35547c9d,0
What is the document ID for the movie Dangerous Minds (1995)?,index:movies/0/671d8d05d206c0d3fe44e77f,0
What is the document ID for the movie Dangerous Minds (1995)?,index:movies/0/754d28966af647ff33a02b76,0
What is the exact title of the 1995 drama film listed in this record?,index:movies/0/9dd2943ac7274504e10d225a,0
What is the exact title of the 1995 drama film listed in this record?,index:movies/0/99e20654face693bc44f0833,0
What is the exact title of the 1995 drama film listed in this record?,index:movies/0/0609154fb951fbaddf224856,0
Is Dangerous Minds from 1995 classified as a drama?,index:movies/0/8eefcfdfeea96462d0819906,0
Is Dangerous Minds from 1995 classified as a drama?,index:movies/0/fb6cf28b418fbc08a6ffa5cb,0
Is Dangerous Minds from 1995 classified as a drama?,index:movies/0/2a0f97f81769cf102b2e1eb6,0
Which 1995 comedy film has Part II in its title?,index:movies/0/48fdfbaefee4296ca9deb7b6,0
Which 1995 comedy film has Part II in its title?,index:movies/0/2b45e8d6d718c5add11d84e2,0
Which 1995 comedy film has Part II in its title?,index:movies/0/ad972f1094299ce0115ad530,0
Which 1995 comedy film has Part II in its title?,index:movies/0/7b5b23f4d41b0f99758737f8,0
Could you provide the title and genre for the record with ID id:movies:movie::31?,index:movies/0/73f9ddba8d5cb3c861497842,0
Could you provide the title and genre for the record with ID id:movies:movie::31?,index:movies/0/777669af48fa8ddea01d08ad,0
Could you provide the title and genre for the record with ID id:movies:movie::31?,index:movies/0/e712521fde32bd606d29dd42,0
Could you provide the title and genre for the record with ID id:movies:movie::31?,index:movies/0/4c0cfccba82f5166738b376b,0
What genres are listed for Money Train (1995)?,index:movies/0/777669af48fa8ddea01d08ad,0
What genres are listed for Money Train (1995)?,index:movies/0/b2ea5e97dcc9343c4aabb36e,0
What genres are listed for Money Train (1995)?,index:movies/0/dc1d022f4eb8a30014fdf200,0
What genres are listed for Money Train (1995)?,index:movies/0/3db11d2517a628aaeed0f378,0
In what year was Money Train released?,index:movies/0/eeda7b9823b05d2d2e10536a,0
In what year was Money Train released?,index:movies/0/a6101db12997315dcd5c0509,0
In what year was Money Train released?,index:movies/0/853db3a8dcce11f4dc53af1b,0
In what year was Money Train released?,index:movies/0/0bb4aec1aa41732ce2efefec,0
Which film in the dataset is categorized as Drama and has the title Dangerous Minds (1995)?,index:movies/0/818f4654d91bbc2645ce372a,0
Which film in the dataset is categorized as Drama and has the title Dangerous Minds (1995)?,index:movies/0/7a70c8310c4f73e72fad085e,0
Which film in the dataset is categorized as Drama and has the title Dangerous Minds (1995)?,index:movies/0/e8d24133a802ded35609e94b,0
Which film in the dataset is categorized as Drama and has the title Dangerous Minds (1995)?,index:movies/0/947d5162d5432162c6f075d0,0
Does Money Train blend both drama and thriller elements?,index:movies/0/90c83839df484046fce14a51,0
Does Money Train blend both drama and thriller elements?,index:movies/0/22da7834c0191fe56d7585ea,0
Does Money Train blend both drama and thriller elements?,index:movies/0/4cd5792c7d3e219565b936eb,0
Does Money Train blend both drama and thriller elements?,index:movies/0/59dfa2df021e5c4ab505c59d,0
How would you categorize Money Train in terms of genre?,index:movies/0/e2459ae23f1b333315cb88d2,0
How would you categorize Money Train in terms of genre?,index:movies/0/b38e5ff5e1cd41950e800cac,0
How would you categorize Money Train in terms of genre?,index:movies/0/0e744e86b7154ad8dcdc30d2,0
How would you categorize Money Train in terms of genre?,index:movies/0/61f57271eebbed200a4a3548,0
"Which film has the title Money Train and includes Action, Comedy, Crime, Drama, and Thriller?",index:movies/0/4cd5792c7d3e219565b936eb,0
"Which film has the title Money Train and includes Action, Comedy, Crime, Drama, and Thriller?",index:movies/0/cf2ee7de8886d0334a013c3a,0
"Which film has the title Money Train and includes Action, Comedy, Crime, Drama, and Thriller?",index:movies/0/3e9f0fc9f7a59a0b5b688210,0
What is the full genre listing for the movie Money Train (1995)?,index:movies/0/671d8d05d206c0d3fe44e77f,0
What is the full genre listing for the movie Money Train (1995)?,index:movies/0/ac34ae1f3ecef8d8d36cd67e,0
What is the full genre listing for the movie Money Train (1995)?,index:movies/0/110eec230971f5d26b4e789f,0
What is the full genre listing for the movie Money Train (1995)?,index:movies/0/19d19f93f1b78bf1906bd1e7,0
What genres is Leaving Las Vegas (1995) categorized under?,index:movies/0/349f36aacc995049a80b3105,0
What genres is Leaving Las Vegas (1995) categorized under?,index:movies/0/333222171a193a713cc04ea2,0
"If I’m looking for a movie that mixes Action and Comedy, would Money Train be a match?",index:movies/0/671d8d05d206c0d3fe44e77f,1
"If I’m looking for a movie that mixes Action and Comedy, would Money Train be a match?",index:movies/0/6ea3f1875c8d1992f703e294,2
"If I’m looking for a movie that mixes Action and Comedy, would Money Train be a match?",index:movies/0/6c5d509eafcd4fb7a514a5b3,2
"If I’m looking for a movie that mixes Action and Comedy, would Money Train be a match?",index:movies/0/95b9529822c8860a848a7f12,0
Is Leaving Las Vegas a drama film or a romance film?,index:movies/0/94351bc9a6c793c42e622f0a,0
Which 1995 film has both Drama and Romance genres and is titled Leaving Las Vegas?,index:movies/0/3c1e4bd6314d3f064a8c18bb,0
Which 1995 film has both Drama and Romance genres and is titled Leaving Las Vegas?,index:movies/0/da0b5663f385b3921bf6407b,0
What year is shown in the title Leaving Las Vegas (1995)?,index:movies/0/f0fcf3510bba42a425d63c68,0
What year is shown in the title Leaving Las Vegas (1995)?,index:movies/0/4a213d373d4ba0301dcea4b5,0
What year is shown in the title Leaving Las Vegas (1995)?,index:movies/0/5f285e4c1ff7a6a213259fa4,0
What year is shown in the title Leaving Las Vegas (1995)?,index:movies/0/eb163727e450f8c21b3c8c0e,0
What year was Now and Then released?,index:movies/0/0bb4aec1aa41732ce2efefec,0
What year was Now and Then released?,index:movies/0/fa654b387894d4caaef6d2d6,0
What year was Now and Then released?,index:movies/0/7cda6d95c05a49fc9d10f29e,0
"What is the official title of the movie described as having Action, Comedy, Crime, Drama, and Thriller?",index:movies/0/853c68de2fb69fb86dedec6e,2
"What is the official title of the movie described as having Action, Comedy, Crime, Drama, and Thriller?",index:movies/0/6de4bfe925408764b2bda46f,1
"What is the official title of the movie described as having Action, Comedy, Crime, Drama, and Thriller?",index:movies/0/7d8752a23ecd4c201c52976f,1
"What is the official title of the movie described as having Action, Comedy, Crime, Drama, and Thriller?",index:movies/0/3f67fd97aa996e57e919e0fa,0
What is the unique identifier id for the movie Leaving Las Vegas (1995) in this dataset?,index:movies/0/fe510a566eda74f111738c40,0
What is the unique identifier id for the movie Leaving Las Vegas (1995) in this dataset?,index:movies/0/de5eeca56a1a63129fc0c577,0
What are the genres of the movie Leaving Las Vegas listed in the document?,index:movies/0/02d6717caa1bff6c827df34c,0
What is the unique identifier id for the movie Leaving Las Vegas (1995) in this dataset?,index:movies/0/26407acdeaa3121917d79a85,0
What are the genres of the movie Leaving Las Vegas listed in the document?,index:movies/0/47d01fad19c17950fce795a7,0
What is the unique identifier id for the movie Leaving Las Vegas (1995) in this dataset?,index:movies/0/48fa63ffe5233ac96bbfdbb9,0
What are the genres of the movie Leaving Las Vegas listed in the document?,index:movies/0/318c3fdb24c1f9bb28dbe863,0
What are the genres of the movie Leaving Las Vegas listed in the document?,index:movies/0/48c8c39671451c1e715b0e5d,0
What are the genres of the 1995 film Assassins?,index:movies/0/b356e7ae57d299109e023dfa,0
What are the genres of the 1995 film Assassins?,index:movies/0/110eec230971f5d26b4e789f,0
What are the genres of the 1995 film Assassins?,index:movies/0/1ce4fe042882b9c5ae3a8133,0
What are the genres of the 1995 film Assassins?,index:movies/0/61d009dab20c7022b797142b,0
In what year was Assassins released?,index:movies/0/d010396c5a94e24ece75a3f9,0
In what year was Assassins released?,index:movies/0/0bb4aec1aa41732ce2efefec,0
In what year was Assassins released?,index:movies/0/fa654b387894d4caaef6d2d6,0
In what year was Assassins released?,index:movies/0/d27b95ca5235414361bc209c,0
What is the document ID for the movie Assassins (1995)?,index:movies/0/671d8d05d206c0d3fe44e77f,0
What is the document ID for the movie Assassins (1995)?,index:movies/0/201e5bac68ef43ef2fec0680,0
What is the document ID for the movie Assassins (1995)?,index:movies/0/51425b75a9fbf813b58bbb86,0
"Is Assassins (1995) categorized as Action, Crime, and Thriller?",index:movies/0/cf9dc5e441815f23ed8cddca,0
"Is Assassins (1995) categorized as Action, Crime, and Thriller?",index:movies/0/3f67fd97aa996e57e919e0fa,0
"Is Assassins (1995) categorized as Action, Crime, and Thriller?",index:movies/0/443cb0011ce4a891bf1a70e3,0
What is the title of the movie with document ID id:movies:movie::23?,index:movies/0/4c0cfccba82f5166738b376b,0
What is the title of the movie with document ID id:movies:movie::23?,index:movies/0/c24cd76ed9f8b4e921d3fbeb,0
What is the title of the movie with document ID id:movies:movie::23?,index:movies/0/dbec0010aa04d6e006825b96,0
What genre categories does the movie Assassins belong to according to the record?,index:movies/0/718518cc65928a212b5fcba1,0
What genre categories does the movie Assassins belong to according to the record?,index:movies/0/e712521fde32bd606d29dd42,0
What genre categories does the movie Assassins belong to according to the record?,index:movies/0/e55d1ebc2c2e8f97b165a184,0
What genre categories does the movie Assassins belong to according to the record?,index:movies/0/7e8d7e5ce67a3a2616b0b36f,0
What are the genres linked to the movie titled Assassins from 1995 in this document?,index:movies/0/8d6dc35e884c595f791e348c,0
What are the genres linked to the movie titled Assassins from 1995 in this document?,index:movies/0/2e3d2c4fe662c13bc55c2ef6,0
What are the genres linked to the movie titled Assassins from 1995 in this document?,index:movies/0/2eace51db0976912c417eb34,0
What are the genres linked to the movie titled Assassins from 1995 in this document?,index:movies/0/c2626d850c47f192dc0bacbf,0
What genres describe Powder (1995)?,index:movies/0/26f5bd4a1bcfe93771d50a92,0
What genres describe Powder (1995)?,index:movies/0/bf424cb77303379ce38bed4c,0
What genres describe Powder (1995)?,index:movies/0/d28d296bd433e7603a0e1c78,0
What genres describe Powder (1995)?,index:movies/0/9c19a2aa1b970281ca959e78,0
In what year was Powder released?,index:movies/0/0bb4aec1aa41732ce2efefec,0
In what year was Powder released?,index:movies/0/fa654b387894d4caaef6d2d6,0
In what year was Powder released?,index:movies/0/93d656410944981640c39e7a,0
In what year was Powder released?,index:movies/0/c85b2ea9581949b18d632647,0
What genres are associated with Powder (1995) in its metadata?,index:movies/0/477b02d9395c688b3f4e97b4,0
What genres are associated with Powder (1995) in its metadata?,index:movies/0/de4d03125c140e851fb629ce,0
What genres are associated with Powder (1995) in its metadata?,index:movies/0/a5d19fec891d7805278cc6a8,0
What genres are associated with Powder (1995) in its metadata?,index:movies/0/46515dcd784def7506901d66,0
What is the full title and release year of the film Powder?,index:movies/0/0fb630b865936613fcebd94d,0
What is the full title and release year of the film Powder?,index:movies/0/cdd7730359a5c328834881d1,0
What is the full title and release year of the film Powder?,index:movies/0/d6356382747af94b2aa30b02,0
What is the full title and release year of the film Powder?,index:movies/0/fb5c2bc198d7dd33075ffd5a,0
"If I search by Powder's title, which genres should I expect to see?",index:movies/0/9dd2943ac7274504e10d225a,0
"If I search by Powder's title, which genres should I expect to see?",index:movies/0/a1addb553722d1572ea92e82,0
"If I search by Powder's title, which genres should I expect to see?",index:movies/0/0d98b597a699241981ce544a,0
"If I search by Powder's title, which genres should I expect to see?",index:movies/0/a8ef1979ccd5efba9ec08f38,0
"Would Powder be considered a drama, a science-fiction film, or both?",index:movies/0/296472c9981653f7c51537e0,0
"Would Powder be considered a drama, a science-fiction film, or both?",index:movies/0/54007efbf51f1ac7d0857bca,0
"Would Powder be considered a drama, a science-fiction film, or both?",index:movies/0/f730b308265f2da2268b7a89,0
"Would Powder be considered a drama, a science-fiction film, or both?",index:movies/0/fb5c2bc198d7dd33075ffd5a,0
"Is Powder listed as Drama, Sci-Fi, or both in its genre tags?",index:movies/0/29e11ea89da5cd911a68d7fd,0
"Is Powder listed as Drama, Sci-Fi, or both in its genre tags?",index:movies/0/1f9b616f0333f6f6a97ef6d7,0
"Is Powder listed as Drama, Sci-Fi, or both in its genre tags?",index:movies/0/1dfcb07cf2239762635ad4b8,0
"Is Powder listed as Drama, Sci-Fi, or both in its genre tags?",index:movies/0/d012c462c9c6214566363032,0
"What is Cry, the Beloved Country (1995) and which genre does it belong to?",index:movies/0/6bfc65ceb22669363e9348d4,0
"What is Cry, the Beloved Country (1995) and which genre does it belong to?",index:movies/0/5f0453f708f7ce5a82a8a7c7,0
"What is Cry, the Beloved Country (1995) and which genre does it belong to?",index:movies/0/daca9fa0fffb83998834db8c,0
Which film from 1995 carries the title Powder and what genres does it belong to?,index:movies/0/a8ef1979ccd5efba9ec08f38,0
Which film from 1995 carries the title Powder and what genres does it belong to?,index:movies/0/565e8a41a62c2be62a9880df,0
Which film from 1995 carries the title Powder and what genres does it belong to?,index:movies/0/1b486d7a51e36141008e88dd,0
Which film from 1995 carries the title Powder and what genres does it belong to?,index:movies/0/61995373eae2fcf0e5864be3,0
"Find the 1995 drama movie titled Cry, the Beloved Country.",index:movies/0/6bfc65ceb22669363e9348d4,0
"Find the 1995 drama movie titled Cry, the Beloved Country.",index:movies/0/281715cae72b6c3c611ebdd8,0
"Find the 1995 drama movie titled Cry, the Beloved Country.",index:movies/0/36e729ecf932bdc86e8d9b50,0
"Is Cry, the Beloved Country a drama film from 1995?",index:movies/0/281715cae72b6c3c611ebdd8,0
"Is Cry, the Beloved Country a drama film from 1995?",index:movies/0/36e729ecf932bdc86e8d9b50,0
"Is Cry, the Beloved Country a drama film from 1995?",index:movies/0/41bfd20a2196b8e5cd21d66c,0
"What is the genre of Cry, the Beloved Country (1995)?",index:movies/0/6bfc65ceb22669363e9348d4,0
"What is the genre of Cry, the Beloved Country (1995)?",index:movies/0/8d25153b912f891e15c05dc7,0
"What is the genre of Cry, the Beloved Country (1995)?",index:movies/0/71daadbb2e913a4d0a220384,0
"Provide details for the Cry, the Beloved Country (1995) film in the drama category.",index:movies/0/922f9d897df68c6b8e65dc86,0
"Provide details for the Cry, the Beloved Country (1995) film in the drama category.",index:movies/0/0581675fd699dd1e3eb04ece,0
"Provide details for the Cry, the Beloved Country (1995) film in the drama category.",index:movies/0/0b794a030000904ce9499546,0
"Which film released in 1995 is called Cry, the Beloved Country and categorized as drama?",index:movies/0/6bfc65ceb22669363e9348d4,0
What details are given about the film with ID id:movies:movie::31 in this document?,index:movies/0/c2626d850c47f192dc0bacbf,0
"Which film released in 1995 is called Cry, the Beloved Country and categorized as drama?",index:movies/0/5eac43ac1e6aa05553d73d67,0
What details are given about the film with ID id:movies:movie::31 in this document?,index:movies/0/8d6dc35e884c595f791e348c,0
"Which film released in 1995 is called Cry, the Beloved Country and categorized as drama?",index:movies/0/f2217062946aa9716655f640,0
What details are given about the film with ID id:movies:movie::31 in this document?,index:movies/0/b5b51ea9c639f70dd900e65f,0
What details are given about the film with ID id:movies:movie::31 in this document?,index:movies/0/0e2c2cfc6ee3395986febab8,0
"Give me information on Cry, the Beloved Country, the drama movie released in 1995.",index:movies/0/4ebd440d5cd2492e52e181ce,0
"Give me information on Cry, the Beloved Country, the drama movie released in 1995.",index:movies/0/1e747ddbd52763d7b933fdb2,0
"Give me information on Cry, the Beloved Country, the drama movie released in 1995.",index:movies/0/6bfc65ceb22669363e9348d4,0
What genres does Dead Presidents (1995) belong to?,index:movies/0/2e4fb1dd032c1f6d655d7322,0
What genres does Dead Presidents (1995) belong to?,index:movies/0/8d9fc23056b77400de2f5e48,0
What genres does Dead Presidents (1995) belong to?,index:movies/0/b4c4ba249a0862dbbc9d242e,0
What genres does Dead Presidents (1995) belong to?,index:movies/0/26f5bd4a1bcfe93771d50a92,0
In what year was Dead Presidents released?,index:movies/0/e0e931dc12b31aff3aefb543,0
In what year was Dead Presidents released?,index:movies/0/0bb4aec1aa41732ce2efefec,0
In what year was Dead Presidents released?,index:movies/0/24188e3c77665f85ff5b611e,0
In what year was Dead Presidents released?,index:movies/0/ce393994a7a00c2af6dec1a0,0
"Is Dead Presidents categorized as an action, crime, and drama film?",index:movies/0/26f5bd4a1bcfe93771d50a92,0
"Is Dead Presidents categorized as an action, crime, and drama film?",index:movies/0/3e9f0fc9f7a59a0b5b688210,0
What are the three genres associated with Dead Presidents (1995)?,index:movies/0/48c8c39671451c1e715b0e5d,0
What are the three genres associated with Dead Presidents (1995)?,index:movies/0/721e7285cf5fd26886fd2d70,0
What are the three genres associated with Dead Presidents (1995)?,index:movies/0/26f5bd4a1bcfe93771d50a92,0
What are the three genres associated with Dead Presidents (1995)?,index:movies/0/6ba3af5da9f0a07841fb869a,0
Which film released in 1995 is titled Assassins?,index:movies/0/d010396c5a94e24ece75a3f9,0
Which film released in 1995 is titled Assassins?,index:movies/0/c81e155ddbf30bb2ab87d49e,0
Which film released in 1995 is titled Assassins?,index:movies/0/ae4503ecf49b09aecd3157ed,0
Which film released in 1995 is titled Assassins?,index:movies/0/9dd2943ac7274504e10d225a,0
"If I want an action crime drama from this document, which title should I pick?",index:movies/0/0fc170ec8af09ddbb79313ef,0
"If I want an action crime drama from this document, which title should I pick?",index:movies/0/d19b33f62cd821749abbbe9c,0
"If I want an action crime drama from this document, which title should I pick?",index:movies/0/3ad9ecf44d19c6702d28cc19,0
"If I want an action crime drama from this document, which title should I pick?",index:movies/0/870cdc09dfae8cb17c481d25,0
What is the title and year of the movie described by the document?,index:movies/0/d594b1a98821c7a2b19a139b,2
What is the title and year of the movie described by the document?,index:movies/0/4c0cfccba82f5166738b376b,2
What is the exact title of the film listed with the ID id:movies:movie::42?,index:movies/0/0609154fb951fbaddf224856,0
What is the exact title of the film listed with the ID id:movies:movie::42?,index:movies/0/99e20654face693bc44f0833,0
What is the exact title of the film listed with the ID id:movies:movie::42?,index:movies/0/88eb513f46257054090b4965,0
What is the exact title of the film listed with the ID id:movies:movie::42?,index:movies/0/5f7f8eff7f1867069710ba43,0
When was It Takes Two released?,index:movies/0/92a08bf9cf7ac78fbc5dc924,0
When was It Takes Two released?,index:movies/0/3472ab80f6fd6ef7e5052f91,0
When was It Takes Two released?,index:movies/0/2517756ceffac6b32531edbf,0
What is the title of the 1995 film in the document?,index:movies/0/4c0cfccba82f5166738b376b,0
What is the title of the 1995 film in the document?,index:movies/0/61d009dab20c7022b797142b,0
What is the title of the 1995 film in the document?,index:movies/0/1ecbc83ec6ee0414426c39f6,0
What is the title of the 1995 film in the document?,index:movies/0/b030afbb8a1b078fb956a6a5,0
Which genres are assigned to It Takes Two in the record?,index:movies/0/761efc84daf800cd742e5270,0
Which genres are assigned to It Takes Two in the record?,index:movies/0/1ce4fe042882b9c5ae3a8133,0
Which genres are assigned to It Takes Two in the record?,index:movies/0/92a08bf9cf7ac78fbc5dc924,0
Which genres are assigned to It Takes Two in the record?,index:movies/0/dcf6070a4333681536e7b263,0
Does the document classify It Takes Two as a children's film?,index:movies/0/c2626d850c47f192dc0bacbf,0
Does the document classify It Takes Two as a children's film?,index:movies/0/92b78b60024647e7c4b5cfac,0
Does the document classify It Takes Two as a children's film?,index:movies/0/b2435a2d0158a16e784515bb,0
Does the document classify It Takes Two as a children's film?,index:movies/0/929eaf7a37b6f99f0bc70bb9,0
What two genres are listed for It Takes Two?,index:movies/0/ba3e9b6a32ce867af7c45bed,0
What two genres are listed for It Takes Two?,index:movies/0/777669af48fa8ddea01d08ad,0
What two genres are listed for It Takes Two?,index:movies/0/92a08bf9cf7ac78fbc5dc924,0
What are It Takes Two's release year and genres as recorded in the document?,index:movies/0/48c8c39671451c1e715b0e5d,0
What are It Takes Two's release year and genres as recorded in the document?,index:movies/0/bd83f54c15e07bd424890887,0
What are It Takes Two's release year and genres as recorded in the document?,index:movies/0/9debda21188e8b1e71e36056,0
What are It Takes Two's release year and genres as recorded in the document?,index:movies/0/2e3d2c4fe662c13bc55c2ef6,0
Is It Takes Two categorized under both Children and Comedy?,index:movies/0/754d28966af647ff33a02b76,0
Is It Takes Two categorized under both Children and Comedy?,index:movies/0/75e3b8370370f406ec3c3293,0
Is It Takes Two categorized under both Children and Comedy?,index:movies/0/b2435a2d0158a16e784515bb,0
What year was Pocahontas released?,index:movies/0/0e4c762a9b172ebf886695ef,0
What year was Pocahontas released?,index:movies/0/35b47299575b900056d1fec6,0
What year was Pocahontas released?,index:movies/0/fa654b387894d4caaef6d2d6,0
What year was Pocahontas released?,index:movies/0/0bb4aec1aa41732ce2efefec,0
Is Pocahontas (1995) an animated film?,index:movies/0/a68259545c835f7e312c4cfc,0
Is Pocahontas (1995) an animated film?,index:movies/0/1cecc7a7d97d1f0dd77857ea,0
Is Pocahontas (1995) an animated film?,index:movies/0/194310277ceb78a7016e3cdd,0
Is Pocahontas (1995) an animated film?,index:movies/0/074e24ca7fab9f83dd79e111,0
Is Pocahontas a musical?,index:movies/0/1cecc7a7d97d1f0dd77857ea,1
Is Pocahontas a musical?,index:movies/0/1eb590c189335ffc7a38e215,1
Is Pocahontas a musical?,index:movies/0/004bd77f5b2a608f5953db6e,2
Is Pocahontas a musical?,index:movies/0/2a34abd61c7a37bc9c0f365a,2
Is Pocahontas (1995) aimed at children?,index:movies/0/cf5ff72c94d87f30a2eb8cde,0
Is Pocahontas (1995) aimed at children?,index:movies/0/b0b183c2b378efd97ea2978a,0
Is Pocahontas (1995) aimed at children?,index:movies/0/955cb5679c231b6c1e5969e1,0
Is Pocahontas (1995) aimed at children?,index:movies/0/4203345f880c2aaa9b0543f1,0
What is the title of the drama romance movie listed in this document?,index:movies/0/ef48e3efa009c296f3f78f4b,0
What is the title of the drama romance movie listed in this document?,index:movies/0/9dd2943ac7274504e10d225a,0
What is the title of the drama romance movie listed in this document?,index:movies/0/38824fc927062f7df2b53649,2
What is the title of the drama romance movie listed in this document?,index:movies/0/0e2c2cfc6ee3395986febab8,0
Do drama and romance appear among Pocahontas's genres?,index:movies/0/c6927253ed30f19782ac2883,0
Do drama and romance appear among Pocahontas's genres?,index:movies/0/b8e9529908b2153fdd0d1cc2,0
Do drama and romance appear among Pocahontas's genres?,index:movies/0/9219adc5144eeaff09a5ea83,0
Do drama and romance appear among Pocahontas's genres?,index:movies/0/ff4d5fbbc97aa83edd085802,0
Which genres accompany the animation listing for Pocahontas (1995)?,index:movies/0/fe510a566eda74f111738c40,0
Which genres accompany the animation listing for Pocahontas (1995)?,index:movies/0/7a70c8310c4f73e72fad085e,0
Which genres accompany the animation listing for Pocahontas (1995)?,index:movies/0/707e46ef5bafccc34d9a1f15,0
Which genres accompany the animation listing for Pocahontas (1995)?,index:movies/0/2e3d2c4fe662c13bc55c2ef6,0
What is the internal ID of the Dead Presidents movie in the dataset?,index:movies/0/5e1d9155ac6f754daed87971,0
What is the internal ID of the Dead Presidents movie in the dataset?,index:movies/0/2315578062ab06bd44ea5e65,0
What is the internal ID of the Dead Presidents movie in the dataset?,index:movies/0/d4cd3a4f474d43fd081c0f00,0
How many genres are listed for Pocahontas (1995)?,index:movies/0/29a260cedf2735a3537b4f6a,0
How many genres are listed for Pocahontas (1995)?,index:movies/0/7f24d24028b8a193e1ff43f1,0
How many genres are listed for Pocahontas (1995)?,index:movies/0/877a9ba7553a7c54a3529d77,0
How many genres are listed for Pocahontas (1995)?,index:movies/0/6c524f9dfa15b25d2ffce6e3,0
What genres are listed for the 1995 film To Die For?,index:movies/0/0d0871f0abb90f92db4ea909,0
What genres are listed for the 1995 film To Die For?,index:movies/0/777669af48fa8ddea01d08ad,0
What genres are listed for the 1995 film To Die For?,index:movies/0/ac34ae1f3ecef8d8d36cd67e,0
What genres are listed for the 1995 film To Die For?,index:movies/0/7f24d24028b8a193e1ff43f1,0
How is the 1995 movie To Die For genre-classified?,index:movies/0/0f9cafd0afdf040ae6e13a92,0
How is the 1995 movie To Die For genre-classified?,index:movies/0/cbb9ebf39fd97d63fd91b2c5,0
How is the 1995 movie To Die For genre-classified?,index:movies/0/02e44424b8401cff2b236581,0
"What is the genre mix for To Die For, released in 1995?",index:movies/0/441563c6ac8a1a0b6a74ff2f,0
"What is the genre mix for To Die For, released in 1995?",index:movies/0/ca46c1b975f183d40bd9f117,0
"What is the genre mix for To Die For, released in 1995?",index:movies/0/bd13546297fefe13c9da5b1a,0
Does the document classify It Takes Two as a comedy?,index:movies/0/a5442d14140c2091513cd599,0
Does the document classify It Takes Two as a comedy?,index:movies/0/b2435a2d0158a16e784515bb,0
Does the document classify It Takes Two as a comedy?,index:movies/0/51425b75a9fbf813b58bbb86,0
Does the document classify It Takes Two as a comedy?,index:movies/0/fdef3ecf9daaf9a3e60c84f9,0
Which genres describe the film To Die For (1995)?,index:movies/0/26f5bd4a1bcfe93771d50a92,0
Which genres describe the film To Die For (1995)?,index:movies/0/ae4503ecf49b09aecd3157ed,0
Which genres describe the film To Die For (1995)?,index:movies/0/02e44424b8401cff2b236581,0
Which genres describe the film To Die For (1995)?,index:movies/0/0d0871f0abb90f92db4ea909,0
How would you categorize the 1995 film To Die For by genre?,index:movies/0/441563c6ac8a1a0b6a74ff2f,0
How would you categorize the 1995 film To Die For by genre?,index:movies/0/0f9cafd0afdf040ae6e13a92,0
How would you categorize the 1995 film To Die For by genre?,index:movies/0/9266b83e54be4c16bf0cc5a9,0
Tell me about the genre combination of the 1995 film To Die For.,index:movies/0/99e20654face693bc44f0833,0
Tell me about the genre combination of the 1995 film To Die For.,index:movies/0/42e7aaa8a5fde732c06fd734,0
Tell me about the genre combination of the 1995 film To Die For.,index:movies/0/b356e7ae57d299109e023dfa,0
Tell me about the genre combination of the 1995 film To Die For.,index:movies/0/414e773d703c25d32db26b4d,0
What are the genre categories for To Die For (1995) according to the document?,index:movies/0/441563c6ac8a1a0b6a74ff2f,0
What are the genre categories for To Die For (1995) according to the document?,index:movies/0/777669af48fa8ddea01d08ad,0
What are the genre categories for To Die For (1995) according to the document?,index:movies/0/fe510a566eda74f111738c40,0
What are the genre categories for To Die For (1995) according to the document?,index:movies/0/671d8d05d206c0d3fe44e77f,0
In what year was the movie Seven (also known as Se7en) released?,index:movies/0/739cf5421474a4fac3a3c09f,0
In what year was the movie Seven (also known as Se7en) released?,index:movies/0/573a8843234363a36a0e5171,0
In what year was the movie Seven (also known as Se7en) released?,index:movies/0/884ce4bb1bccb30c47b46ed8,0
In what year was the movie Seven (also known as Se7en) released?,index:movies/0/04eb7ca148ac433652414145,0
What genres describe the film Seven (Se7en)?,index:movies/0/26f5bd4a1bcfe93771d50a92,0
What genres describe the film Seven (Se7en)?,index:movies/0/bf424cb77303379ce38bed4c,0
What genres describe the film Seven (Se7en)?,index:movies/0/f4947c60443ddd34ad9bf926,0
What genres describe the film Seven (Se7en)?,index:movies/0/c2626d850c47f192dc0bacbf,0
Tell me about the 1995 film Seven with the alternative title Se7en.,index:movies/0/0e2c2cfc6ee3395986febab8,0
Tell me about the 1995 film Seven with the alternative title Se7en.,index:movies/0/1bb91f73ba3745b59f354c06,0
Tell me about the 1995 film Seven with the alternative title Se7en.,index:movies/0/99e20654face693bc44f0833,0
Tell me about the 1995 film Seven with the alternative title Se7en.,index:movies/0/4c0cfccba82f5166738b376b,0
Is Seven the same movie as Se7en released in 1995?,index:movies/0/573a8843234363a36a0e5171,0
Is Seven the same movie as Se7en released in 1995?,index:movies/0/bb0a0a8163e0481b2fd469ad,0
Is Seven the same movie as Se7en released in 1995?,index:movies/0/3a066bda855f5a26578bdeb2,0
Is Seven the same movie as Se7en released in 1995?,index:movies/0/2a34abd61c7a37bc9c0f365a,0
What is the title of the 1995 mystery thriller film also known as Se7en?,index:movies/0/0609154fb951fbaddf224856,0
What is the title of the 1995 mystery thriller film also known as Se7en?,index:movies/0/ab49ef788c7dbb25971c8351,0
What is the title of the 1995 mystery thriller film also known as Se7en?,index:movies/0/5531a5839afe44cb36a43fbc,0
What is the title of the 1995 mystery thriller film also known as Se7en?,index:movies/0/35cd7a1a76fe500e25d5ac72,0
Describe the film Seven that is listed under the genres Mystery and Thriller.,index:movies/0/318c3fdb24c1f9bb28dbe863,0
Describe the film Seven that is listed under the genres Mystery and Thriller.,index:movies/0/02d6717caa1bff6c827df34c,0
Describe the film Seven that is listed under the genres Mystery and Thriller.,index:movies/0/47d01fad19c17950fce795a7,0
Give me information on the movie Seven from 1995.,index:movies/0/36bf0c2bdc1386ded077b39b,0
Give me information on the movie Seven from 1995.,index:movies/0/08bf786ccfd5fe76fd472716,0
Give me information on the movie Seven from 1995.,index:movies/0/de7092ba4a4cf90ad449249a,0
Give me information on the movie Seven from 1995.,index:movies/0/8d6dc35e884c595f791e348c,0
"In what year was Cry, the Beloved Country released as a drama film?",index:movies/0/6bfc65ceb22669363e9348d4,0
"In what year was Cry, the Beloved Country released as a drama film?",index:movies/0/2afc4dfb88bb82c8d1aab57c,0
"In what year was Cry, the Beloved Country released as a drama film?",index:movies/0/fa654b387894d4caaef6d2d6,0
What genre is Restoration (1995) classified under?,index:movies/0/cf9dc5e441815f23ed8cddca,0
What genre is Restoration (1995) classified under?,index:movies/0/443cb0011ce4a891bf1a70e3,0
What genre is Restoration (1995) classified under?,index:movies/0/e345fac647b4a2b605ba6be8,0
What genre is Restoration (1995) classified under?,index:movies/0/9ff7c9eb418b94a3acaeb387,0
Which movie in this record has the identifier id:movies:movie::43?,index:movies/0/48c8c39671451c1e715b0e5d,0
Which movie in this record has the identifier id:movies:movie::43?,index:movies/0/e712521fde32bd606d29dd42,0
Which movie in this record has the identifier id:movies:movie::43?,index:movies/0/cc9b3c691061db62f336cb7d,0
Which movie in this record has the identifier id:movies:movie::43?,index:movies/0/6ee69d370344d6be1a680f58,0
What is the title and release year of the drama film in this document?,index:movies/0/5a4c857a3403277e297be93f,2
What is the title and release year of the drama film in this document?,index:movies/0/0bb4aec1aa41732ce2efefec,0
What is the title and release year of the drama film in this document?,index:movies/0/7cda6d95c05a49fc9d10f29e,0
What is the title and release year of the drama film in this document?,index:movies/0/f01640155c80390d903a4129,0
What metadata fields are provided for Restoration (1995) in this entry?,index:movies/0/93e27b2bd77ca493b50b8902,0
What metadata fields are provided for Restoration (1995) in this entry?,index:movies/0/8d6dc35e884c595f791e348c,0
What metadata fields are provided for Restoration (1995) in this entry?,index:movies/0/7158cdf55881cd93800b77ac,0
What metadata fields are provided for Restoration (1995) in this entry?,index:movies/0/671d8d05d206c0d3fe44e77f,0
In what year was Restoration released according to this document?,index:movies/0/9debda21188e8b1e71e36056,0
In what year was Restoration released according to this document?,index:movies/0/0bb4aec1aa41732ce2efefec,0
In what year was Restoration released according to this document?,index:movies/0/99cd38439f46454fc898067a,0
In what year was Restoration released according to this document?,index:movies/0/e7634a108e86182b8a692963,0
What is the genre tag attached to Restoration (1995)?,index:movies/0/29e11ea89da5cd911a68d7fd,0
What is the genre tag attached to Restoration (1995)?,index:movies/0/56a465c9c4c5b9d03106da7b,0
What is the genre tag attached to Restoration (1995)?,index:movies/0/33b3214df92735d7e7008180,0
What is the genre tag attached to Restoration (1995)?,index:movies/0/7990ad08919a76db0ffab063,0
What is the internal document ID for Leaving Las Vegas (1995)?,index:movies/0/22f47001b44e19974c4c7ce1,0
What is the internal document ID for Leaving Las Vegas (1995)?,index:movies/0/13bf4a964d81cb0bb04de7ea,0
What is the internal document ID for Leaving Las Vegas (1995)?,index:movies/0/8248a99ea128bfd2a249d6e4,0
What is the internal document ID for Leaving Las Vegas (1995)?,index:movies/0/59dfa2df021e5c4ab505c59d,0
What are the document ID and title for the film Restoration (1995)?,index:movies/0/2e3d2c4fe662c13bc55c2ef6,0
What are the document ID and title for the film Restoration (1995)?,index:movies/0/71f6e893a87abed022a8af96,0
What are the document ID and title for the film Restoration (1995)?,index:movies/0/8d6dc35e884c595f791e348c,0
What are the document ID and title for the film Restoration (1995)?,index:movies/0/0fc170ec8af09ddbb79313ef,0
What is the document ID for the movie Richard III (1995)?,index:movies/0/671d8d05d206c0d3fe44e77f,0
What is the document ID for the movie Richard III (1995)?,index:movies/0/f723d4c92bc1f76466e6250f,0
What is the document ID for the movie Richard III (1995)?,index:movies/0/0c12b9dd3d2243956c0ed7b1,0
What is the document ID for the movie Richard III (1995)?,index:movies/0/995f5e0314de463f945b05f4,0
"Is Richard III (1995) considered a drama film, a war film, or both?",index:movies/0/fb5c2bc198d7dd33075ffd5a,0
"Is Richard III (1995) considered a drama film, a war film, or both?",index:movies/0/1175defd2413a1bab30ce12b,0
"Is Richard III (1995) considered a drama film, a war film, or both?",index:movies/0/ef2e814b366c1c41d1f73e10,0
What is the title of the film released in 1995 that is categorized as Drama and War?,index:movies/0/61d009dab20c7022b797142b,0
What is the title of the film released in 1995 that is categorized as Drama and War?,index:movies/0/333222171a193a713cc04ea2,0
What is the title of the film released in 1995 that is categorized as Drama and War?,index:movies/0/e2ef524f5aefd6051cd06c24,1
Which entry describes a drama film titled Restoration?,index:movies/0/26f5bd4a1bcfe93771d50a92,0
Which entry describes a drama film titled Restoration?,index:movies/0/ad7d16b504e79fbc7350ba71,0
Which entry describes a drama film titled Restoration?,index:movies/0/7990ad08919a76db0ffab063,0
Which entry describes a drama film titled Restoration?,index:movies/0/0fc170ec8af09ddbb79313ef,0
In what year was Richard III released according to this record?,index:movies/0/702f6dad0c0e3ff3c51b6c8b,0
In what year was Richard III released according to this record?,index:movies/0/9debda21188e8b1e71e36056,0
In what year was Richard III released according to this record?,index:movies/0/952af98ae656fe24bd0a0215,0
In what year was Richard III released according to this record?,index:movies/0/15231a7ca9f62d463300a311,0
What are the two genre tags attached to Richard III (1995)?,index:movies/0/daca9fa0fffb83998834db8c,0
What are the two genre tags attached to Richard III (1995)?,index:movies/0/0a3b6f64dae41923debd3750,0
How would I search for the film named Richard III with the year 1995 in this dataset?,index:movies/0/606555cf2544979f3177517a,0
What are the two genre tags attached to Richard III (1995)?,index:movies/0/77195c4e86d511770b90e229,0
How would I search for the film named Richard III with the year 1995 in this dataset?,index:movies/0/33b879e72fb1db01fabc2cbe,0
What are the two genre tags attached to Richard III (1995)?,index:movies/0/daeda29c1bcd4bb92b013681,0
How would I search for the film named Richard III with the year 1995 in this dataset?,index:movies/0/aff48cd118c98b22d2672a2d,0
How would I search for the film named Richard III with the year 1995 in this dataset?,index:movies/0/b8ccd282fbcf677fe48c7060,0
"What genres are listed for Usual Suspects, The (1995)?",index:movies/0/777669af48fa8ddea01d08ad,0
"What genres are listed for Usual Suspects, The (1995)?",index:movies/0/fb69e08f6baa777e854e1894,0
"What genres are listed for Usual Suspects, The (1995)?",index:movies/0/ac34ae1f3ecef8d8d36cd67e,0
"When was Usual Suspects, The (1995) released?",index:movies/0/50abc3e74e6faad287f12ff7,0
"When was Usual Suspects, The (1995) released?",index:movies/0/853db3a8dcce11f4dc53af1b,0
"When was Usual Suspects, The (1995) released?",index:movies/0/d19b33f62cd821749abbbe9c,0
"Is Usual Suspects, The (1995) a crime, mystery, and thriller film?",index:movies/0/3e9f0fc9f7a59a0b5b688210,0
"Is Usual Suspects, The (1995) a crime, mystery, and thriller film?",index:movies/0/0609154fb951fbaddf224856,0
"Describe the 1995 film Usual Suspects, The in terms of its genres.",index:movies/0/b38e5ff5e1cd41950e800cac,0
"Describe the 1995 film Usual Suspects, The in terms of its genres.",index:movies/0/0609154fb951fbaddf224856,0
"Describe the 1995 film Usual Suspects, The in terms of its genres.",index:movies/0/dabd8d2c25f7879a30156355,0
What genres is Pocahontas (1995) classified under?,index:movies/0/5b8add2a45c268f58203c7c7,0
What genres is Pocahontas (1995) classified under?,index:movies/0/bc7f621480a2a4c73e3055e0,0
What genres is Pocahontas (1995) classified under?,index:movies/0/12a2752058fd66435a6426a1,0
What genres is Pocahontas (1995) classified under?,index:movies/0/2cad8fa4b64938943f6bd2f8,0
"Which movie from 1995 is categorized under Crime, Mystery, and Thriller?",index:movies/0/9978e9e968a11e3cafadad39,0
"Which movie from 1995 is categorized under Crime, Mystery, and Thriller?",index:movies/0/8a1276c2ffad044fe8cde9e1,0
"Which movie from 1995 is categorized under Crime, Mystery, and Thriller?",index:movies/0/043c3d7e1473e1bcb9c9bffc,0
"Which movie from 1995 is categorized under Crime, Mystery, and Thriller?",index:movies/0/4a2cde3c61ab390b3277f38b,0
"What is the document ID for Usual Suspects, The (1995)?",index:movies/0/b52340b4bce5639b35547c9d,0
"What is the document ID for Usual Suspects, The (1995)?",index:movies/0/33e7dd5a028865a942ef8f47,0
"What is the document ID for Usual Suspects, The (1995)?",index:movies/0/8a1e808b2aa596e627ebadc3,0
"What is the document ID for Usual Suspects, The (1995)?",index:movies/0/0a5c79b17ea09bdb402f6895,0
What is the exact title used for the 1995 film in this document?,index:movies/0/7990ad08919a76db0ffab063,0
What is the exact title used for the 1995 film in this document?,index:movies/0/754d28966af647ff33a02b76,0
What is the exact title used for the 1995 film in this document?,index:movies/0/fe510a566eda74f111738c40,0
What is the exact title used for the 1995 film in this document?,index:movies/0/42b3ac22ed992aed5a8a1c04,0
What year was Mighty Aphrodite released?,index:movies/0/fa654b387894d4caaef6d2d6,0
What year was Mighty Aphrodite released?,index:movies/0/0bb4aec1aa41732ce2efefec,0
What year was Mighty Aphrodite released?,index:movies/0/aa942ab242c47c7dabe471bd,0
What year was Mighty Aphrodite released?,index:movies/0/cf0d02ec6aa8c78e531686e4,0
"Are Crime and Thriller the only genres for Usual Suspects, The (1995), or does Mystery also apply?",index:movies/0/b38e5ff5e1cd41950e800cac,0
"Are Crime and Thriller the only genres for Usual Suspects, The (1995), or does Mystery also apply?",index:movies/0/318c3fdb24c1f9bb28dbe863,0
"Are Crime and Thriller the only genres for Usual Suspects, The (1995), or does Mystery also apply?",index:movies/0/02d6717caa1bff6c827df34c,0
What is the document ID for the film Mighty Aphrodite?,index:movies/0/0fb630b865936613fcebd94d,0
What is the document ID for the film Mighty Aphrodite?,index:movies/0/3b80213d44e99cf086ed0e40,0
What is the document ID for the film Mighty Aphrodite?,index:movies/0/1ecbc83ec6ee0414426c39f6,0
What are the genres listed for Mighty Aphrodite (1995)?,index:movies/0/7f24d24028b8a193e1ff43f1,0
What are the genres listed for Mighty Aphrodite (1995)?,index:movies/0/777669af48fa8ddea01d08ad,0
What are the genres listed for Mighty Aphrodite (1995)?,index:movies/0/b24af9189eda68acb55b233a,0
What are the genres listed for Mighty Aphrodite (1995)?,index:movies/0/b38e5ff5e1cd41950e800cac,0
What is the exact title of the movie that has the document ID id:movies:movie::52?,index:movies/0/26407acdeaa3121917d79a85,0
What is the exact title of the movie that has the document ID id:movies:movie::52?,index:movies/0/64046ffe8cdd87673c314143,0
What is the exact title of the movie that has the document ID id:movies:movie::52?,index:movies/0/4c0cfccba82f5166738b376b,0
What is the exact title of the movie that has the document ID id:movies:movie::52?,index:movies/0/f01640155c80390d903a4129,0
How many genres is Mighty Aphrodite categorized under in the record?,index:movies/0/5c341d1099b620b1ab0530f4,0
How many genres is Mighty Aphrodite categorized under in the record?,index:movies/0/43a90564c3e51f7268762c75,0
How many genres is Mighty Aphrodite categorized under in the record?,index:movies/0/bbcbff5c20814ff899f10258,0
How many genres is Mighty Aphrodite categorized under in the record?,index:movies/0/3b5020bb78b822327a507e5e,0
Which movie entry corresponds to the ID id:movies:movie::52?,index:movies/0/c24cd76ed9f8b4e921d3fbeb,0
Which movie entry corresponds to the ID id:movies:movie::52?,index:movies/0/7cca4a94a3be8cec83d29285,0
Which movie entry corresponds to the ID id:movies:movie::52?,index:movies/0/c2626d850c47f192dc0bacbf,0
Which movie entry corresponds to the ID id:movies:movie::52?,index:movies/0/8d6dc35e884c595f791e348c,0
Which data fields are included for Mighty Aphrodite in the document?,index:movies/0/9ea06a8da8b0b3da4888a20a,0
Which data fields are included for Mighty Aphrodite in the document?,index:movies/0/fc146be021c031f998415a06,0
Which data fields are included for Mighty Aphrodite in the document?,index:movies/0/93db85edaf5e60e9286759b7,0
Which data fields are included for Mighty Aphrodite in the document?,index:movies/0/a64a034c13a6537a68d8fc30,0
Is Mighty Aphrodite associated with more than one genre in this document?,index:movies/0/80a160ff7818fc225307ff40,0
Is Mighty Aphrodite associated with more than one genre in this document?,index:movies/0/98fb20226e7367704b974a0b,0
Is Mighty Aphrodite associated with more than one genre in this document?,index:movies/0/bca611e33f39beecc9677720,0
Is Mighty Aphrodite associated with more than one genre in this document?,index:movies/0/2e4fb1dd032c1f6d655d7322,0
What year is listed in the Dead Man Walking title in this record?,index:movies/0/ef48e3efa009c296f3f78f4b,0
What year is listed in the Dead Man Walking title in this record?,index:movies/0/9dd2943ac7274504e10d225a,0
What year is listed in the Dead Man Walking title in this record?,index:movies/0/f231f2104b06758542a7d266,0
What year is listed in the Dead Man Walking title in this record?,index:movies/0/777669af48fa8ddea01d08ad,0
Which movie has the alternate title Se7en and belongs to Mystery and Thriller?,index:movies/0/4ec65e1f31c59ae92c493d93,0
Which movie has the alternate title Se7en and belongs to Mystery and Thriller?,index:movies/0/8d34201a813cea30502cd549,0
Which movie has the alternate title Se7en and belongs to Mystery and Thriller?,index:movies/0/f263d0d2262ac6e79a769819,0
Which movie has the alternate title Se7en and belongs to Mystery and Thriller?,index:movies/0/1eb0bb2558189fcbed8fe9e9,0
What genres are listed for Dead Man Walking in the entry?,index:movies/0/29a260cedf2735a3537b4f6a,0
What genres are listed for Dead Man Walking in the entry?,index:movies/0/de7092ba4a4cf90ad449249a,0
What genres are listed for Dead Man Walking in the entry?,index:movies/0/8d6dc35e884c595f791e348c,0
What genres are listed for Dead Man Walking in the entry?,index:movies/0/f231f2104b06758542a7d266,0
What is the document ID for the movie Dead Man Walking?,index:movies/0/de7092ba4a4cf90ad449249a,0
What is the document ID for the movie Dead Man Walking?,index:movies/0/022898bb823d1eb25bba1352,0
What is the document ID for the movie Dead Man Walking?,index:movies/0/31f569abfaa14303c2900f9e,0
What is the document ID for the movie Dead Man Walking?,index:movies/0/5705e11607d889c920adf28d,0
Are both Crime and Drama listed as genres for Dead Man Walking?,index:movies/0/ef48e3efa009c296f3f78f4b,0
Are both Crime and Drama listed as genres for Dead Man Walking?,index:movies/0/54ee290e8787c7ca264109bb,0
Are both Crime and Drama listed as genres for Dead Man Walking?,index:movies/0/dc1d022f4eb8a30014fdf200,0
Are both Crime and Drama listed as genres for Dead Man Walking?,index:movies/0/4a26b01ed9585106a2dbef31,0
Which film corresponds to the document identifier id:movies:movie::36?,index:movies/0/bb073f283c433b5e65199779,0
Which film corresponds to the document identifier id:movies:movie::36?,index:movies/0/c2626d850c47f192dc0bacbf,0
Which film corresponds to the document identifier id:movies:movie::36?,index:movies/0/e92e1b47db92a1ebf9b2c9c3,0
Which film corresponds to the document identifier id:movies:movie::36?,index:movies/0/4a64d9132b45d94bc34164a6,0
"Which fields are included for this movie entry (documentid, title, genres)?",index:movies/0/2e3d2c4fe662c13bc55c2ef6,2
"Which fields are included for this movie entry (documentid, title, genres)?",index:movies/0/dd39fad8de64cad8eea63793,2
"Which fields are included for this movie entry (documentid, title, genres)?",index:movies/0/dc1d022f4eb8a30014fdf200,2
"Which fields are included for this movie entry (documentid, title, genres)?",index:movies/0/c76fe711bab58a95e82dbe42,2
What two genres does the catalog assign to Dead Man Walking?,index:movies/0/f4e3ce3ec168da66df18647e,0
What two genres does the catalog assign to Dead Man Walking?,index:movies/0/de7092ba4a4cf90ad449249a,0
What two genres does the catalog assign to Dead Man Walking?,index:movies/0/6d60817674b35f9772997562,0
What two genres does the catalog assign to Dead Man Walking?,index:movies/0/23e846631f1dfa67910e88b9,0
What genres is Mortal Kombat (1995) categorized under?,index:movies/0/441563c6ac8a1a0b6a74ff2f,0
What genres is Mortal Kombat (1995) categorized under?,index:movies/0/e0d04159410e2cc61d5eae90,0
What genres is Mortal Kombat (1995) categorized under?,index:movies/0/4a2cde3c61ab390b3277f38b,0
What genres is Mortal Kombat (1995) categorized under?,index:movies/0/9381fc931344c9392772adb2,0
"Is Mortal Kombat (1995) described as action, adventure, and fantasy?",index:movies/0/022898bb823d1eb25bba1352,0
"Is Mortal Kombat (1995) described as action, adventure, and fantasy?",index:movies/0/08bf786ccfd5fe76fd472716,0
Which year is shown in the title Mortal Kombat (1995) in the document?,index:movies/0/200681417535c0aafd182c44,0
Which year is shown in the title Mortal Kombat (1995) in the document?,index:movies/0/4c0cfccba82f5166738b376b,0
Which year is shown in the title Mortal Kombat (1995) in the document?,index:movies/0/7990ad08919a76db0ffab063,0
Which year is shown in the title Mortal Kombat (1995) in the document?,index:movies/0/2bbcd483a4f70ba72e4cb153,0
How is the film Mortal Kombat (1995) titled in the document?,index:movies/0/4c0cfccba82f5166738b376b,0
How is the film Mortal Kombat (1995) titled in the document?,index:movies/0/7990ad08919a76db0ffab063,0
How is the film Mortal Kombat (1995) titled in the document?,index:movies/0/3d839281f04d854a819065ab,0
How is the film Mortal Kombat (1995) titled in the document?,index:movies/0/2bbcd483a4f70ba72e4cb153,0
"Which film in the document has the genres Action, Adventure, and Fantasy?",index:movies/0/2e3d2c4fe662c13bc55c2ef6,0
"Which film in the document has the genres Action, Adventure, and Fantasy?",index:movies/0/48c8c39671451c1e715b0e5d,0
"Which film in the document has the genres Action, Adventure, and Fantasy?",index:movies/0/781877bda245c08b087162c0,0
What is the full title of the movie released in 1995 that’s included in the document?,index:movies/0/61d009dab20c7022b797142b,0
What is the full title of the movie released in 1995 that’s included in the document?,index:movies/0/f01640155c80390d903a4129,0
What is the full title of the movie released in 1995 that’s included in the document?,index:movies/0/b52340b4bce5639b35547c9d,0
What is the full title of the movie released in 1995 that’s included in the document?,index:movies/0/1ecbc83ec6ee0414426c39f6,0
"If I want a 1995 film called Mortal Kombat, what genres should I expect according to the document?",index:movies/0/ff84a9f3ac6e3e8f96f1ad7a,0
"If I want a 1995 film called Mortal Kombat, what genres should I expect according to the document?",index:movies/0/7b1ce3d7df11b0ff08849177,0
"If I want a 1995 film called Mortal Kombat, what genres should I expect according to the document?",index:movies/0/707e46ef5bafccc34d9a1f15,0
"If I want a 1995 film called Mortal Kombat, what genres should I expect according to the document?",index:movies/0/92af93f704c7e0e0f5149e3e,0
Which genres are listed for Richard III (1995)?,index:movies/0/daca9fa0fffb83998834db8c,0
Which genres are listed for Richard III (1995)?,index:movies/0/777669af48fa8ddea01d08ad,0
Which genres are listed for Richard III (1995)?,index:movies/0/bfb7030b6132ad6dc575079f,0
"When did How to Make an American Quilt come out, and what genres is it categorized under?",index:movies/0/818f4654d91bbc2645ce372a,0
"When did How to Make an American Quilt come out, and what genres is it categorized under?",index:movies/0/5abdf8b81e1010fc09da12ad,0
"When did How to Make an American Quilt come out, and what genres is it categorized under?",index:movies/0/112e9d67cdf059519e7cdcc7,0
"When did How to Make an American Quilt come out, and what genres is it categorized under?",index:movies/0/a8ef1979ccd5efba9ec08f38,0
What genre classifications does How to Make an American Quilt have?,index:movies/0/2a34abd61c7a37bc9c0f365a,0
What genre classifications does How to Make an American Quilt have?,index:movies/0/acf4b89deac89d5a945ee960,0
What genre classifications does How to Make an American Quilt have?,index:movies/0/b2bbe583a5f1e22d13ddd51f,0
Is How to Make an American Quilt considered both a drama and a romance movie?,index:movies/0/2b1905b55b130f9ea8381dc6,0
Is How to Make an American Quilt considered both a drama and a romance movie?,index:movies/0/37ecd276b89f4fdafdc7b35d,0
Is How to Make an American Quilt considered both a drama and a romance movie?,index:movies/0/ca0d22d35ade1ed5be1d1961,0
Tell me about the 1995 movie How to Make an American Quilt.,index:movies/0/84d9ee44c1bedf6853f8f15e,0
Tell me about the 1995 movie How to Make an American Quilt.,index:movies/0/3a066bda855f5a26578bdeb2,0
Tell me about the 1995 movie How to Make an American Quilt.,index:movies/0/295d8c944b993ba4666c06fc,0
What is the exact film name and release year shown for the Drama and War entry in the document?,index:movies/0/e9b82e4d10946d7000b01781,2
What is the exact film name and release year shown for the Drama and War entry in the document?,index:movies/0/7cda6d95c05a49fc9d10f29e,0
What is the exact film name and release year shown for the Drama and War entry in the document?,index:movies/0/0fb630b865936613fcebd94d,0
What is the exact film name and release year shown for the Drama and War entry in the document?,index:movies/0/0a45c33e781e460878642e9b,0
What year was How to Make an American Quilt released and which genres does it belong to?,index:movies/0/0bb4aec1aa41732ce2efefec,0
What year was How to Make an American Quilt released and which genres does it belong to?,index:movies/0/c0356641c863bf98a6791359,0
What year was How to Make an American Quilt released and which genres does it belong to?,index:movies/0/3d91fffb323f0f806ae19f57,0
What exactly are the genres listed for Mortal Kombat (1995) in this document?,index:movies/0/59dfa2df021e5c4ab505c59d,0
What exactly are the genres listed for Mortal Kombat (1995) in this document?,index:movies/0/8d6dc35e884c595f791e348c,0
What exactly are the genres listed for Mortal Kombat (1995) in this document?,index:movies/0/3980c69ac5488c8bcd627f70,0
What exactly are the genres listed for Mortal Kombat (1995) in this document?,index:movies/0/dc1d022f4eb8a30014fdf200,0
Describe the genre profile of How to Make an American Quilt.,index:movies/0/0531f4655e1b6cc041f411dd,0
Describe the genre profile of How to Make an American Quilt.,index:movies/0/ef2e814b366c1c41d1f73e10,0
Describe the genre profile of How to Make an American Quilt.,index:movies/0/70162fe697d9bfb9965c278c,0
Which film titled How to Make an American Quilt is associated with the drama and romance genres?,index:movies/0/818f4654d91bbc2645ce372a,0
Which film titled How to Make an American Quilt is associated with the drama and romance genres?,index:movies/0/ca0d22d35ade1ed5be1d1961,0
Which film titled How to Make an American Quilt is associated with the drama and romance genres?,index:movies/0/a8ef1979ccd5efba9ec08f38,0
What genres is Clueless (1995) listed under in this document?,index:movies/0/80a160ff7818fc225307ff40,0
What genres is Clueless (1995) listed under in this document?,index:movies/0/48c8c39671451c1e715b0e5d,0
What genres is Clueless (1995) listed under in this document?,index:movies/0/d28d296bd433e7603a0e1c78,0
What genres is Clueless (1995) listed under in this document?,index:movies/0/fb69e08f6baa777e854e1894,0
What is the document ID for the Clueless movie entry?,index:movies/0/48c8c39671451c1e715b0e5d,0
What is the document ID for the Clueless movie entry?,index:movies/0/4206e389e1725d7668d032c6,0
What is the document ID for the Clueless movie entry?,index:movies/0/bb073f283c433b5e65199779,0
What is the document ID for the Clueless movie entry?,index:movies/0/c2626d850c47f192dc0bacbf,0
What is the exact title of the movie associated with the ID id:movies:movie::39?,index:movies/0/6e894c0b76ede93f2d0b3ec2,0
What is the exact title of the movie associated with the ID id:movies:movie::39?,index:movies/0/26407acdeaa3121917d79a85,0
What is the exact title of the movie associated with the ID id:movies:movie::39?,index:movies/0/731d62e3a8a7b3e8e857ca11,0
What is the exact title of the movie associated with the ID id:movies:movie::39?,index:movies/0/51425b75a9fbf813b58bbb86,0
"Does this record indicate that Clueless (1995) falls under comedy, romance, or both?",index:movies/0/75e3b8370370f406ec3c3293,0
"Does this record indicate that Clueless (1995) falls under comedy, romance, or both?",index:movies/0/43dd49b48d7c80100064f54c,0
"Does this record indicate that Clueless (1995) falls under comedy, romance, or both?",index:movies/0/b4b301e4dc237c2fff136af8,0
"Does this record indicate that Clueless (1995) falls under comedy, romance, or both?",index:movies/0/b9a08f4baa46c396c9c2a74a,0
What year is included in the Clueless title in this dataset?,index:movies/0/26511c84c26d9ecc0aa0e597,0
What year is included in the Clueless title in this dataset?,index:movies/0/f576be8a1f0b42591317838f,0
What year is included in the Clueless title in this dataset?,index:movies/0/ae5e3ce4ebba87e6d2bd962d,0
What year is included in the Clueless title in this dataset?,index:movies/0/e93028bd9857ef7c2f3388e3,0
What genres is When Night Is Falling categorized under?,index:movies/0/4d702022db34db2a050a073a,0
What genres is When Night Is Falling categorized under?,index:movies/0/441563c6ac8a1a0b6a74ff2f,0
What genres is When Night Is Falling categorized under?,index:movies/0/86098ef8cad150a0446f9d69,0
"If I search for a 1995 romantic comedy in this document, would Clueless be a match?",index:movies/0/229754d7efefb3e52a8af900,0
"If I search for a 1995 romantic comedy in this document, would Clueless be a match?",index:movies/0/df5bb806f9602531f8bf35a0,0
"If I search for a 1995 romantic comedy in this document, would Clueless be a match?",index:movies/0/079937acc3213d70f21c5d13,0
"If I search for a 1995 romantic comedy in this document, would Clueless be a match?",index:movies/0/e93028bd9857ef7c2f3388e3,0
"Is To Die For (1995) a comedy, a drama, and a thriller?",index:movies/0/06baf7a4eb5b7133682a361b,0
"Is To Die For (1995) a comedy, a drama, and a thriller?",index:movies/0/643de7cf857f43428ed5c3f6,0
"Is To Die For (1995) a comedy, a drama, and a thriller?",index:movies/0/f74b1d1840dc22f7f4368cac,0
What are the genres of the film 'How to Make an American Quilt' released in 1995?,index:movies/0/fb69e08f6baa777e854e1894,0
What are the genres of the film 'How to Make an American Quilt' released in 1995?,index:movies/0/7f24d24028b8a193e1ff43f1,0
What are the genres of the film 'How to Make an American Quilt' released in 1995?,index:movies/0/75e3b8370370f406ec3c3293,0
Which movie entry has the document ID id:movies:movie::39 and what is its title?,index:movies/0/ff25de6e64a4a355c8039316,0
Which movie entry has the document ID id:movies:movie::39 and what is its title?,index:movies/0/2e3d2c4fe662c13bc55c2ef6,0
Which movie entry has the document ID id:movies:movie::39 and what is its title?,index:movies/0/eb9fc3496a7ac0e736ba7f40,0
Which movie entry has the document ID id:movies:movie::39 and what is its title?,index:movies/0/0fc170ec8af09ddbb79313ef,0
What genres are attached to the film titled Clueless (1995) in the entry?,index:movies/0/7990ad08919a76db0ffab063,0
What genres are attached to the film titled Clueless (1995) in the entry?,index:movies/0/c2626d850c47f192dc0bacbf,0
What genres are attached to the film titled Clueless (1995) in the entry?,index:movies/0/995f5e0314de463f945b05f4,0
What genres are attached to the film titled Clueless (1995) in the entry?,index:movies/0/4a64d9132b45d94bc34164a6,0
What is the exact movie title shown in the document?,index:movies/0/739cf5421474a4fac3a3c09f,2
What is the exact movie title shown in the document?,index:movies/0/7990ad08919a76db0ffab063,2
What is the exact movie title shown in the document?,index:movies/0/200681417535c0aafd182c44,2
What genres are listed for Shanghai Triad?,index:movies/0/92a4d8e655eae8a7152cc799,0
What genres are listed for Shanghai Triad?,index:movies/0/ab49ef788c7dbb25971c8351,0
What genres are listed for Shanghai Triad?,index:movies/0/a2d7a4a064f6f5f7456d170d,0
What genres are listed for Shanghai Triad?,index:movies/0/777669af48fa8ddea01d08ad,0
